[www.trekbrasilis.org/classico/index.html]
[backblue.gif]
[fade.gif]
[index.html]
[www.google-analytics.com/urchin.js]
[www.trekbrasilis.org/classico/logo.jpg]
[pagead2.googlesyndication.com/pagead/show_ads.js]
[www.trekbrasilis.org/classico/guia/index.html]
[www.trekbrasilis.org/classico/guia.jpg]
[www.trekbrasilis.org/classico/equipe/index.html]
[www.trekbrasilis.org/classico/equipe.jpg]
[www.trekbrasilis.org/classico/entretenimento/index.html]
[www.trekbrasilis.org/classico/entretenimento.jpg]
[www.trekbrasilis.org/classico/interacao/index.html]
[www.trekbrasilis.org/classico/interacao.jpg]
[www.trekbrasilis.org/classico/entrevistas/index.html]
[www.trekbrasilis.org/classico/entrevistas.jpg]
[www.trekbrasilis.org/classico/links/index.html]
[www.trekbrasilis.org/classico/links.jpg]
[www.trekbrasilis.org/classico/forum.jpg]
[www.trekbrasilis.org/classico/chat/index.html]
[www.trekbrasilis.org/classico/batepapo.jpg]
[www.trekbrasilis.org/classico/fundo1.gif]
[www.trekbrasilis.org/classico/fundodestaque.gif]
[www.trekbrasilis.org/classico/topodestaque.gif]
[www.trekbrasilis.org/classico/forum/index.16.delayed]
[www.trekbrasilis.org/classico/fundomenu.gif]
[www.trekbrasilis.org/classico/topobarra.gif]
[www.trekbrasilis.org/classico/breve.htm]
[www.trekbrasilis.org/classico/historia.gif]
[www.trekbrasilis.org/classico/tos/index.html]
[www.trekbrasilis.org/classico/tos.gif]
[www.trekbrasilis.org/classico/tas/index.html]
[www.trekbrasilis.org/classico/tas.gif]
[www.trekbrasilis.org/classico/fase2/index.html]
[www.trekbrasilis.org/classico/fii.gif]
[www.trekbrasilis.org/classico/tng/index.html]
[www.trekbrasilis.org/classico/tng.gif]
[www.trekbrasilis.org/classico/ds9/index.html]
[www.trekbrasilis.org/classico/ds9.gif]
[www.trekbrasilis.org/classico/voy/index.html]
[www.trekbrasilis.org/classico/voy.gif]
[www.trekbrasilis.org/classico/ent/index.html]
[www.trekbrasilis.org/classico/ent.gif]
[www.trekbrasilis.org/classico/filmes/index.html]
[www.trekbrasilis.org/classico/filmes.gif]
[www.trekbrasilis.org/classico/universo/index.html]
[www.trekbrasilis.org/classico/universo.gif]
[www.trekbrasilis.org/classico/enciclopedia/index.html]
[www.trekbrasilis.org/classico/enciclopedia.gif]
[www.trekbrasilis.org/classico/ficcao/index.html]
[www.trekbrasilis.org/classico/ficcao.gif]
[www.trekbrasilis.org/classico/ultimas.jpg]
[www.trekbrasilis.org/classico/fundobarra2.gif]
[www.trekbrasilis.org/classico/topobarra2.gif]
[www.trekbrasilis.org/classico/destaques.jpg]
[www.trekbrasilis.org/classico/universo/quadrinhos/startrekxmen.htm]
[www.trekbrasilis.org/classico/universo/quadrinhos/gorncrisis.htm]
[www.trekbrasilis.org/classico/universo/livros/tales.htm]
[www.trekbrasilis.org/classico/universo/livros/firstfrontier.htm]
[www.trekbrasilis.org/classico/newsletter.jpg]
[www.trekbrasilis.org/classico/assine.jpg]
[www.trekbrasilis.org/classico/linhaquente.jpg]
[www.trekbrasilis.org/classico/gifinvisivel.gif]
[www.trekbrasilis.org/classico/especialicone.jpg]
[www.trekbrasilis.org/classico/cgi-bin/news/viewnews-23028.3f.delayed]
[www.trekbrasilis.org/classico/filmesicone.jpg]
[www.trekbrasilis.org/classico/cgi-bin/news/viewnews-23050.41.delayed]
[www.trekbrasilis.org/classico/cgi-bin/news/viewnews-366.42.delayed]
[www.trekbrasilis.org/classico/interacaoicone.jpg]
[www.trekbrasilis.org/classico/cgi-bin/news/viewnews-57861.44.delayed]
[www.trekbrasilis.org/classico/cgi-bin/news/viewnews-53841.45.delayed]
[www.trekbrasilis.org/classico/cgi-bin/news/viewnews-63514.46.delayed]
[www.trekbrasilis.org/classico/cgi-bin/news/viewnews-6916.47.delayed]
[www.trekbrasilis.org/classico/cgi-bin/news/viewnews-26292.48.delayed]
[www.trekbrasilis.org/classico/geralicone.jpg]
[www.trekbrasilis.org/classico/cgi-bin/news/viewnews-11160.4a.delayed]
[www.trekbrasilis.org/classico/cgi-bin/news/viewnews-29546.4b.delayed]
[www.trekbrasilis.org/classico/cgi-bin/news/viewnews-17716.4c.delayed]
[www.trekbrasilis.org/classico/cgi-bin/news/viewnews-30948.4d.delayed]
[www.trekbrasilis.org/classico/cgi-bin/news/viewnews-13716.4e.delayed]
[www.trekbrasilis.org/classico/cgi-bin/news/viewnews-38878.4f.delayed]
[www.trekbrasilis.org/classico/cgi-bin/news/viewnews-26945.50.delayed]
[www.trekbrasilis.org/classico/cgi-bin/news/viewnews-3206.51.delayed]
[www.trekbrasilis.org/classico/cgi-bin/news/viewnews-54887.52.delayed]
[www.trekbrasilis.org/classico/cgi-bin/news/viewnews-43473.53.delayed]
[www.trekbrasilis.org/classico/cgi-bin/news/viewnews-7234.54.delayed]
[www.trekbrasilis.org/classico/cgi-bin/news/viewnews-49747.55.delayed]
[www.trekbrasilis.org/classico/cgi-bin/news/viewnews-2490.56.delayed]
[www.trekbrasilis.org/classico/cgi-bin/news/viewnews-19775.57.delayed]
[www.trekbrasilis.org/classico/cgi-bin/news/viewnews-49641.58.delayed]
[www.trekbrasilis.org/classico/cgi-bin/news/viewnews-43611.59.delayed]
[www.trekbrasilis.org/classico/cgi-bin/news/viewnews-16946.5a.delayed]
[www.trekbrasilis.org/classico/cgi-bin/news/viewnews-50281.5b.delayed]
[www.trekbrasilis.org/classico/cgi-bin/news/viewnews-20108.5c.delayed]
[www.trekbrasilis.org/classico/cgi-bin/news/archives-12264.5d.delayed]
[s14.sitemeter.com/meter308b.gif]
[www.trekbrasilis.org/classico/pebarra.gif]
[www.trekbrasilis.org/classico/pepagina.gif]
[www.trekbrasilis.org/classico/index.html]
[www.trekbrasilis.org/classico/index-2.html]
[www.trekbrasilis.org/classico/guia/guialogo.jpg]
[www.trekbrasilis.org/classico/guia/index.htm]
[www.trekbrasilis.org/classico/guia/guiatitulo.gif]
[www.trekbrasilis.org/classico/equipe/o.gif]
[www.trekbrasilis.org/classico/guia/guiaimagem.jpg]
[www.trekbrasilis.org/classico/guia/design.htm]
[www.trekbrasilis.org/classico/guia/design.jpg]
[www.trekbrasilis.org/classico/guia/historia.htm]
[www.trekbrasilis.org/classico/guia/historia.jpg]
[www.trekbrasilis.org/classico/guia/mapa.htm]
[www.trekbrasilis.org/classico/guia/mapa.jpg]
[www.trekbrasilis.org/classico/guia/glossario.htm]
[www.trekbrasilis.org/classico/guia/glossario.jpg]
[www.trekbrasilis.org/classico/guia/index.html]
[www.trekbrasilis.org/classico/equipe/equipelogo.jpg]
[www.trekbrasilis.org/classico/equipe/equipetitulo.gif]
[www.trekbrasilis.org/classico/equipe/equipeimagem.jpg]
[www.trekbrasilis.org/classico/equipe/snogueira.jpg]
[www.trekbrasilis.org/classico/sn/rumoaoinfinito/index.html]
[www.trekbrasilis.org/classico/sn/cwsd/index.html]
[www.trekbrasilis.org/classico/equipe/fpenteriche2.jpg]
[www.trekbrasilis.org/classico/equipe/dsasaki.jpg]
[www.trekbrasilis.org/classico/cgi-bin/news/viewnews-2986.7f.delayed]
[www.trekbrasilis.org/classico/equipe/mpedroso.jpg]
[www.trekbrasilis.org/classico/entretenimento/fanfics/index.html]
[www.trekbrasilis.org/classico/entretenimento/satiras/index.html]
[www.trekbrasilis.org/classico/equipe/frodrigues.jpg]
[www.trekbrasilis.org/classico/equipe/lfelipe.jpg]
[www.trekbrasilis.org/classico/equipe/ralph.jpg]
[www.trekbrasilis.org/classico/equipe/ndoria.jpg]
[www.trekbrasilis.org/classico/equipe/lcastanheira.jpg]
[www.trekbrasilis.org/classico/equipe/lmartins.jpg]
[www.trekbrasilis.org/classico/entretenimento/fanfics/earthdc.htm]
[www.trekbrasilis.org/classico/equipe/csilveira.jpg]
[www.trekbrasilis.org/classico/equipe/csantos.jpg]
[www.trekbrasilis.org/classico/equipe/gleao.jpg]
[www.trekbrasilis.org/classico/equipe/abortuluci.jpg]
[www.trekbrasilis.org/classico/equipe/index.html]
[www.trekbrasilis.org/classico/entretenimento/entretenimentologo.jpg]
[www.trekbrasilis.org/classico/entretenimento/index.htm]
[www.trekbrasilis.org/classico/entretenimento/entretenimentotitulo.gif]
[www.trekbrasilis.org/classico/entretenimento/entretenimentoimagem.jpg]
[www.trekbrasilis.org/classico/entretenimento/sevtrek.jpg]
[www.trekbrasilis.org/classico/entretenimento/trivia/index.html]
[www.trekbrasilis.org/classico/entretenimento/trivia.jpg]
[www.trekbrasilis.org/classico/entretenimento/porthos/index.html]
[www.trekbrasilis.org/classico/entretenimento/porthos.jpg]
[www.trekbrasilis.org/classico/entretenimento/fanfics.jpg]
[www.trekbrasilis.org/classico/entretenimento/satiras.jpg]
[www.trekbrasilis.org/classico/entretenimento/index.html]
[www.trekbrasilis.org/classico/interacao/interacaologo.jpg]
[www.trekbrasilis.org/classico/interacao/index.htm]
[www.trekbrasilis.org/classico/interacao/interacaotitulo.gif]
[www.trekbrasilis.org/classico/interacao/interacaoimagem.jpg]
[www.trekbrasilis.org/classico/interacao/linhaquente.jpg]
[www.trekbrasilis.org/classico/interacao/incubadora.htm]
[www.trekbrasilis.org/classico/interacao/agenda.jpg]
[www.trekbrasilis.org/classico/interacao/newsletter.jpg]
[www.trekbrasilis.org/classico/interacao/enquete.jpg]
[www.trekbrasilis.org/classico/interacao/forum.jpg]
[www.trekbrasilis.org/classico/interacao/batepapo.jpg]
[www.trekbrasilis.org/classico/interacao/index.html]
[www.trekbrasilis.org/classico/entrevistas/index.htm]
[www.trekbrasilis.org/classico/entrevistas/entrevistastitulo.gif]
[www.trekbrasilis.org/classico/entrevistas/d.gif]
[www.trekbrasilis.org/classico/entrevistas/entrevistasimagem.jpg]
[www.trekbrasilis.org/classico/entrevistas/entrevista19.htm]
[www.trekbrasilis.org/classico/entrevistas/entrevista18.htm]
[www.trekbrasilis.org/classico/entrevistas/entrevista17.htm]
[www.trekbrasilis.org/classico/entrevistas/entrevista16.htm]
[www.trekbrasilis.org/classico/entrevistas/entrevista15.htm]
[www.trekbrasilis.org/classico/entrevistas/entrevista14.htm]
[www.trekbrasilis.org/classico/entrevistas/entrevista12.htm]
[www.trekbrasilis.org/classico/entrevistas/entrevista11.htm]
[www.trekbrasilis.org/classico/entrevistas/entrevista13.htm]
[www.trekbrasilis.org/classico/entrevistas/entrevista10.htm]
[www.trekbrasilis.org/classico/entrevistas/entrevista9.htm]
[www.trekbrasilis.org/classico/entrevistas/entrevista8.htm]
[www.trekbrasilis.org/classico/entrevistas/entrevista6.htm]
[www.trekbrasilis.org/classico/entrevistas/entrevista5.htm]
[www.trekbrasilis.org/classico/entrevistas/entrevista4.htm]
[www.trekbrasilis.org/classico/entrevistas/entrevista3.htm]
[www.trekbrasilis.org/classico/entrevistas/entrevista2.htm]
[www.trekbrasilis.org/classico/entrevistas/entrevista1.htm]
[www.trekbrasilis.org/classico/entrevistas/index.html]
[www.trekbrasilis.org/classico/links/linkslogo.jpg]
[www.trekbrasilis.org/classico/links/linkstitulo.gif]
[www.trekbrasilis.org/classico/links/linksimagem.jpg]
[www.trekbrasilis.org/classico/links/index.html]
[www.trekbrasilis.net/forum/index.html]
[www.trekbrasilis.org/classico/chat/function.c3.delayed]
[www.trekbrasilis.org/classico/chat/index.html]
[www.trekbrasilis.org/classico/forum/index.html]
[www.trekbrasilis.org/classico/brevelogo.jpg]
[www.trekbrasilis.org/classico/s.gif]
[www.trekbrasilis.org/classico/breveimagem.jpg]
[www.trekbrasilis.org/classico/tos/episodios/tos01.htm]
[www.trekbrasilis.org/classico/tos/episodios/tos02.htm]
[www.trekbrasilis.org/classico/breve1.jpg]
[www.trekbrasilis.org/classico/breve2.jpg]
[www.trekbrasilis.org/classico/breve3.jpg]
[www.trekbrasilis.org/classico/breve4.jpg]
[www.trekbrasilis.org/classico/breve5.jpg]
[www.trekbrasilis.org/classico/breve6.jpg]
[www.trekbrasilis.org/classico/breve.htm]
[www.trekbrasilis.org/classico/tos/e.gif]
[www.trekbrasilis.org/classico/tos/frotacomando.gif]
[www.trekbrasilis.org/classico/tos/breve.htm]
[www.trekbrasilis.org/classico/tos/tosbridge.jpg]
[www.trekbrasilis.org/classico/tos/spock.gif]
[www.trekbrasilis.org/classico/tos/mccoy.gif]
[www.trekbrasilis.org/classico/tos/scotty.gif]
[www.trekbrasilis.org/classico/tos/sulu.gif]
[www.trekbrasilis.org/classico/tos/chekov.gif]
[www.trekbrasilis.org/classico/tos/uhura.gif]
[www.trekbrasilis.org/classico/tos/colunatitulo.jpg]
[www.trekbrasilis.org/classico/tos/coluna/index.htm]
[www.trekbrasilis.org/classico/tos/coluna/arquivo.htm]
[www.trekbrasilis.org/classico/tos/episodios.gif]
[www.trekbrasilis.org/classico/tos/episodios/index.htm]
[www.trekbrasilis.org/classico/tos/episodios.jpg]
[www.trekbrasilis.org/classico/tos/producao.gif]
[www.trekbrasilis.org/classico/tos/producao/index.htm]
[www.trekbrasilis.org/classico/tos/producao.jpg]
[www.trekbrasilis.org/classico/tos/universo.gif]
[www.trekbrasilis.org/classico/tos/universo/index.htm]
[www.trekbrasilis.org/classico/tos/universo.jpg]
[www.trekbrasilis.org/classico/tos/especiais.gif]
[www.trekbrasilis.org/classico/tos/especiais/index.htm]
[www.trekbrasilis.org/classico/tos/especiais.jpg]
[www.trekbrasilis.org/classico/tos/index.html]
[www.trekbrasilis.org/classico/tas/taslogo.jpg]
[www.trekbrasilis.org/classico/tas/a.gif]
[www.trekbrasilis.org/classico/tas/frotacomando.gif]
[www.trekbrasilis.org/classico/tas/breve.htm]
[www.trekbrasilis.org/classico/tas/index.htm]
[www.trekbrasilis.org/classico/tas/kirk.gif]
[www.trekbrasilis.org/classico/tas/spock.gif]
[www.trekbrasilis.org/classico/tas/mccoy.gif]
[www.trekbrasilis.org/classico/tas/episodios.gif]
[www.trekbrasilis.org/classico/tas/episodios/index.html]
[www.trekbrasilis.org/classico/tas/episodios.jpg]
[www.trekbrasilis.org/classico/tas/especiais.jpg]
[www.trekbrasilis.org/classico/tas/especialdvd.jpg]
[www.trekbrasilis.org/classico/tas/dvds.htm]
[www.trekbrasilis.org/classico/tas/index.html]
[www.trekbrasilis.org/classico/fase2/fase2logo.jpg]
[www.trekbrasilis.org/classico/fase2/fase2titulo.gif]
[www.trekbrasilis.org/classico/fase2/frotacomando.gif]
[www.trekbrasilis.org/classico/fase2/fase2bridge.jpg]
[www.trekbrasilis.org/classico/fase2/index.htm]
[www.trekbrasilis.org/classico/fase2/kirk.gif]
[www.trekbrasilis.org/classico/fase2/xon.gif]
[www.trekbrasilis.org/classico/fase2/decker.gif]
[www.trekbrasilis.org/classico/fase2/mccoy.gif]
[www.trekbrasilis.org/classico/fase2/ilia.gif]
[www.trekbrasilis.org/classico/fase2/cap1.htm]
[www.trekbrasilis.org/classico/fase2/cap1.jpg]
[www.trekbrasilis.org/classico/fase2/cap2.htm]
[www.trekbrasilis.org/classico/fase2/cap2.jpg]
[www.trekbrasilis.org/classico/fase2/cap3.htm]
[www.trekbrasilis.org/classico/fase2/cap3.jpg]
[www.trekbrasilis.org/classico/fase2/cap4.htm]
[www.trekbrasilis.org/classico/fase2/cap4.jpg]
[www.trekbrasilis.org/classico/fase2/khambatta.htm]
[www.trekbrasilis.org/classico/fase2/khambatta.jpg]
[www.trekbrasilis.org/classico/fase2/index.html]
[www.trekbrasilis.org/classico/tng/tnglogo.jpg]
[www.trekbrasilis.org/classico/tng/tngtitulo.gif]
[www.trekbrasilis.org/classico/tng/c.gif]
[www.trekbrasilis.org/classico/tng/frotacomando.gif]
[www.trekbrasilis.org/classico/tng/breve.htm]
[www.trekbrasilis.org/classico/tng/tngbridge.jpg]
[www.trekbrasilis.org/classico/tng/index.htm]
[www.trekbrasilis.org/classico/tng/picard.gif]
[www.trekbrasilis.org/classico/tng/riker.gif]
[www.trekbrasilis.org/classico/tng/data.gif]
[www.trekbrasilis.org/classico/tng/worf.gif]
[www.trekbrasilis.org/classico/tng/troi.gif]
[www.trekbrasilis.org/classico/tng/crusher.gif]
[www.trekbrasilis.org/classico/tng/geordi.gif]
[www.trekbrasilis.org/classico/tng/colunatitulo.jpg]
[www.trekbrasilis.org/classico/tng/coluna/index.htm]
[www.trekbrasilis.org/classico/tng/coluna/arquivo.htm]
[www.trekbrasilis.org/classico/tng/episodios.gif]
[www.trekbrasilis.org/classico/tng/episodios/index.htm]
[www.trekbrasilis.org/classico/tng/episodios.jpg]
[www.trekbrasilis.org/classico/tng/producao.gif]
[www.trekbrasilis.org/classico/tng/producao/index.htm]
[www.trekbrasilis.org/classico/tng/producao.jpg]
[www.trekbrasilis.org/classico/tng/universo.gif]
[www.trekbrasilis.org/classico/tng/universo/index.htm]
[www.trekbrasilis.org/classico/tng/universo.jpg]
[www.trekbrasilis.org/classico/tng/especiais.gif]
[www.trekbrasilis.org/classico/tng/especiais/index.htm]
[www.trekbrasilis.org/classico/tng/especiais.jpg]
[www.trekbrasilis.org/classico/tng/index.html]
[www.trekbrasilis.org/classico/ds9/ds9logo.jpg]
[www.trekbrasilis.org/classico/ds9/ds9titulo.gif]
[www.trekbrasilis.org/classico/voy/c.gif]
[www.trekbrasilis.org/classico/ds9/bajorcomando.gif]
[www.trekbrasilis.org/classico/ds9/breve.htm]
[www.trekbrasilis.org/classico/ds9/ds9ops.jpg]
[www.trekbrasilis.org/classico/ds9/index.htm]
[www.trekbrasilis.org/classico/ds9/sisko.gif]
[www.trekbrasilis.org/classico/ds9/kira.gif]
[www.trekbrasilis.org/classico/ds9/odo.gif]
[www.trekbrasilis.org/classico/ds9/dax.gif]
[www.trekbrasilis.org/classico/ds9/obrien.gif]
[www.trekbrasilis.org/classico/ds9/quark.gif]
[www.trekbrasilis.org/classico/ds9/colunatitulo.jpg]
[www.trekbrasilis.org/classico/ds9/coluna/arquivo.htm]
[www.trekbrasilis.org/classico/ds9/episodios.gif]
[www.trekbrasilis.org/classico/ds9/episodios/index.htm]
[www.trekbrasilis.org/classico/ds9/episodios.jpg]
[www.trekbrasilis.org/classico/ds9/producao.gif]
[www.trekbrasilis.org/classico/ds9/producao/index.htm]
[www.trekbrasilis.org/classico/ds9/producao.jpg]
[www.trekbrasilis.org/classico/ds9/universo.gif]
[www.trekbrasilis.org/classico/ds9/universo/index.htm]
[www.trekbrasilis.org/classico/ds9/universo.jpg]
[www.trekbrasilis.org/classico/ds9/especiais.gif]
[www.trekbrasilis.org/classico/ds9/especiais/index.htm]
[www.trekbrasilis.org/classico/ds9/especiais.jpg]
[www.trekbrasilis.org/classico/ds9/index.html]
[www.trekbrasilis.org/classico/voy/voylogo.jpg]
[www.trekbrasilis.org/classico/voy/voytitulo.gif]
[www.trekbrasilis.org/classico/voy/frotacomando.gif]
[www.trekbrasilis.org/classico/voy/breve.htm]
[www.trekbrasilis.org/classico/voy/voybridge.jpg]
[www.trekbrasilis.org/classico/voy/janeway.gif]
[www.trekbrasilis.org/classico/voy/chakotay.gif]
[www.trekbrasilis.org/classico/voy/tuvok.gif]
[www.trekbrasilis.org/classico/voy/paris.gif]
[www.trekbrasilis.org/classico/voy/torres.gif]
[www.trekbrasilis.org/classico/voy/doutor.gif]
[www.trekbrasilis.org/classico/voy/colunatitulo.jpg]
[www.trekbrasilis.org/classico/voy/coluna/arquivo.htm]
[www.trekbrasilis.org/classico/voy/episodios.gif]
[www.trekbrasilis.org/classico/voy/episodios/index.htm]
[www.trekbrasilis.org/classico/voy/producao.gif]
[www.trekbrasilis.org/classico/voy/producao/index.htm]
[www.trekbrasilis.org/classico/voy/producao.jpg]
[www.trekbrasilis.org/classico/voy/universo/index.htm]
[www.trekbrasilis.org/classico/voy/universo.jpg]
[www.trekbrasilis.org/classico/voy/especiais.gif]
[www.trekbrasilis.org/classico/voy/especiais/index.htm]
[www.trekbrasilis.org/classico/voy/especiais.jpg]
[www.trekbrasilis.org/classico/voy/index.html]
[www.trekbrasilis.org/classico/ent/entlogo.jpg]
[www.trekbrasilis.org/classico/ent/enttitulo.gif]
[www.trekbrasilis.org/classico/ent/e.gif]
[www.trekbrasilis.org/classico/ent/enterprisepatch.gif]
[www.trekbrasilis.org/classico/ent/breve.htm]
[www.trekbrasilis.org/classico/ent/entbridge.jpg]
[www.trekbrasilis.org/classico/ent/index.htm]
[www.trekbrasilis.org/classico/ent/archer.gif]
[www.trekbrasilis.org/classico/ent/tucker.gif]
[www.trekbrasilis.org/classico/ent/reed.gif]
[www.trekbrasilis.org/classico/ent/phlox.gif]
[www.trekbrasilis.org/classico/ent/sato.gif]
[www.trekbrasilis.org/classico/ent/mayweather.gif]
[www.trekbrasilis.org/classico/ent/colunatitulo.jpg]
[www.trekbrasilis.org/classico/ent/coluna/index.htm]
[www.trekbrasilis.org/classico/ent/coluna/arquivo.htm]
[www.trekbrasilis.org/classico/ent/episodios.gif]
[www.trekbrasilis.org/classico/ent/episodios/index.htm]
[www.trekbrasilis.org/classico/ent/episodios.jpg]
[www.trekbrasilis.org/classico/ent/producao.gif]
[www.trekbrasilis.org/classico/ent/producao/index.htm]
[www.trekbrasilis.org/classico/ent/producao.jpg]
[www.trekbrasilis.org/classico/ent/universo.gif]
[www.trekbrasilis.org/classico/ent/universo/index.htm]
[www.trekbrasilis.org/classico/ent/universo.jpg]
[www.trekbrasilis.org/classico/ent/especiais.gif]
[www.trekbrasilis.org/classico/ent/especiais/index.htm]
[www.trekbrasilis.org/classico/ent/especiais.jpg]
[www.trekbrasilis.org/classico/ent/index.html]
[www.trekbrasilis.org/classico/filmes/filmeslogo.jpg]
[www.trekbrasilis.org/classico/filmes/filmestitulo.gif]
[www.trekbrasilis.org/classico/filmes/a.gif]
[www.trekbrasilis.org/classico/filmes/frotacomando.gif]
[www.trekbrasilis.org/classico/filmes/breve.htm]
[www.trekbrasilis.org/classico/filmes/filmesbridge.jpg]
[www.trekbrasilis.org/classico/filmes/index.htm]
[www.trekbrasilis.org/classico/filmes/kirk.gif]
[www.trekbrasilis.org/classico/filmes/picard.gif]
[www.trekbrasilis.org/classico/filmes/spock.gif]
[www.trekbrasilis.org/classico/filmes/riker.gif]
[www.trekbrasilis.org/classico/filmes/mccoy.gif]
[www.trekbrasilis.org/classico/filmes/data.gif]
[www.trekbrasilis.org/classico/filmes/scotty.gif]
[www.trekbrasilis.org/classico/filmes/colunatitulo.jpg]
[www.trekbrasilis.org/classico/filmes/coluna/arquivo.htm]
[www.trekbrasilis.org/classico/filmes/episodios.gif]
[www.trekbrasilis.org/classico/filmes/episodios/index.html]
[www.trekbrasilis.org/classico/filmes/episodios.jpg]
[www.trekbrasilis.org/classico/filmes/producao.gif]
[www.trekbrasilis.org/classico/filmes/producao/index.htm]
[www.trekbrasilis.org/classico/filmes/producao.jpg]
[www.trekbrasilis.org/classico/filmes/universo.gif]
[www.trekbrasilis.org/classico/filmes/universo.jpg]
[www.trekbrasilis.org/classico/filmes/especiais.gif]
[www.trekbrasilis.org/classico/filmes/especiais/index.htm]
[www.trekbrasilis.org/classico/filmes/especiais.jpg]
[www.trekbrasilis.org/classico/filmes/index.html]
[www.trekbrasilis.org/classico/universo/universologo.jpg]
[www.trekbrasilis.org/classico/universo/b.gif]
[www.trekbrasilis.org/classico/universo/quark.jpg]
[www.trekbrasilis.org/classico/universo/universoimagem.jpg]
[www.trekbrasilis.org/classico/universo/index.htm]
[www.trekbrasilis.org/classico/universo/livros.gif]
[www.trekbrasilis.org/classico/universo/livros/index.html]
[www.trekbrasilis.org/classico/universo/livros.jpg]
[www.trekbrasilis.org/classico/universo/quadrinhos.gif]
[www.trekbrasilis.org/classico/universo/quadrinhos/index.html]
[www.trekbrasilis.org/classico/universo/quadrinhos.jpg]
[www.trekbrasilis.org/classico/universo/games.gif]
[www.trekbrasilis.org/classico/universo/games.jpg]
[www.trekbrasilis.org/classico/universo/memorabilia.jpg]
[www.trekbrasilis.org/classico/universo/index.html]
[www.trekbrasilis.org/classico/enciclopedia/enciclopediatitulo.gif]
[www.trekbrasilis.org/classico/enciclopedia/enciclopedia.jpg]
[www.trekbrasilis.org/classico/enciclopedia/enciclopediaimagem.jpg]
[www.trekbrasilis.org/classico/enciclopedia/index.htm]
[www.trekbrasilis.org/classico/enciclopedia/alogo.jpg]
[www.trekbrasilis.org/classico/enciclopedia/blogo.jpg]
[www.trekbrasilis.org/classico/enciclopedia/clogo.jpg]
[www.trekbrasilis.org/classico/enciclopedia/dlogo.jpg]
[www.trekbrasilis.org/classico/enciclopedia/elogo.jpg]
[www.trekbrasilis.org/classico/enciclopedia/flogo.jpg]
[www.trekbrasilis.org/classico/enciclopedia/glogo.jpg]
[www.trekbrasilis.org/classico/enciclopedia/hlogo.jpg]
[www.trekbrasilis.org/classico/enciclopedia/ilogo.jpg]
[www.trekbrasilis.org/classico/enciclopedia/jlogo.jpg]
[www.trekbrasilis.org/classico/enciclopedia/klogo.jpg]
[www.trekbrasilis.org/classico/enciclopedia/llogo.jpg]
[www.trekbrasilis.org/classico/enciclopedia/mlogo.jpg]
[www.trekbrasilis.org/classico/enciclopedia/nlogo.jpg]
[www.trekbrasilis.org/classico/enciclopedia/ologo.jpg]
[www.trekbrasilis.org/classico/enciclopedia/plogo.jpg]
[www.trekbrasilis.org/classico/enciclopedia/qlogo.jpg]
[www.trekbrasilis.org/classico/enciclopedia/rlogo.jpg]
[www.trekbrasilis.org/classico/enciclopedia/slogo.jpg]
[www.trekbrasilis.org/classico/enciclopedia/tlogo.jpg]
[www.trekbrasilis.org/classico/enciclopedia/ulogo.jpg]
[www.trekbrasilis.org/classico/enciclopedia/vlogo.jpg]
[www.trekbrasilis.org/classico/enciclopedia/wlogo.jpg]
[www.trekbrasilis.org/classico/enciclopedia/xlogo.jpg]
[www.trekbrasilis.org/classico/enciclopedia/ylogo.jpg]
[www.trekbrasilis.org/classico/enciclopedia/zlogo.jpg]
[www.trekbrasilis.org/classico/enciclopedia/sec20logo.jpg]
[www.trekbrasilis.org/classico/enciclopedia/sec21logo.jpg]
[www.trekbrasilis.org/classico/enciclopedia/sec22logo.jpg]
[www.trekbrasilis.org/classico/enciclopedia/sec23logo.jpg]
[www.trekbrasilis.org/classico/enciclopedia/sec24logo.jpg]
[www.trekbrasilis.org/classico/enciclopedia/index.html]
[www.trekbrasilis.org/classico/ficcao/ficcaologo.jpg]
[www.trekbrasilis.org/classico/ficcao/ficcaotitulo.gif]
[www.trekbrasilis.org/classico/ficcao/breve.gif]
[www.trekbrasilis.org/classico/ficcao/ficcaoimagem.jpg]
[www.trekbrasilis.org/classico/ficcao/index.htm]
[www.trekbrasilis.org/classico/ficcao/index.html]
[www.trekbrasilis.net/forum/topics_anywhere1478.html]
[www.trekbrasilis.org/classico/universo/quadrinhos/index.htm]
[www.trekbrasilis.org/classico/universo/quadrinhos/inglestitulo.jpg]
[www.trekbrasilis.org/classico/universo/quadrinhos/startrekxmen03.jpg]
[www.trekbrasilis.org/classico/tos/especiais/leao13.htm]
[www.trekbrasilis.org/classico/universo/quadrinhos/ev.htm]
[www.trekbrasilis.org/classico/universo/quadrinhos/startrekxmen04.jpg]
[www.trekbrasilis.org/classico/universo/quadrinhos/startrekxmen02.jpg]
[www.trekbrasilis.org/classico/universo/quadrinhos/startrekxmen06.jpg]
[www.trekbrasilis.org/classico/universo/quadrinhos/startrekxmen.htm]
[www.trekbrasilis.org/classico/universo/quadrinhos/gorncrisis4.jpg]
[www.trekbrasilis.org/classico/universo/quadrinhos/gorncrisis.htm]
[www.trekbrasilis.org/classico/universo/livros/index.htm]
[www.trekbrasilis.org/classico/universo/livros/inglestitulo.jpg]
[www.trekbrasilis.org/classico/universo/livros/tales01.jpg]
[www.trekbrasilis.org/classico/universo/livros/tales08.jpg]
[www.trekbrasilis.org/classico/universo/livros/tales03.jpg]
[www.trekbrasilis.org/classico/universo/livros/tales05.jpg]
[www.trekbrasilis.org/classico/tos/episodios/estrela.jpg]
[www.trekbrasilis.org/classico/universo/livros/tales.htm]
[www.trekbrasilis.org/classico/universo/livros/firstfrontier.jpg]
[www.trekbrasilis.org/classico/voy/episodios/voy065.htm]
[www.trekbrasilis.org/classico/universo/livros/firstfrontier.htm]
[www.trekbrasilis.org/classico/tos/especiais/gorns.htm]
[www.trekbrasilis.org/classico/cgi-bin/news/viewnews-23028.html]
[www.trekbrasilis.org/classico/cgi-bin/news/viewnews-23050.html]
[www.trekbrasilis.org/classico/cgi-bin/news/viewnews-366.html]
[www.trekbrasilis.org/classico/cgi-bin/news/viewnews-57861.html]
[www.trekbrasilis.org/classico/cgi-bin/news/viewnews-53841.html]
[www.trekbrasilis.org/classico/cgi-bin/news/viewnews-63514.html]
[www.trekbrasilis.org/classico/cgi-bin/news/viewnews-6916.html]
[www.trekbrasilis.org/classico/cgi-bin/news/viewnews-26292.html]
[www.trekbrasilis.org/classico/cgi-bin/news/viewnews-11160.html]
[www.trekbrasilis.org/classico/cgi-bin/news/viewnews-29546.html]
[www.trekbrasilis.org/classico/cgi-bin/news/viewnews-17716.html]
[www.trekbrasilis.org/classico/cgi-bin/news/viewnews-30948.html]
[www.trekbrasilis.org/classico/cgi-bin/news/viewnews-13716.html]
[www.trekbrasilis.org/classico/cgi-bin/news/viewnews-38878.html]
[www.trekbrasilis.org/classico/cgi-bin/news/viewnews-26945.html]
[www.trekbrasilis.org/classico/cgi-bin/news/viewnews-3206.html]
[www.trekbrasilis.org/classico/cgi-bin/news/viewnews-54887.html]
[www.trekbrasilis.org/classico/cgi-bin/news/viewnews-43473.html]
[www.trekbrasilis.org/classico/cgi-bin/news/viewnews-7234.html]
[www.trekbrasilis.org/classico/cgi-bin/news/viewnews-49747.html]
[www.trekbrasilis.org/classico/cgi-bin/news/viewnews-2490.html]
[www.trekbrasilis.org/classico/cgi-bin/news/viewnews-19775.html]
[www.trekbrasilis.org/classico/cgi-bin/news/viewnews-49641.html]
[www.trekbrasilis.org/classico/cgi-bin/news/viewnews-43611.html]
[www.trekbrasilis.org/classico/cgi-bin/news/viewnews-16946.html]
[www.trekbrasilis.org/classico/cgi-bin/news/viewnews-50281.html]
[www.trekbrasilis.org/classico/cgi-bin/news/viewnews-20108.html]
[www.trekbrasilis.org/classico/cgi-bin/news/archives-12264.html]
[s14.sitemeter.com/js/counter308b.js]
[www.sitemeter.com/favicon.ico]
[www.sitemeter.com/images/BannerAd_BorderTop.jpg]
[www.sitemeter.com/images/BannerAd_BorderLeft.jpg]
[www.sitemeter.com/images/BannerAd_BorderRight.jpg]
[www.sitemeter.com/images/BannerAd_BorderBottom.jpg]
[www.sitemeter.com/images/sitemeter_logo.gif]
[www.sitemeter.com/images/premium-prices_04.jpg]
[www.sitemeter.com/images/LoginButton.jpg]
[www.sitemeter.com/images/greenbar.gif]
[www.sitemeter.com/images/homepage/footer_banner_top.gif]
[www.sitemeter.com/images/homepage/footer_banner_repeat_border.gif]
[www.sitemeter.com/images/n4gLogo_jpeg2.gif]
[www.sitemeter.com/images/giant_logo.png]
[www.sitemeter.com/images/wonkett.gif]
[www.sitemeter.com/images/homepage/simplerecipes.gif]
[www.sitemeter.com/images/lazygirl.gif]
[www.sitemeter.com/images/sbn_logo.gif]
[www.sitemeter.com/images/homepage/footer_banner_bottom.gif]
[rome.specificclick.net/rome/rome2f61.js]
[www.sitemeter.com/3e05.html]
[www.fastonlineusers.com/images/spacer.gif]
[www.fastonlineusers.com/images/top.jpg]
[www.fastonlineusers.com/embedflash.js]
[www.fastonlineusers.com/images/1_sup.jpg]
[www.fastonlineusers.com/images/2.jpg]
[www.fastonlineusers.com/images/3.jpg]
[www.fastonlineusers.com/images/4_sup.jpg]
[www.fastonlineusers.com/images/bg.jpg]
[www.fastonlineusers.com/images/im_bottom.gif]
[www.fastonlineusers.com/images/bg1.jpg]
[www.fastonlineusers.com/images/line.gif]
[www.fastonlineusers.com/images/bg2.jpg]
[www.fastonlineusers.com/images/icon1.gif]
[www.fastonlineusers.com/images/bg3.jpg]
[www.fastonlineusers.com/index.html]
[fastonlineusers.com/online770c.html]
[244.us/wp-content/themes/chefgillianclark/script.js]
[244.us/feedhtml.html]
[244.us/feed/atomhtml.html]
[244.us/xmlrpc.php]
[244.us/wp-content/themes/chefgillianclark/images/PostHeaderIcon.png]
[244.us/index.html]
[www.trekbrasilis.org/classico/index-2.html]
[www.trekbrasilis.org/classico/guia/index.htm]
[www.trekbrasilis.org/classico/guia/designimagem.jpg]
[www.trekbrasilis.org/classico/guia/designtitulo.gif]
[www.trekbrasilis.org/classico/guia/design1.jpg]
[www.trekbrasilis.org/classico/guia/design2.jpg]
[www.trekbrasilis.org/classico/guia/design3.jpg]
[www.trekbrasilis.org/classico/guia/design4.jpg]
[www.trekbrasilis.org/classico/guia/design5.jpg]
[www.trekbrasilis.org/classico/guia/design6.jpg]
[www.trekbrasilis.org/classico/guia/design7.jpg]
[www.trekbrasilis.org/classico/guia/design11.jpg]
[www.trekbrasilis.org/classico/guia/design.htm]
[www.trekbrasilis.org/classico/guia/historiaimagem.jpg]
[www.trekbrasilis.org/classico/guia/historiatitulo.gif]
[www.trekbrasilis.org/classico/guia/historia1.jpg]
[www.trekbrasilis.org/classico/guia/historia2.jpg]
[www.trekbrasilis.org/classico/guia/historia3.jpg]
[www.trekbrasilis.org/classico/guia/historia.htm]
[www.trekbrasilis.org/classico/guia/mapaimagem.jpg]
[www.trekbrasilis.org/classico/guia/mapatitulo.gif]
[www.trekbrasilis.org/classico/guia/breve.290.delayed]
[www.trekbrasilis.org/classico/tos/coluna/index.html]
[www.trekbrasilis.org/classico/tos/episodios/index.html]
[www.trekbrasilis.org/classico/tos/producao/index.html]
[www.trekbrasilis.org/classico/tos/universo/index.html]
[www.trekbrasilis.org/classico/tos/especiais/index.html]
[www.trekbrasilis.org/classico/tng/coluna.296.delayed]
[www.trekbrasilis.org/classico/tng/episodios/index.html]
[www.trekbrasilis.org/classico/tng/producao/index.html]
[www.trekbrasilis.org/classico/tng/universo/index.html]
[www.trekbrasilis.org/classico/tng/especiais/index.html]
[www.trekbrasilis.org/classico/ds9/coluna/index.html]
[www.trekbrasilis.org/classico/ds9/producao/index.html]
[www.trekbrasilis.org/classico/ds9/universo/index.html]
[www.trekbrasilis.org/classico/ds9/especiais/index.html]
[www.trekbrasilis.org/classico/voy/coluna/index.html]
[www.trekbrasilis.org/classico/voy/episodios/index.html]
[www.trekbrasilis.org/classico/voy/producao/index.html]
[www.trekbrasilis.org/classico/voy/universo/index.html]
[www.trekbrasilis.org/classico/voy/especiais/index.html]
[www.trekbrasilis.org/classico/ent/coluna/index.html]
[www.trekbrasilis.org/classico/ent/episodios/index.html]
[www.trekbrasilis.org/classico/ent/producao/index.html]
[www.trekbrasilis.org/classico/ent/universo/index.html]
[www.trekbrasilis.org/classico/ent/especiais/index.html]
[www.trekbrasilis.org/classico/guia/..filmes/sobre/index.2aa.delayed]
[www.trekbrasilis.org/classico/filmes/coluna/index.html]
[www.trekbrasilis.org/classico/filmes/producao/index.html]
[www.trekbrasilis.org/classico/filmes/universo/index.2ad.delayed]
[www.trekbrasilis.org/classico/filmes/especiais/index.html]
[www.trekbrasilis.org/classico/universo/games/index.2af.delayed]
[www.trekbrasilis.org/classico/universo/memorabilia/index.2b0.delayed]
[www.trekbrasilis.org/classico/ficcao/literatura.2b1.delayed]
[www.trekbrasilis.org/classico/ficcao/cinema.2b2.delayed]
[www.trekbrasilis.org/classico/ficcao/tv.2b3.delayed]
[www.trekbrasilis.org/classico/guia/mapa.htm]
[www.trekbrasilis.org/classico/guia/glossarioimagem.jpg]
[www.trekbrasilis.org/classico/guia/glossariotitulo.gif]
[www.trekbrasilis.org/classico/guia/glossario01.htm]
[www.trekbrasilis.org/classico/guia/glossario02.htm]
[www.trekbrasilis.org/classico/guia/glossario03.htm]
[www.trekbrasilis.org/classico/guia/glossario04.htm]
[www.trekbrasilis.org/classico/guia/glossario.htm]
[www.trekbrasilis.org/classico/sn/rumoaoinfinito/fundo.gif]
[www.trekbrasilis.org/classico/sn/rumoaoinfinito/topodecoluna2.jpg]
[www.trekbrasilis.org/classico/sn/index.html]
[www.trekbrasilis.org/classico/sn/supernovalogo.jpg]
[www.trekbrasilis.org/classico/sn/rumoaoinfinito/titulo.gif]
[www.trekbrasilis.org/classico/sn/rumoaoinfinito/fundocoluna.jpg]
[www.trekbrasilis.org/classico/sn/rumoaoinfinito/topodecoluna.jpg]
[www.trekbrasilis.org/classico/sn/rumoaoinfinito/pedecoluna2.jpg]
[www.trekbrasilis.org/classico/sn/rumoaoinfinito/topodecoluna3.jpg]
[www.trekbrasilis.org/classico/sn/rumoaoinfinito/capa.jpg]
[www.trekbrasilis.org/classico/sn/rumoaoinfinito/pedecoluna3.jpg]
[www.trekbrasilis.org/classico/sn/rumoaoinfinito/pedecoluna.jpg]
[www.trekbrasilis.org/classico/sn/rumoaoinfinito/index.html]
[www.trekbrasilis.org/classico/sn/cwsd/fundo.jpg]
[www.trekbrasilis.org/classico/sn/cwsd/topodecoluna2.jpg]
[www.trekbrasilis.org/classico/sn/cwsd/titulo.jpg]
[www.trekbrasilis.org/classico/sn/cwsd/fundocoluna.jpg]
[www.trekbrasilis.org/classico/sn/cwsd/topodecoluna.jpg]
[www.trekbrasilis.org/classico/sn/cwsd/pedecoluna2.jpg]
[www.trekbrasilis.org/classico/sn/cwsd/topodecoluna3.jpg]
[www.trekbrasilis.org/classico/sn/cwsd/capa.jpg]
[www.trekbrasilis.org/classico/sn/cwsd/pedecoluna3.jpg]
[www.trekbrasilis.org/classico/sn/cwsd/pedecoluna.jpg]
[www.trekbrasilis.org/classico/sn/cwsd/index.html]
[www.trekbrasilis.org/classico/cgi-bin/news/viewnews-2986.html]
[www.trekbrasilis.org/classico/entretenimento/fanfics/fanficsimagem.jpg]
[www.trekbrasilis.org/classico/entretenimento/fanfics/earthdccapat.jpg]
[www.trekbrasilis.org/classico/entretenimento/fanfics/sobreviventes.htm]
[www.trekbrasilis.org/classico/entretenimento/fanfics/sobreviventescapat.jpg]
[www.trekbrasilis.org/classico/entretenimento/fanfics/sobreviventes.pdf]
[www.trekbrasilis.org/classico/entretenimento/fanfics/faq.htm]
[www.trekbrasilis.org/classico/entretenimento/fanfics/faqcapat.jpg]
[www.trekbrasilis.org/classico/entretenimento/fanfics/index.html]
[www.trekbrasilis.org/classico/entretenimento/satiras/satirasimagem.jpg]
[www.trekbrasilis.org/classico/entretenimento/satiras/satirastitulo.gif]
[www.trekbrasilis.org/classico/entretenimento/satiras/divagacoes01.htm]
[www.trekbrasilis.org/classico/entretenimento/satiras/divagacoes.jpg]
[www.trekbrasilis.org/classico/entretenimento/satiras/mayweather.htm]
[www.trekbrasilis.org/classico/entretenimento/satiras/carnaval.htm]
[www.trekbrasilis.org/classico/entretenimento/satiras/carnaval.jpg]
[www.trekbrasilis.org/classico/entretenimento/satiras/lockwood.htm]
[www.trekbrasilis.org/classico/entretenimento/satiras/lockwood.jpg]
[www.trekbrasilis.org/classico/entretenimento/satiras/index.html]
[www.trekbrasilis.org/classico/entretenimento/fanfics/index.htm]
[www.trekbrasilis.org/classico/entretenimento/fanfics/earthdccapa.jpg]
[www.trekbrasilis.org/classico/entretenimento/fanfics/earthdc01.htm]
[www.trekbrasilis.org/classico/entretenimento/fanfics/earthdc02.htm]
[www.trekbrasilis.org/classico/entretenimento/fanfics/earthdc03.htm]
[www.trekbrasilis.org/classico/entretenimento/fanfics/earthdc05.htm]
[www.trekbrasilis.org/classico/entretenimento/fanfics/earthdc06.htm]
[www.trekbrasilis.org/classico/entretenimento/fanfics/earthdc08.htm]
[www.trekbrasilis.org/classico/entretenimento/fanfics/earthdc11.htm]
[www.trekbrasilis.org/classico/entretenimento/fanfics/earthdcepilogo.htm]
[www.trekbrasilis.org/classico/entretenimento/fanfics/earthdc12.htm]
[www.trekbrasilis.org/classico/cgi-bin/news/viewnews-61836.30f.delayed]
[www.trekbrasilis.org/classico/entretenimento/fanfics/earthdc.htm]
[www.trekbrasilis.org/classico/entretenimento/index.htm]
[www.trekbrasilis.org/classico/entretenimento/trivia/triviatitulo.gif]
[www.trekbrasilis.org/classico/entretenimento/trivia/trivia.htm]
[www.trekbrasilis.org/classico/entretenimento/trivia/index.html]
[www.trekbrasilis.org/classico/entretenimento/porthos/porthosimagem.jpg]
[www.trekbrasilis.org/classico/entretenimento/porthos/porthostitulo.gif]
[www.trekbrasilis.org/classico/entretenimento/porthos/pl001.htm]
[www.trekbrasilis.org/classico/entretenimento/porthos/pl005.htm]
[www.trekbrasilis.org/classico/entretenimento/porthos/pl006.htm]
[www.trekbrasilis.org/classico/entretenimento/porthos/pl007.htm]
[www.trekbrasilis.org/classico/entretenimento/porthos/pl013.htm]
[www.trekbrasilis.org/classico/entretenimento/porthos/pl015.htm]
[www.trekbrasilis.org/classico/entretenimento/porthos/pl016.htm]
[www.trekbrasilis.org/classico/entretenimento/porthos/index.html]
[www.trekbrasilis.org/classico/interacao/index.htm]
[www.trekbrasilis.org/classico/interacao/incubadoraimagem.jpg]
[www.trekbrasilis.org/classico/interacao/manual.htm]
[www.trekbrasilis.org/classico/interacao/incubadora.htm]
[www.trekbrasilis.org/classico/entrevistas/index.htm]
[www.trekbrasilis.org/classico/entrevistas/entrevista19-1.jpg]
[www.trekbrasilis.org/classico/tos/episodios/tos08.htm]
[www.trekbrasilis.org/classico/ds9/episodios/ds9008.htm]
[www.trekbrasilis.org/classico/entrevistas/entrevista19.htm]
[www.trekbrasilis.org/classico/tos/episodios/tos28.htm]
[www.trekbrasilis.org/classico/entrevistas/entrevista18-1.jpg]
[www.trekbrasilis.org/classico/entrevistas/entrevista18-3.jpg]
[www.trekbrasilis.org/classico/tos/episodios/tos0701.jpg]
[www.trekbrasilis.org/classico/tos/episodios/tos07.htm]
[www.trekbrasilis.org/classico/entrevistas/entrevista18-2.jpg]
[www.trekbrasilis.org/classico/entrevistas/entrevista18.htm]
[www.trekbrasilis.org/classico/entrevistas/entrevista17.htm]
[www.trekbrasilis.org/classico/entrevistas/entrevista16-1.jpg]
[www.trekbrasilis.org/classico/entrevistas/entrevista16.htm]
[www.trekbrasilis.org/classico/entrevistas/entrevista15-2.jpg]
[www.trekbrasilis.org/classico/entrevistas/entrevista15-3.jpg]
[www.trekbrasilis.org/classico/entrevistas/entrevista15.htm]
[www.trekbrasilis.org/classico/entrevistas/entrevista14-1.jpg]
[www.trekbrasilis.org/classico/entrevistas/e14fig1.jpg]
[www.trekbrasilis.org/classico/entrevistas/e14fig1t.jpg]
[www.trekbrasilis.org/classico/entrevistas/e14fig2.jpg]
[www.trekbrasilis.org/classico/entrevistas/e14fig2t.jpg]
[www.trekbrasilis.org/classico/entrevistas/e14fig3.jpg]
[www.trekbrasilis.org/classico/entrevistas/e14fig4.337.delayed]
[www.trekbrasilis.org/classico/entrevistas/e14fig4t.jpg]
[www.trekbrasilis.org/classico/entrevistas/e14fig5.339.delayed]
[www.trekbrasilis.org/classico/entrevistas/e14fig5t.jpg]
[www.trekbrasilis.org/classico/entrevistas/e14fig6t.jpg]
[www.trekbrasilis.org/classico/entrevistas/entrevista14-6.jpg]
[www.trekbrasilis.org/classico/ent/episodios/ent001.htm]
[www.trekbrasilis.org/classico/ent/episodios/ent013.htm]
[www.trekbrasilis.org/classico/ent/episodios/ent017.htm]
[www.trekbrasilis.org/classico/ent/episodios/ent005.htm]
[www.trekbrasilis.org/classico/ent/episodios/ent010.htm]
[www.trekbrasilis.org/classico/ent/episodios/ent007.htm]
[www.trekbrasilis.org/classico/entrevistas/entrevista14-2big.344.delayed]
[www.trekbrasilis.org/classico/entrevistas/entrevista14-3big.346.delayed]
[www.trekbrasilis.org/classico/entrevistas/entrevista14-3.jpg]
[www.trekbrasilis.org/classico/entrevistas/entrevista14-4big.348.delayed]
[www.trekbrasilis.org/classico/entrevistas/entrevista14-4.jpg]
[www.trekbrasilis.org/classico/entrevistas/entrevista14-5.jpg]
[www.trekbrasilis.org/classico/entrevistas/entrevista14-7.jpg]
[www.trekbrasilis.org/classico/entrevistas/entrevista14.htm]
[www.trekbrasilis.org/classico/entrevistas/entrevista12-2.jpg]
[www.trekbrasilis.org/classico/entrevistas/entrevista12-4.jpg]
[www.trekbrasilis.org/classico/entrevistas/entrevista12-6.jpg]
[www.trekbrasilis.org/classico/entrevistas/entrevista12.htm]
[www.trekbrasilis.org/classico/entrevistas/entrevista11-1.jpg]
[www.trekbrasilis.org/classico/entrevistas/entrevista11-2.jpg]
[www.trekbrasilis.org/classico/entrevistas/entrevista11-4.jpg]
[www.trekbrasilis.org/classico/entrevistas/entrevista11-5.jpg]
[www.trekbrasilis.org/classico/entrevistas/entrevista11-7.jpg]
[www.trekbrasilis.org/classico/entrevistas/entrevista11-8.jpg]
[www.trekbrasilis.org/classico/entrevistas/entrevista11-9.jpg]
[www.trekbrasilis.org/classico/entrevistas/entrevista11-10.jpg]
[www.trekbrasilis.org/classico/entrevistas/entrevista11.htm]
[www.trekbrasilis.org/classico/entrevistas/entrevista13.htm]
[www.trekbrasilis.org/classico/entrevistas/entrevista10-1.jpg]
[www.trekbrasilis.org/classico/entrevistas/e10fig1.htm]
[www.trekbrasilis.org/classico/entrevistas/e10fig1t.jpg]
[www.trekbrasilis.org/classico/entrevistas/e10fig2.htm]
[www.trekbrasilis.org/classico/entrevistas/e10fig2t.jpg]
[www.trekbrasilis.org/classico/entrevistas/e10fig3.htm]
[www.trekbrasilis.org/classico/entrevistas/e10fig3t.jpg]
[www.trekbrasilis.org/classico/entrevistas/e10fig4.htm]
[www.trekbrasilis.org/classico/entrevistas/e10fig4t.jpg]
[www.trekbrasilis.org/classico/entrevistas/e10fig5.htm]
[www.trekbrasilis.org/classico/entrevistas/e10fig5t.jpg]
[www.trekbrasilis.org/classico/entrevistas/entrevista10-2.jpg]
[www.trekbrasilis.org/classico/entrevistas/entrevista10-3.jpg]
[www.trekbrasilis.org/classico/entrevistas/entrevista10-4.jpg]
[www.trekbrasilis.org/classico/entrevistas/entrevista10-5.jpg]
[www.trekbrasilis.org/classico/entrevistas/entrevista10-7.jpg]
[www.trekbrasilis.org/classico/entrevistas/entrevista10-9.jpg]
[www.trekbrasilis.org/classico/entrevistas/entrevista10-10.jpg]
[www.trekbrasilis.org/classico/entrevistas/entrevista10-11.jpg]
[www.trekbrasilis.org/classico/entrevistas/entrevista10-12.jpg]
[www.trekbrasilis.org/classico/entrevistas/entrevista10.htm]
[www.trekbrasilis.org/classico/entrevistas/e9fig1t.jpg]
[www.trekbrasilis.org/classico/entrevistas/e9fig2.htm]
[www.trekbrasilis.org/classico/entrevistas/e9fig2t.jpg]
[www.trekbrasilis.org/classico/entrevistas/e9fig3.htm]
[www.trekbrasilis.org/classico/entrevistas/e9fig3t.jpg]
[www.trekbrasilis.org/classico/entrevistas/e9fig4.htm]
[www.trekbrasilis.org/classico/entrevistas/e9fig4t.jpg]
[www.trekbrasilis.org/classico/entrevistas/e9fig5.htm]
[www.trekbrasilis.org/classico/entrevistas/e9fig5t.jpg]
[www.trekbrasilis.org/classico/entrevistas/e9fig6.htm]
[www.trekbrasilis.org/classico/entrevistas/e9fig6t.jpg]
[www.trekbrasilis.org/classico/entrevistas/entrevista9-2.jpg]
[www.trekbrasilis.org/classico/entrevistas/entrevista9-3.jpg]
[www.trekbrasilis.org/classico/entrevistas/entrevista9-5.jpg]
[www.trekbrasilis.org/classico/entrevistas/entrevista9.htm]
[www.trekbrasilis.org/classico/entrevistas/entrevista8-1.jpg]
[www.trekbrasilis.org/classico/entrevistas/entrevista8-2.jpg]
[www.trekbrasilis.org/classico/entrevistas/entrevista8.htm]
[www.trekbrasilis.org/classico/entrevistas/entrevista6.htm]
[www.trekbrasilis.org/classico/entrevistas/entrevista5-1.jpg]
[www.trekbrasilis.org/classico/entrevistas/entrevista5-2.jpg]
[www.trekbrasilis.org/classico/entrevistas/entrevista5-3.jpg]
[www.trekbrasilis.org/classico/entrevistas/entrevista5.htm]
[www.trekbrasilis.org/classico/entrevistas/entrevista4-3.jpg]
[www.trekbrasilis.org/classico/entrevistas/entrevista4.htm]
[www.trekbrasilis.org/classico/entrevistas/entrevista3.htm]
[www.trekbrasilis.org/classico/entrevistas/entrevista2.htm]
[www.trekbrasilis.org/classico/entrevistas/entrevista1.htm]
[www.trekbrasilis.org/classico/chat/function.html]
[www.trekbrasilis.org/classico/tos/episodios/temp1.htm]
[www.trekbrasilis.org/classico/tos/episodios/tos01.jpg]
[www.trekbrasilis.org/classico/tos/episodios/tos0103.jpg]
[www.trekbrasilis.org/classico/tos/episodios/tos0104.jpg]
[www.trekbrasilis.org/classico/tos/episodios/int.jpg]
[www.trekbrasilis.org/classico/tos/episodios/cap4.398.delayed]
[www.trekbrasilis.org/classico/tos/episodios/tos01.htm]
[www.trekbrasilis.org/classico/tos/episodios/tos03.htm]
[www.trekbrasilis.org/classico/tos/episodios/tos0201.jpg]
[www.trekbrasilis.org/classico/tos/episodios/tos0203.jpg]
[www.trekbrasilis.org/classico/tos/episodios/tos0204.jpg]
[www.trekbrasilis.org/classico/tos/episodios/tos02.htm]
[www.trekbrasilis.org/classico/tos/breve.htm]
[www.trekbrasilis.org/classico/tos/coluna/coluna9-2.jpg]
[www.trekbrasilis.org/classico/tos/coluna/coluna9-3.jpg]
[www.trekbrasilis.org/classico/tos/coluna/index.htm]
[www.trekbrasilis.org/classico/tos/coluna/coluna9.htm]
[www.trekbrasilis.org/classico/tos/coluna/coluna8titulo.jpg]
[www.trekbrasilis.org/classico/tos/coluna/coluna8.htm]
[www.trekbrasilis.org/classico/tos/coluna/coluna7titulo.jpg]
[www.trekbrasilis.org/classico/tos/coluna/coluna7.htm]
[www.trekbrasilis.org/classico/tos/coluna/coluna6titulo.jpg]
[www.trekbrasilis.org/classico/tos/coluna/coluna6.htm]
[www.trekbrasilis.org/classico/tos/coluna/coluna5titulo.jpg]
[www.trekbrasilis.org/classico/tos/coluna/coluna5.htm]
[www.trekbrasilis.org/classico/tos/coluna/coluna4titulo.jpg]
[www.trekbrasilis.org/classico/tos/coluna/coluna4.htm]
[www.trekbrasilis.org/classico/tos/coluna/coluna3titulo.jpg]
[www.trekbrasilis.org/classico/tos/coluna/coluna3.htm]
[www.trekbrasilis.org/classico/tos/coluna/coluna2titulo.jpg]
[www.trekbrasilis.org/classico/tos/coluna/coluna2.htm]
[www.trekbrasilis.org/classico/tos/coluna/coluna1titulo.jpg]
[www.trekbrasilis.org/classico/tos/coluna/arquivo.htm]
[www.trekbrasilis.org/classico/tos/coluna/coluna1.htm]
[www.trekbrasilis.org/classico/tos/episodios/temp1.jpg]
[www.trekbrasilis.org/classico/tos/episodios/temp2.htm]
[www.trekbrasilis.org/classico/tos/episodios/temp2.jpg]
[www.trekbrasilis.org/classico/tos/episodios/temp3.jpg]
[www.trekbrasilis.org/classico/tos/episodios/perspectiva.jpg]
[www.trekbrasilis.org/classico/tos/episodios/tos04.htm]
[www.trekbrasilis.org/classico/tos/episodios/tos05.htm]
[www.trekbrasilis.org/classico/tos/episodios/tos06.htm]
[www.trekbrasilis.org/classico/tos/episodios/tos09.htm]
[www.trekbrasilis.org/classico/tos/episodios/tos11.htm]
[www.trekbrasilis.org/classico/tos/episodios/tos13.htm]
[www.trekbrasilis.org/classico/tos/episodios/TOS14.3c3.delayed]
[www.trekbrasilis.org/classico/tos/episodios/tos15.htm]
[www.trekbrasilis.org/classico/tos/episodios/tos16.htm]
[www.trekbrasilis.org/classico/tos/episodios/tos17.htm]
[www.trekbrasilis.org/classico/tos/episodios/TOS18.3c7.delayed]
[www.trekbrasilis.org/classico/tos/episodios/tos20.htm]
[www.trekbrasilis.org/classico/tos/episodios/tos22.htm]
[www.trekbrasilis.org/classico/tos/episodios/tos23.htm]
[www.trekbrasilis.org/classico/tos/episodios/tos24.htm]
[www.trekbrasilis.org/classico/tos/episodios/TOS25.3cd.delayed]
[www.trekbrasilis.org/classico/tos/episodios/tos26.htm]
[www.trekbrasilis.org/classico/tos/episodios/tos27.htm]
[www.trekbrasilis.org/classico/tos/episodios/tos29.htm]
[www.trekbrasilis.org/classico/tos/episodios/tos30.htm]
[www.trekbrasilis.org/classico/tos/episodios/tos31.htm]
[www.trekbrasilis.org/classico/tos/episodios/tos32.htm]
[www.trekbrasilis.org/classico/tos/episodios/tos33.htm]
[www.trekbrasilis.org/classico/tos/episodios/tos34.htm]
[www.trekbrasilis.org/classico/tos/episodios/tos35.htm]
[www.trekbrasilis.org/classico/tos/episodios/tos36.htm]
[www.trekbrasilis.org/classico/tos/episodios/tos37.htm]
[www.trekbrasilis.org/classico/tos/episodios/tos38.htm]
[www.trekbrasilis.org/classico/tos/episodios/tos39.htm]
[www.trekbrasilis.org/classico/tos/episodios/tos40.htm]
[www.trekbrasilis.org/classico/tos/episodios/tos41.htm]
[www.trekbrasilis.org/classico/tos/episodios/tos42.htm]
[www.trekbrasilis.org/classico/tos/episodios/tos43.htm]
[www.trekbrasilis.org/classico/tos/episodios/tos44.htm]
[www.trekbrasilis.org/classico/tos/episodios/tos46.htm]
[www.trekbrasilis.org/classico/tos/episodios/tos47.htm]
[www.trekbrasilis.org/classico/tos/episodios/tos48.htm]
[www.trekbrasilis.org/classico/tos/episodios/tos49.htm]
[www.trekbrasilis.org/classico/tos/episodios/tos50.htm]
[www.trekbrasilis.org/classico/tos/episodios/tos51.htm]
[www.trekbrasilis.org/classico/tos/episodios/tos78.htm]
[www.trekbrasilis.org/classico/tos/episodios/tos79.htm]
[www.trekbrasilis.org/classico/tos/episodios/index.htm]
[www.trekbrasilis.org/classico/tos/producao/diariotitulo.jpg]
[www.trekbrasilis.org/classico/tos/producao/diario1.htm]
[www.trekbrasilis.org/classico/tos/barratos.jpg]
[www.trekbrasilis.org/classico/tos/producao/especiaistitulo.jpg]
[www.trekbrasilis.org/classico/tos/producao/elencotitulo.jpg]
[www.trekbrasilis.org/classico/tos/producao/elenco.htm]
[www.trekbrasilis.org/classico/tos/producao/pitchtitulo.jpg]
[www.trekbrasilis.org/classico/tos/producao/pitch.htm]
[www.trekbrasilis.org/classico/tos/producao/cagetitulo.jpg]
[www.trekbrasilis.org/classico/tos/producao/cage.htm]
[www.trekbrasilis.org/classico/tos/producao/wherenomantitulo.jpg]
[www.trekbrasilis.org/classico/tos/producao/wherenoman.htm]
[www.trekbrasilis.org/classico/tos/producao/couragetitulo.jpg]
[www.trekbrasilis.org/classico/tos/producao/courage.htm]
[www.trekbrasilis.org/classico/tos/producao/jefferiestitulo.jpg]
[www.trekbrasilis.org/classico/tos/producao/jefferies.htm]
[www.trekbrasilis.org/classico/tos/producao/coontitulo.jpg]
[www.trekbrasilis.org/classico/tos/producao/coon.htm]
[www.trekbrasilis.org/classico/tos/producao/index.htm]
[www.trekbrasilis.org/classico/tos/universo/universo.jpg]
[www.trekbrasilis.org/classico/tos/universo/especiestitulo.jpg]
[www.trekbrasilis.org/classico/tos/universo/especies/index.htm]
[www.trekbrasilis.org/classico/tos/universo/atlastitulo.jpg]
[www.trekbrasilis.org/classico/tos/universo/tecnologiatitulo.jpg]
[www.trekbrasilis.org/classico/tos/universo/cronologiatitulo.jpg]
[www.trekbrasilis.org/classico/tos/universo/index.htm]
[www.trekbrasilis.org/classico/tos/especiais/origenstitulo.jpg]
[www.trekbrasilis.org/classico/tos/especiais/origens.htm]
[www.trekbrasilis.org/classico/tos/especiais/remaster-titulo.jpg]
[www.trekbrasilis.org/classico/tos/especiais/remasterizacao.htm]
[www.trekbrasilis.org/classico/tos/especiais/exptitulo.jpg]
[www.trekbrasilis.org/classico/tos/especiais/experience.htm]
[www.trekbrasilis.org/classico/tos/especiais/reviewstos2titulo.jpg]
[www.trekbrasilis.org/classico/tos/especiais/reviewstos1titulo.jpg]
[www.trekbrasilis.org/classico/tos/especiais/reviewtos1.htm]
[www.trekbrasilis.org/classico/tos/especiais/nimoybrasiltitulo.jpg]
[www.trekbrasilis.org/classico/tos/especiais/nimoybrasil.htm]
[www.trekbrasilis.org/classico/tos/especiais/gornstitulo.jpg]
[www.trekbrasilis.org/classico/tos/especiais/kelleyhomenagemtitulo.jpg]
[www.trekbrasilis.org/classico/tos/especiais/kelleyhomenagem.htm]
[www.trekbrasilis.org/classico/tos/especiais/35anostitulo.jpg]
[www.trekbrasilis.org/classico/tos/especiais/35anos.htm]
[www.trekbrasilis.org/classico/tos/especiais/dvdstitulo.jpg]
[www.trekbrasilis.org/classico/tos/especiais/reviewvol40titulo.jpg]
[www.trekbrasilis.org/classico/tos/especiais/reviewvol40.htm]
[www.trekbrasilis.org/classico/tos/especiais/leaotitulo.jpg]
[www.trekbrasilis.org/classico/tos/especiais/leao16.htm]
[www.trekbrasilis.org/classico/tos/especiais/leao15titulo.jpg]
[www.trekbrasilis.org/classico/tos/especiais/leao15.htm]
[www.trekbrasilis.org/classico/tos/especiais/leao14titulo.jpg]
[www.trekbrasilis.org/classico/tos/especiais/leao14.htm]
[www.trekbrasilis.org/classico/tos/especiais/leao13titulo.jpg]
[www.trekbrasilis.org/classico/tos/especiais/leao12titulo.jpg]
[www.trekbrasilis.org/classico/tos/especiais/leao12.htm]
[www.trekbrasilis.org/classico/tos/especiais/leao11titulo.jpg]
[www.trekbrasilis.org/classico/tos/especiais/leao11.htm]
[www.trekbrasilis.org/classico/tos/especiais/leao10titulo.jpg]
[www.trekbrasilis.org/classico/tos/especiais/leao10.htm]
[www.trekbrasilis.org/classico/tos/especiais/leao9titulo.jpg]
[www.trekbrasilis.org/classico/tos/especiais/leao9.htm]
[www.trekbrasilis.org/classico/tos/especiais/leao8titulo.jpg]
[www.trekbrasilis.org/classico/tos/especiais/leao8.htm]
[www.trekbrasilis.org/classico/tos/especiais/leao7titulo.jpg]
[www.trekbrasilis.org/classico/tos/especiais/leao7.htm]
[www.trekbrasilis.org/classico/tos/especiais/leao6titulo.jpg]
[www.trekbrasilis.org/classico/tos/especiais/leao5titulo.jpg]
[www.trekbrasilis.org/classico/tos/especiais/leao5.htm]
[www.trekbrasilis.org/classico/tos/especiais/leao4titulo.jpg]
[www.trekbrasilis.org/classico/tos/especiais/leao4.htm]
[www.trekbrasilis.org/classico/tos/especiais/leao3titulo.jpg]
[www.trekbrasilis.org/classico/tos/especiais/leao3.htm]
[www.trekbrasilis.org/classico/tos/especiais/leao2titulo.jpg]
[www.trekbrasilis.org/classico/tos/especiais/leao2.htm]
[www.trekbrasilis.org/classico/tos/especiais/leao1titulo.jpg]
[www.trekbrasilis.org/classico/tos/especiais/leao1.htm]
[www.trekbrasilis.org/classico/tos/especiais/index.htm]
[www.trekbrasilis.org/classico/tas/breve1.jpg]
[www.trekbrasilis.org/classico/tas/breve2.jpg]
[www.trekbrasilis.org/classico/tas/breve3.jpg]
[www.trekbrasilis.org/classico/tas/breve9.jpg]
[www.trekbrasilis.org/classico/tas/breve4.jpg]
[www.trekbrasilis.org/classico/tas/breve5.jpg]
[www.trekbrasilis.org/classico/tas/breve6.jpg]
[www.trekbrasilis.org/classico/tas/breve8.jpg]
[www.trekbrasilis.org/classico/tas/cap2.440.delayed]
[www.trekbrasilis.org/classico/tas/breve.htm]
[www.trekbrasilis.org/classico/tas/index.htm]
[www.trekbrasilis.org/classico/tas/episodios/temp1.htm]
[www.trekbrasilis.org/classico/tas/episodios/temp1.jpg]
[www.trekbrasilis.org/classico/tas/episodios/perspectiva.jpg]
[www.trekbrasilis.org/classico/tas/episodios/tas01.htm]
[www.trekbrasilis.org/classico/tas/episodios/tas02.htm]
[www.trekbrasilis.org/classico/tas/episodios/tas03.htm]
[www.trekbrasilis.org/classico/tas/episodios/tas04.htm]
[www.trekbrasilis.org/classico/tas/episodios/tas05.htm]
[www.trekbrasilis.org/classico/tas/episodios/tas06.htm]
[www.trekbrasilis.org/classico/tas/episodios/tas07.htm]
[www.trekbrasilis.org/classico/tas/episodios/index.html]
[www.trekbrasilis.org/classico/arquivo/311006tasdvdbr.jpg]
[www.trekbrasilis.org/classico/tas/dvd4.jpg]
[www.trekbrasilis.org/classico/tas/dvd2.jpg]
[www.trekbrasilis.org/classico/tas/dvd3.jpg]
[www.trekbrasilis.org/classico/tas/dvds.htm]
[www.trekbrasilis.org/classico/fase2/index.htm]
[www.trekbrasilis.org/classico/fase2/cap1-4.jpg]
[www.trekbrasilis.org/classico/fase2/cap1-6.jpg]
[www.trekbrasilis.org/classico/fase2/cap1.htm]
[www.trekbrasilis.org/classico/fase2/cap2-1.jpg]
[www.trekbrasilis.org/classico/fase2/cap2-2.jpg]
[www.trekbrasilis.org/classico/fase2/cap2-3.jpg]
[www.trekbrasilis.org/classico/fase2/cap2-4.jpg]
[www.trekbrasilis.org/classico/fase2/cap2-5.jpg]
[www.trekbrasilis.org/classico/fase2/cap2-6.jpg]
[www.trekbrasilis.org/classico/fase2/cap2.htm]
[www.trekbrasilis.org/classico/fase2/cap3-6.jpg]
[www.trekbrasilis.org/classico/fase2/cap3-1.jpg]
[www.trekbrasilis.org/classico/fase2/cap3-3.jpg]
[www.trekbrasilis.org/classico/fase2/cap3-4.jpg]
[www.trekbrasilis.org/classico/fase2/cap3.htm]
[www.trekbrasilis.org/classico/fase2/fii002.htm]
[www.trekbrasilis.org/classico/fase2/fii003.htm]
[www.trekbrasilis.org/classico/fase2/fii004.htm]
[www.trekbrasilis.org/classico/fase2/fii005.htm]
[www.trekbrasilis.org/classico/fase2/fii006.htm]
[www.trekbrasilis.org/classico/fase2/fii007.htm]
[www.trekbrasilis.org/classico/fase2/fii008.htm]
[www.trekbrasilis.org/classico/fase2/fii009.htm]
[www.trekbrasilis.org/classico/fase2/fii010.htm]
[www.trekbrasilis.org/classico/fase2/fii011.htm]
[www.trekbrasilis.org/classico/fase2/fii012.htm]
[www.trekbrasilis.org/classico/fase2/cap4.htm]
[www.trekbrasilis.org/classico/fase2/khambatta1.jpg]
[www.trekbrasilis.org/classico/fase2/khambatta3.jpg]
[www.trekbrasilis.org/classico/fase2/khambatta5.jpg]
[www.trekbrasilis.org/classico/fase2/khambatta.htm]
[www.trekbrasilis.org/classico/tng/breve.htm]
[www.trekbrasilis.org/classico/tng/index.htm]
[www.trekbrasilis.org/classico/tng/coluna/coluna10-1.jpg]
[www.trekbrasilis.org/classico/tng/coluna/coluna10-2.jpg]
[www.trekbrasilis.org/classico/tng/episodios/tng077.htm]
[www.trekbrasilis.org/classico/tng/coluna/coluna10-5.jpg]
[www.trekbrasilis.org/classico/filmes/especiais/estreianemesis.htm]
[www.trekbrasilis.org/classico/tng/coluna/coluna10-3.jpg]
[www.trekbrasilis.org/classico/tng/episodios/tng014.htm]
[www.trekbrasilis.org/classico/tng/episodios/tng035.htm]
[www.trekbrasilis.org/classico/tng/episodios/tng099.htm]
[www.trekbrasilis.org/classico/tng/episodios/tng111.htm]
[www.trekbrasilis.org/classico/tng/episodios/tng135.htm]
[www.trekbrasilis.org/classico/filmes/especiais/st7dvd.htm]
[www.trekbrasilis.org/classico/filmes/especiais/st8dvd.htm]
[www.trekbrasilis.org/classico/tng/coluna/coluna10-4.jpg]
[www.trekbrasilis.org/classico/tng/coluna/index.htm]
[www.trekbrasilis.org/classico/tng/coluna/coluna10titulo.jpg]
[www.trekbrasilis.org/classico/tng/coluna/coluna10.htm]
[www.trekbrasilis.org/classico/tng/coluna/coluna9titulo.jpg]
[www.trekbrasilis.org/classico/tng/coluna/coluna9.htm]
[www.trekbrasilis.org/classico/tng/coluna/coluna8titulo.jpg]
[www.trekbrasilis.org/classico/tng/coluna/coluna8.htm]
[www.trekbrasilis.org/classico/tng/coluna/coluna7titulo.jpg]
[www.trekbrasilis.org/classico/tng/coluna/coluna6titulo.jpg]
[www.trekbrasilis.org/classico/tng/coluna/coluna6.htm]
[www.trekbrasilis.org/classico/tng/coluna/coluna5titulo.jpg]
[www.trekbrasilis.org/classico/tng/coluna/coluna5.htm]
[www.trekbrasilis.org/classico/tng/coluna/coluna4titulo.jpg]
[www.trekbrasilis.org/classico/tng/coluna/coluna4.htm]
[www.trekbrasilis.org/classico/tng/coluna/coluna3titulo.jpg]
[www.trekbrasilis.org/classico/tng/coluna/coluna3.htm]
[www.trekbrasilis.org/classico/tng/coluna/coluna2titulo.jpg]
[www.trekbrasilis.org/classico/tng/coluna/coluna2.htm]
[www.trekbrasilis.org/classico/tng/coluna/coluna1titulo.jpg]
[www.trekbrasilis.org/classico/tng/coluna/coluna1.htm]
[www.trekbrasilis.org/classico/tng/coluna/arquivo.htm]
[www.trekbrasilis.org/classico/tng/episodios/temp1.htm]
[www.trekbrasilis.org/classico/tng/episodios/temp1.jpg]
[www.trekbrasilis.org/classico/tng/episodios/temp2.htm]
[www.trekbrasilis.org/classico/tng/episodios/temp2.jpg]
[www.trekbrasilis.org/classico/tng/episodios/temp3.htm]
[www.trekbrasilis.org/classico/tng/episodios/temp3.jpg]
[www.trekbrasilis.org/classico/tng/episodios/temp4.htm]
[www.trekbrasilis.org/classico/tng/episodios/temp4.jpg]
[www.trekbrasilis.org/classico/tng/episodios/temp5.htm]
[www.trekbrasilis.org/classico/tng/episodios/temp5.jpg]
[www.trekbrasilis.org/classico/tng/episodios/temp6.htm]
[www.trekbrasilis.org/classico/tng/episodios/temp6.jpg]
[www.trekbrasilis.org/classico/tng/episodios/temp7.htm]
[www.trekbrasilis.org/classico/tng/episodios/temp7.jpg]
[www.trekbrasilis.org/classico/tng/episodios/perspectiva.jpg]
[www.trekbrasilis.org/classico/tng/episodios/tng001.htm]
[www.trekbrasilis.org/classico/tng/episodios/tng003.htm]
[www.trekbrasilis.org/classico/tng/episodios/tng004.htm]
[www.trekbrasilis.org/classico/tng/episodios/tng005.htm]
[www.trekbrasilis.org/classico/tng/episodios/tng006.htm]
[www.trekbrasilis.org/classico/tng/episodios/tng007.htm]
[www.trekbrasilis.org/classico/tng/episodios/tng008.htm]
[www.trekbrasilis.org/classico/tng/episodios/tng009.htm]
[www.trekbrasilis.org/classico/tng/episodios/tng010.htm]
[www.trekbrasilis.org/classico/tng/episodios/tng011.htm]
[www.trekbrasilis.org/classico/tng/episodios/tng012.htm]
[www.trekbrasilis.org/classico/tng/episodios/tng013.htm]
[www.trekbrasilis.org/classico/tng/episodios/tng015.htm]
[www.trekbrasilis.org/classico/tng/episodios/tng016.htm]
[www.trekbrasilis.org/classico/tng/episodios/tng017.htm]
[www.trekbrasilis.org/classico/tng/episodios/tng018.htm]
[www.trekbrasilis.org/classico/tng/episodios/tng019.htm]
[www.trekbrasilis.org/classico/tng/episodios/tng020.htm]
[www.trekbrasilis.org/classico/tng/episodios/tng021.htm]
[www.trekbrasilis.org/classico/tng/episodios/tng022.htm]
[www.trekbrasilis.org/classico/tng/episodios/tng023.htm]
[www.trekbrasilis.org/classico/tng/episodios/tng024.htm]
[www.trekbrasilis.org/classico/tng/episodios/tng025.htm]
[www.trekbrasilis.org/classico/tng/episodios/tng026.htm]
[www.trekbrasilis.org/classico/tng/episodios/tng027.htm]
[www.trekbrasilis.org/classico/tng/episodios/tng028.htm]
[www.trekbrasilis.org/classico/tng/episodios/tng029.htm]
[www.trekbrasilis.org/classico/tng/episodios/tng030.htm]
[www.trekbrasilis.org/classico/tng/episodios/tng031.htm]
[www.trekbrasilis.org/classico/tng/episodios/tng032.htm]
[www.trekbrasilis.org/classico/tng/episodios/tng033.htm]
[www.trekbrasilis.org/classico/tng/episodios/tng034.htm]
[www.trekbrasilis.org/classico/tng/episodios/tng036.htm]
[www.trekbrasilis.org/classico/tng/episodios/tng037.htm]
[www.trekbrasilis.org/classico/tng/episodios/tng075.htm]
[www.trekbrasilis.org/classico/tng/episodios/tng076.htm]
[www.trekbrasilis.org/classico/tng/episodios/tng078.htm]
[www.trekbrasilis.org/classico/tng/episodios/tng079.htm]
[www.trekbrasilis.org/classico/tng/episodios/tng080.htm]
[www.trekbrasilis.org/classico/tng/episodios/tng081.htm]
[www.trekbrasilis.org/classico/tng/episodios/tng082.htm]
[www.trekbrasilis.org/classico/tng/episodios/tng083.htm]
[www.trekbrasilis.org/classico/tng/episodios/tng084.htm]
[www.trekbrasilis.org/classico/tng/episodios/tng086.htm]
[www.trekbrasilis.org/classico/tng/episodios/tng087.htm]
[www.trekbrasilis.org/classico/tng/episodios/tng088.htm]
[www.trekbrasilis.org/classico/tng/episodios/tng089.htm]
[www.trekbrasilis.org/classico/tng/episodios/tng090.htm]
[www.trekbrasilis.org/classico/tng/episodios/tng091.htm]
[www.trekbrasilis.org/classico/tng/episodios/tng092.htm]
[www.trekbrasilis.org/classico/tng/episodios/tng093.htm]
[www.trekbrasilis.org/classico/tng/episodios/tng094.htm]
[www.trekbrasilis.org/classico/tng/episodios/tng095.htm]
[www.trekbrasilis.org/classico/tng/episodios/tng096.htm]
[www.trekbrasilis.org/classico/tng/episodios/tng097.htm]
[www.trekbrasilis.org/classico/tng/episodios/tng098.htm]
[www.trekbrasilis.org/classico/tng/episodios/tng100.htm]
[www.trekbrasilis.org/classico/tng/episodios/tng101.htm]
[www.trekbrasilis.org/classico/tng/episodios/tng102.htm]
[www.trekbrasilis.org/classico/tng/episodios/tng103.htm]
[www.trekbrasilis.org/classico/tng/episodios/tng104.htm]
[www.trekbrasilis.org/classico/tng/episodios/tng105.htm]
[www.trekbrasilis.org/classico/tng/episodios/tng106.htm]
[www.trekbrasilis.org/classico/tng/episodios/tng107.htm]
[www.trekbrasilis.org/classico/tng/episodios/tng108.htm]
[www.trekbrasilis.org/classico/tng/episodios/tng109.htm]
[www.trekbrasilis.org/classico/tng/episodios/tng110.htm]
[www.trekbrasilis.org/classico/tng/episodios/tng112.htm]
[www.trekbrasilis.org/classico/tng/episodios/tng113.htm]
[www.trekbrasilis.org/classico/tng/episodios/tng114.htm]
[www.trekbrasilis.org/classico/tng/episodios/tng115.htm]
[www.trekbrasilis.org/classico/tng/episodios/tng116.htm]
[www.trekbrasilis.org/classico/tng/episodios/tng117.htm]
[www.trekbrasilis.org/classico/tng/episodios/tng118.htm]
[www.trekbrasilis.org/classico/tng/episodios/tng119.htm]
[www.trekbrasilis.org/classico/tng/episodios/tng120.htm]
[www.trekbrasilis.org/classico/tng/episodios/tng121.htm]
[www.trekbrasilis.org/classico/tng/episodios/tng122.htm]
[www.trekbrasilis.org/classico/tng/episodios/tng123.htm]
[www.trekbrasilis.org/classico/tng/episodios/tng124.htm]
[www.trekbrasilis.org/classico/tng/episodios/tng125.htm]
[www.trekbrasilis.org/classico/tng/episodios/tng126.htm]
[www.trekbrasilis.org/classico/tng/episodios/tng127.htm]
[www.trekbrasilis.org/classico/tng/episodios/tng128.htm]
[www.trekbrasilis.org/classico/tng/episodios/tng129.htm]
[www.trekbrasilis.org/classico/tng/episodios/tng130.htm]
[www.trekbrasilis.org/classico/tng/episodios/tng131.htm]
[www.trekbrasilis.org/classico/tng/episodios/tng132.htm]
[www.trekbrasilis.org/classico/tng/episodios/tng133.htm]
[www.trekbrasilis.org/classico/tng/episodios/tng134.htm]
[www.trekbrasilis.org/classico/tng/episodios/tng136.htm]
[www.trekbrasilis.org/classico/tng/episodios/tng137.htm]
[www.trekbrasilis.org/classico/tng/episodios/tng138.htm]
[www.trekbrasilis.org/classico/tng/episodios/tng139.htm]
[www.trekbrasilis.org/classico/tng/episodios/tng140.htm]
[www.trekbrasilis.org/classico/tng/episodios/tng141.htm]
[www.trekbrasilis.org/classico/tng/episodios/tng142.htm]
[www.trekbrasilis.org/classico/tng/episodios/tng143.htm]
[www.trekbrasilis.org/classico/tng/episodios/tng144.htm]
[www.trekbrasilis.org/classico/tng/episodios/tng145.htm]
[www.trekbrasilis.org/classico/tng/episodios/tng146.htm]
[www.trekbrasilis.org/classico/tng/episodios/index.htm]
[www.trekbrasilis.org/classico/tng/producao/diariotitulo.jpg]
[www.trekbrasilis.org/classico/tng/producao/diario1titulo.jpg]
[www.trekbrasilis.org/classico/tng/producao/diario1.htm]
[www.trekbrasilis.org/classico/tng/producao/diario3titulo.jpg]
[www.trekbrasilis.org/classico/tng/producao/diario3.htm]
[www.trekbrasilis.org/classico/tng/producao/diario4titulo.jpg]
[www.trekbrasilis.org/classico/tng/producao/diario4.htm]
[www.trekbrasilis.org/classico/tng/producao/diario5titulo.jpg]
[www.trekbrasilis.org/classico/tng/producao/diario5.htm]
[www.trekbrasilis.org/classico/tng/barratng.jpg]
[www.trekbrasilis.org/classico/tng/producao/especiaistitulo.jpg]
[www.trekbrasilis.org/classico/tng/producao/uniformestitulo.jpg]
[www.trekbrasilis.org/classico/tng/producao/uniformes.htm]
[www.trekbrasilis.org/classico/tng/producao/picardtitulo.jpg]
[www.trekbrasilis.org/classico/tng/producao/picard.htm]
[www.trekbrasilis.org/classico/tng/producao/relicstitulo.jpg]
[www.trekbrasilis.org/classico/tng/producao/relics.htm]
[www.trekbrasilis.org/classico/tng/producao/sarektitulo.jpg]
[www.trekbrasilis.org/classico/tng/producao/sarek.htm]
[www.trekbrasilis.org/classico/tng/producao/borgtitulo.jpg]
[www.trekbrasilis.org/classico/tng/producao/borg.htm]
[www.trekbrasilis.org/classico/tng/producao/chasetitulo.jpg]
[www.trekbrasilis.org/classico/tng/producao/pegasustitulo.jpg]
[www.trekbrasilis.org/classico/tng/producao/pegasus.htm]
[www.trekbrasilis.org/classico/tng/producao/index.htm]
[www.trekbrasilis.org/classico/tng/universo/universo.jpg]
[www.trekbrasilis.org/classico/tng/universo/especiestitulo.jpg]
[www.trekbrasilis.org/classico/tng/universo/atlastitulo.jpg]
[www.trekbrasilis.org/classico/tng/universo/tecnologiatitulo.jpg]
[www.trekbrasilis.org/classico/tng/universo/tecnologia/index.html]
[www.trekbrasilis.org/classico/tng/universo/cronologiatitulo.jpg]
[www.trekbrasilis.org/classico/tng/universo/index.htm]
[www.trekbrasilis.org/classico/tng/especiais/especiaistitulo.jpg]
[www.trekbrasilis.org/classico/tng/especiais/tng15anostitulo.jpg]
[www.trekbrasilis.org/classico/tng/especiais/tng15anos.htm]
[www.trekbrasilis.org/classico/tng/especiais/dvdstitulo.jpg]
[www.trekbrasilis.org/classico/tng/especiais/index.htm]
[www.trekbrasilis.org/classico/ds9/episodios/ds9066.htm]
[www.trekbrasilis.org/classico/ds9/breve.htm]
[www.trekbrasilis.org/classico/ds9/index.htm]
[www.trekbrasilis.org/classico/ds9/episodios/ds9067.htm]
[www.trekbrasilis.org/classico/ds9/coluna/coluna14titulo.jpg]
[www.trekbrasilis.org/classico/ds9/coluna/coluna14.htm]
[www.trekbrasilis.org/classico/ds9/coluna/coluna13titulo.jpg]
[www.trekbrasilis.org/classico/ds9/coluna/coluna13.htm]
[www.trekbrasilis.org/classico/ds9/coluna/coluna12titulo.jpg]
[www.trekbrasilis.org/classico/ds9/coluna/coluna12.htm]
[www.trekbrasilis.org/classico/ds9/coluna/coluna11titulo.539.delayed]
[www.trekbrasilis.org/classico/ds9/coluna/coluna11.htm]
[www.trekbrasilis.org/classico/ds9/coluna/coluna9titulo.jpg]
[www.trekbrasilis.org/classico/ds9/coluna/coluna9.htm]
[www.trekbrasilis.org/classico/ds9/coluna/coluna8titulo.jpg]
[www.trekbrasilis.org/classico/ds9/coluna/coluna8.htm]
[www.trekbrasilis.org/classico/ds9/coluna/coluna7titulo.jpg]
[www.trekbrasilis.org/classico/ds9/coluna/coluna7.htm]
[www.trekbrasilis.org/classico/ds9/coluna/coluna6titulo.jpg]
[www.trekbrasilis.org/classico/ds9/coluna/coluna6.htm]
[www.trekbrasilis.org/classico/ds9/coluna/coluna5titulo.jpg]
[www.trekbrasilis.org/classico/ds9/coluna/coluna5.htm]
[www.trekbrasilis.org/classico/ds9/coluna/coluna4titulo.jpg]
[www.trekbrasilis.org/classico/ds9/coluna/coluna4.htm]
[www.trekbrasilis.org/classico/ds9/coluna/coluna3titulo.jpg]
[www.trekbrasilis.org/classico/ds9/coluna/coluna3.htm]
[www.trekbrasilis.org/classico/ds9/coluna/coluna2titulo.jpg]
[www.trekbrasilis.org/classico/ds9/coluna/coluna2.htm]
[www.trekbrasilis.org/classico/ds9/coluna/coluna1titulo.jpg]
[www.trekbrasilis.org/classico/ds9/coluna/coluna1.htm]
[www.trekbrasilis.org/classico/ds9/coluna/arquivo.htm]
[www.trekbrasilis.org/classico/ds9/episodios/temp1.htm]
[www.trekbrasilis.org/classico/ds9/episodios/temp1.jpg]
[www.trekbrasilis.org/classico/ds9/episodios/temp2.jpg]
[www.trekbrasilis.org/classico/ds9/episodios/temp2.htm]
[www.trekbrasilis.org/classico/ds9/episodios/temp3.htm]
[www.trekbrasilis.org/classico/ds9/episodios/temp3.jpg]
[www.trekbrasilis.org/classico/ds9/episodios/temp4.htm]
[www.trekbrasilis.org/classico/ds9/episodios/temp4.jpg]
[www.trekbrasilis.org/classico/ds9/episodios/temp5.htm]
[www.trekbrasilis.org/classico/ds9/episodios/temp5.jpg]
[www.trekbrasilis.org/classico/ds9/episodios/temp6.htm]
[www.trekbrasilis.org/classico/ds9/episodios/temp6.jpg]
[www.trekbrasilis.org/classico/ds9/episodios/temp7.htm]
[www.trekbrasilis.org/classico/ds9/episodios/temp7.jpg]
[www.trekbrasilis.org/classico/ds9/episodios/perspectiva.jpg]
[www.trekbrasilis.org/classico/ds9/episodios/ds9073.htm]
[www.trekbrasilis.org/classico/ds9/episodios/ds9003.htm]
[www.trekbrasilis.org/classico/ds9/episodios/ds9004.htm]
[www.trekbrasilis.org/classico/ds9/episodios/ds9005.htm]
[www.trekbrasilis.org/classico/ds9/episodios/ds9006.htm]
[www.trekbrasilis.org/classico/ds9/episodios/ds9007.htm]
[www.trekbrasilis.org/classico/ds9/episodios/ds9009.htm]
[www.trekbrasilis.org/classico/ds9/episodios/ds9010.htm]
[www.trekbrasilis.org/classico/ds9/episodios/ds9011.htm]
[www.trekbrasilis.org/classico/ds9/episodios/ds9012.htm]
[www.trekbrasilis.org/classico/ds9/episodios/ds9013.htm]
[www.trekbrasilis.org/classico/ds9/episodios/ds9014.htm]
[www.trekbrasilis.org/classico/ds9/episodios/ds9015.htm]
[www.trekbrasilis.org/classico/ds9/episodios/ds9016.htm]
[www.trekbrasilis.org/classico/ds9/episodios/ds9017.htm]
[www.trekbrasilis.org/classico/ds9/episodios/ds9018.htm]
[www.trekbrasilis.org/classico/ds9/episodios/ds9019.htm]
[www.trekbrasilis.org/classico/ds9/episodios/ds9020.htm]
[www.trekbrasilis.org/classico/ds9/episodios/ds9021.htm]
[www.trekbrasilis.org/classico/ds9/episodios/ds9022.htm]
[www.trekbrasilis.org/classico/ds9/episodios/ds9023.htm]
[www.trekbrasilis.org/classico/ds9/episodios/ds9024.htm]
[www.trekbrasilis.org/classico/ds9/episodios/ds9025.htm]
[www.trekbrasilis.org/classico/ds9/episodios/ds9027.htm]
[www.trekbrasilis.org/classico/ds9/episodios/ds9029.htm]
[www.trekbrasilis.org/classico/ds9/episodios/ds9030.htm]
[www.trekbrasilis.org/classico/ds9/episodios/ds9031.htm]
[www.trekbrasilis.org/classico/ds9/episodios/ds9032.htm]
[www.trekbrasilis.org/classico/ds9/episodios/ds9033.htm]
[www.trekbrasilis.org/classico/ds9/episodios/ds9034.htm]
[www.trekbrasilis.org/classico/ds9/episodios/ds9035.htm]
[www.trekbrasilis.org/classico/ds9/episodios/ds9036.htm]
[www.trekbrasilis.org/classico/ds9/episodios/ds9037.htm]
[www.trekbrasilis.org/classico/ds9/episodios/ds9038.htm]
[www.trekbrasilis.org/classico/ds9/episodios/ds9039.htm]
[www.trekbrasilis.org/classico/ds9/episodios/ds9040.htm]
[www.trekbrasilis.org/classico/ds9/episodios/ds9041.htm]
[www.trekbrasilis.org/classico/ds9/episodios/ds9042.htm]
[www.trekbrasilis.org/classico/ds9/episodios/ds9043.htm]
[www.trekbrasilis.org/classico/ds9/episodios/ds9044.htm]
[www.trekbrasilis.org/classico/ds9/episodios/ds9045.htm]
[www.trekbrasilis.org/classico/ds9/episodios/ds9046.htm]
[www.trekbrasilis.org/classico/ds9/episodios/ds9047.htm]
[www.trekbrasilis.org/classico/ds9/episodios/ds9048.htm]
[www.trekbrasilis.org/classico/ds9/episodios/ds9049.htm]
[www.trekbrasilis.org/classico/ds9/episodios/ds9050.htm]
[www.trekbrasilis.org/classico/ds9/episodios/ds9051.htm]
[www.trekbrasilis.org/classico/ds9/episodios/ds9052.htm]
[www.trekbrasilis.org/classico/ds9/episodios/ds9053.htm]
[www.trekbrasilis.org/classico/ds9/episodios/ds9054.htm]
[www.trekbrasilis.org/classico/ds9/episodios/ds9055.htm]
[www.trekbrasilis.org/classico/ds9/episodios/ds9057.htm]
[www.trekbrasilis.org/classico/ds9/episodios/ds9059.htm]
[www.trekbrasilis.org/classico/ds9/episodios/ds9060.htm]
[www.trekbrasilis.org/classico/ds9/episodios/ds9061.htm]
[www.trekbrasilis.org/classico/ds9/episodios/ds9062.htm]
[www.trekbrasilis.org/classico/ds9/episodios/ds9063.htm]
[www.trekbrasilis.org/classico/ds9/episodios/ds9064.htm]
[www.trekbrasilis.org/classico/ds9/episodios/ds9065.htm]
[www.trekbrasilis.org/classico/ds9/episodios/ds9068.htm]
[www.trekbrasilis.org/classico/ds9/episodios/ds9069.htm]
[www.trekbrasilis.org/classico/ds9/episodios/ds9075.htm]
[www.trekbrasilis.org/classico/ds9/episodios/index.htm]
[www.trekbrasilis.org/classico/ds9/producao/diariotitulo.jpg]
[www.trekbrasilis.org/classico/ds9/producao/diario1titulo.jpg]
[www.trekbrasilis.org/classico/ds9/producao/diario1.htm]
[www.trekbrasilis.org/classico/ds9/barrads9.jpg]
[www.trekbrasilis.org/classico/ds9/producao/especiaistitulo.jpg]
[www.trekbrasilis.org/classico/ds9/producao/defianttitulo.jpg]
[www.trekbrasilis.org/classico/ds9/producao/defiant.htm]
[www.trekbrasilis.org/classico/ds9/producao/verdadesmentirastitulo.jpg]
[www.trekbrasilis.org/classico/ds9/producao/index.htm]
[www.trekbrasilis.org/classico/ds9/producao/verdadesmentiras.htm]
[www.trekbrasilis.org/classico/ds9/universo/universo.jpg]
[www.trekbrasilis.org/classico/ds9/universo/especiestitulo.jpg]
[www.trekbrasilis.org/classico/ds9/universo/atlastitulo.jpg]
[www.trekbrasilis.org/classico/ds9/universo/tecnologiatitulo.jpg]
[www.trekbrasilis.org/classico/ds9/universo/tecnologia/index.html]
[www.trekbrasilis.org/classico/ds9/universo/cronologiatitulo.jpg]
[www.trekbrasilis.org/classico/ds9/universo/biografiastitulo.jpg]
[www.trekbrasilis.org/classico/ds9/universo/biografias/index.html]
[www.trekbrasilis.org/classico/ds9/universo/index.htm]
[www.trekbrasilis.org/classico/ds9/especiais/especiaistitulo.jpg]
[www.trekbrasilis.org/classico/ds9/especiais/iniciods9-titulo.jpg]
[www.trekbrasilis.org/classico/ds9/especiais/iniciods9.htm]
[www.trekbrasilis.org/classico/ds9/especiais/paraisotitulo.jpg]
[www.trekbrasilis.org/classico/ds9/especiais/paraiso.htm]
[www.trekbrasilis.org/classico/ds9/especiais/nanavisitor2titulo.jpg]
[www.trekbrasilis.org/classico/ds9/especiais/nanavisitor2.htm]
[www.trekbrasilis.org/classico/ds9/especiais/direitocardassianotitulo.jpg]
[www.trekbrasilis.org/classico/ds9/especiais/direitocardassiano.htm]
[www.trekbrasilis.org/classico/ds9/especiais/10anostitulo.jpg]
[www.trekbrasilis.org/classico/ds9/especiais/10anos.htm]
[www.trekbrasilis.org/classico/ds9/especiais/continuidadetitulo.jpg]
[www.trekbrasilis.org/classico/ds9/especiais/continuidade.htm]
[www.trekbrasilis.org/classico/ds9/especiais/dormindotitulo.jpg]
[www.trekbrasilis.org/classico/ds9/especiais/dormindo.htm]
[www.trekbrasilis.org/classico/ds9/especiais/nanavisitortitulo.jpg]
[www.trekbrasilis.org/classico/ds9/especiais/nanavisitor.htm]
[www.trekbrasilis.org/classico/ds9/especiais/depenandotitulo.jpg]
[www.trekbrasilis.org/classico/ds9/especiais/depenando.htm]
[www.trekbrasilis.org/classico/ds9/especiais/dvdstitulo.jpg]
[www.trekbrasilis.org/classico/ds9/especiais/index.htm]
[www.trekbrasilis.org/classico/voy/index.htm]
[www.trekbrasilis.org/classico/voy/breve.htm]
[www.trekbrasilis.org/classico/voy/coluna/coluna21titulo.jpg]
[www.trekbrasilis.org/classico/voy/coluna/coluna21.htm]
[www.trekbrasilis.org/classico/voy/coluna/coluna20titulo.jpg]
[www.trekbrasilis.org/classico/voy/coluna/coluna20.htm]
[www.trekbrasilis.org/classico/voy/coluna/coluna19titulo.jpg]
[www.trekbrasilis.org/classico/voy/coluna/coluna18titulo.jpg]
[www.trekbrasilis.org/classico/voy/coluna/coluna18.htm]
[www.trekbrasilis.org/classico/voy/coluna/coluna17titulo.jpg]
[www.trekbrasilis.org/classico/voy/coluna/coluna17.htm]
[www.trekbrasilis.org/classico/voy/coluna/coluna16titulo.jpg]
[www.trekbrasilis.org/classico/voy/coluna/coluna16.htm]
[www.trekbrasilis.org/classico/voy/coluna/coluna15titulo.jpg]
[www.trekbrasilis.org/classico/voy/coluna/coluna15.htm]
[www.trekbrasilis.org/classico/voy/coluna/coluna14titulo.jpg]
[www.trekbrasilis.org/classico/voy/coluna/coluna14.htm]
[www.trekbrasilis.org/classico/voy/coluna/coluna13titulo.jpg]
[www.trekbrasilis.org/classico/voy/coluna/coluna13.htm]
[www.trekbrasilis.org/classico/voy/coluna/coluna12titulo.jpg]
[www.trekbrasilis.org/classico/voy/coluna/coluna12.htm]
[www.trekbrasilis.org/classico/voy/coluna/coluna11titulo.jpg]
[www.trekbrasilis.org/classico/voy/coluna/coluna11.htm]
[www.trekbrasilis.org/classico/voy/coluna/coluna10titulo.jpg]
[www.trekbrasilis.org/classico/voy/coluna/coluna10.htm]
[www.trekbrasilis.org/classico/voy/coluna/coluna9titulo.jpg]
[www.trekbrasilis.org/classico/voy/coluna/coluna9.htm]
[www.trekbrasilis.org/classico/voy/coluna/coluna8titulo.jpg]
[www.trekbrasilis.org/classico/voy/coluna/coluna8.htm]
[www.trekbrasilis.org/classico/voy/coluna/coluna7titulo.jpg]
[www.trekbrasilis.org/classico/voy/coluna/coluna7.htm]
[www.trekbrasilis.org/classico/voy/coluna/coluna6titulo.jpg]
[www.trekbrasilis.org/classico/voy/coluna/coluna6.htm]
[www.trekbrasilis.org/classico/voy/coluna/coluna5titulo.jpg]
[www.trekbrasilis.org/classico/voy/coluna/coluna5.htm]
[www.trekbrasilis.org/classico/voy/coluna/coluna4titulo.jpg]
[www.trekbrasilis.org/classico/voy/coluna/coluna4.htm]
[www.trekbrasilis.org/classico/voy/coluna/coluna3titulo.jpg]
[www.trekbrasilis.org/classico/voy/coluna/coluna3.htm]
[www.trekbrasilis.org/classico/voy/coluna/coluna2titulo.jpg]
[www.trekbrasilis.org/classico/voy/coluna/coluna2.htm]
[www.trekbrasilis.org/classico/voy/coluna/coluna1titulo.jpg]
[www.trekbrasilis.org/classico/voy/coluna/arquivo.htm]
[www.trekbrasilis.org/classico/voy/episodios/temp1.htm]
[www.trekbrasilis.org/classico/voy/episodios/temp1.jpg]
[www.trekbrasilis.org/classico/voy/episodios/temp2.htm]
[www.trekbrasilis.org/classico/voy/episodios/temp2.jpg]
[www.trekbrasilis.org/classico/voy/episodios/temp3.htm]
[www.trekbrasilis.org/classico/voy/episodios/temp3.jpg]
[www.trekbrasilis.org/classico/voy/episodios/temp4.htm]
[www.trekbrasilis.org/classico/voy/episodios/temp4.jpg]
[www.trekbrasilis.org/classico/voy/episodios/temp5.htm]
[www.trekbrasilis.org/classico/voy/episodios/temp5.jpg]
[www.trekbrasilis.org/classico/voy/episodios/temp6.htm]
[www.trekbrasilis.org/classico/voy/episodios/temp6.jpg]
[www.trekbrasilis.org/classico/voy/episodios/temp7.htm]
[www.trekbrasilis.org/classico/voy/episodios/temp7.jpg]
[www.trekbrasilis.org/classico/voy/episodios/perspectiva.jpg]
[www.trekbrasilis.org/classico/voy/episodios/voy001.htm]
[www.trekbrasilis.org/classico/voy/episodios/voy003.htm]
[www.trekbrasilis.org/classico/voy/episodios/voy004.htm]
[www.trekbrasilis.org/classico/voy/episodios/voy005.htm]
[www.trekbrasilis.org/classico/voy/episodios/voy006.htm]
[www.trekbrasilis.org/classico/voy/episodios/voy007.htm]
[www.trekbrasilis.org/classico/voy/episodios/voy008.htm]
[www.trekbrasilis.org/classico/voy/episodios/voy009.htm]
[www.trekbrasilis.org/classico/voy/episodios/voy010.htm]
[www.trekbrasilis.org/classico/voy/episodios/voy011.htm]
[www.trekbrasilis.org/classico/voy/episodios/voy012.htm]
[www.trekbrasilis.org/classico/voy/episodios/voy013.htm]
[www.trekbrasilis.org/classico/voy/episodios/voy014.htm]
[www.trekbrasilis.org/classico/voy/episodios/voy015.htm]
[www.trekbrasilis.org/classico/voy/episodios/voy016.htm]
[www.trekbrasilis.org/classico/voy/episodios/voy017.htm]
[www.trekbrasilis.org/classico/voy/episodios/voy018.htm]
[www.trekbrasilis.org/classico/voy/episodios/voy019.htm]
[www.trekbrasilis.org/classico/voy/episodios/voy020.htm]
[www.trekbrasilis.org/classico/voy/episodios/voy021.htm]
[www.trekbrasilis.org/classico/voy/episodios/voy022.htm]
[www.trekbrasilis.org/classico/voy/episodios/voy023.htm]
[www.trekbrasilis.org/classico/voy/episodios/voy024.htm]
[www.trekbrasilis.org/classico/voy/episodios/voy025.htm]
[www.trekbrasilis.org/classico/voy/episodios/voy026.htm]
[www.trekbrasilis.org/classico/voy/episodios/voy027.htm]
[www.trekbrasilis.org/classico/voy/episodios/voy028.htm]
[www.trekbrasilis.org/classico/voy/episodios/voy029.htm]
[www.trekbrasilis.org/classico/voy/episodios/voy030.htm]
[www.trekbrasilis.org/classico/voy/episodios/voy031.htm]
[www.trekbrasilis.org/classico/voy/episodios/voy032.htm]
[www.trekbrasilis.org/classico/voy/episodios/voy033.htm]
[www.trekbrasilis.org/classico/voy/episodios/voy034.htm]
[www.trekbrasilis.org/classico/voy/episodios/voy035.htm]
[www.trekbrasilis.org/classico/voy/episodios/voy036.htm]
[www.trekbrasilis.org/classico/voy/episodios/voy037.htm]
[www.trekbrasilis.org/classico/voy/episodios/voy038.htm]
[www.trekbrasilis.org/classico/voy/episodios/voy039.htm]
[www.trekbrasilis.org/classico/voy/episodios/voy040.htm]
[www.trekbrasilis.org/classico/voy/episodios/voy041.htm]
[www.trekbrasilis.org/classico/voy/episodios/voy042.htm]
[www.trekbrasilis.org/classico/voy/episodios/voy043.htm]
[www.trekbrasilis.org/classico/voy/episodios/voy044.htm]
[www.trekbrasilis.org/classico/voy/episodios/voy045.htm]
[www.trekbrasilis.org/classico/voy/episodios/voy046.htm]
[www.trekbrasilis.org/classico/voy/episodios/voy047.htm]
[www.trekbrasilis.org/classico/voy/episodios/voy048.htm]
[www.trekbrasilis.org/classico/voy/episodios/voy049.htm]
[www.trekbrasilis.org/classico/voy/episodios/voy050.htm]
[www.trekbrasilis.org/classico/voy/episodios/voy051.htm]
[www.trekbrasilis.org/classico/voy/episodios/voy052.htm]
[www.trekbrasilis.org/classico/voy/episodios/voy053.htm]
[www.trekbrasilis.org/classico/voy/episodios/voy054.htm]
[www.trekbrasilis.org/classico/voy/episodios/voy055.htm]
[www.trekbrasilis.org/classico/voy/episodios/voy056.htm]
[www.trekbrasilis.org/classico/voy/episodios/voy057.htm]
[www.trekbrasilis.org/classico/voy/episodios/voy058.htm]
[www.trekbrasilis.org/classico/voy/episodios/voy059.htm]
[www.trekbrasilis.org/classico/voy/episodios/voy060.htm]
[www.trekbrasilis.org/classico/voy/episodios/voy061.htm]
[www.trekbrasilis.org/classico/voy/episodios/voy062.htm]
[www.trekbrasilis.org/classico/voy/episodios/voy063.htm]
[www.trekbrasilis.org/classico/voy/episodios/voy064.htm]
[www.trekbrasilis.org/classico/voy/episodios/voy066.htm]
[www.trekbrasilis.org/classico/voy/episodios/voy067.htm]
[www.trekbrasilis.org/classico/voy/episodios/voy068.htm]
[www.trekbrasilis.org/classico/voy/episodios/voy069.htm]
[www.trekbrasilis.org/classico/voy/episodios/voy070.htm]
[www.trekbrasilis.org/classico/voy/episodios/voy071.htm]
[www.trekbrasilis.org/classico/voy/episodios/voy072.htm]
[www.trekbrasilis.org/classico/voy/episodios/voy073.htm]
[www.trekbrasilis.org/classico/voy/episodios/voy074.htm]
[www.trekbrasilis.org/classico/voy/episodios/voy075.htm]
[www.trekbrasilis.org/classico/voy/episodios/voy076.htm]
[www.trekbrasilis.org/classico/voy/episodios/voy077.htm]
[www.trekbrasilis.org/classico/voy/episodios/voy078.htm]
[www.trekbrasilis.org/classico/voy/episodios/voy079.htm]
[www.trekbrasilis.org/classico/voy/episodios/voy080.htm]
[www.trekbrasilis.org/classico/voy/episodios/voy081.htm]
[www.trekbrasilis.org/classico/voy/episodios/voy082.htm]
[www.trekbrasilis.org/classico/voy/episodios/voy083.htm]
[www.trekbrasilis.org/classico/voy/episodios/voy084.htm]
[www.trekbrasilis.org/classico/voy/episodios/voy085.htm]
[www.trekbrasilis.org/classico/voy/episodios/voy086.htm]
[www.trekbrasilis.org/classico/voy/episodios/voy087.htm]
[www.trekbrasilis.org/classico/voy/episodios/voy088.htm]
[www.trekbrasilis.org/classico/voy/episodios/voy089.htm]
[www.trekbrasilis.org/classico/voy/episodios/voy090.htm]
[www.trekbrasilis.org/classico/voy/episodios/voy091.htm]
[www.trekbrasilis.org/classico/voy/episodios/voy092.htm]
[www.trekbrasilis.org/classico/voy/episodios/voy093.htm]
[www.trekbrasilis.org/classico/voy/episodios/voy094.htm]
[www.trekbrasilis.org/classico/voy/episodios/voy122.htm]
[www.trekbrasilis.org/classico/voy/episodios/index.htm]
[www.trekbrasilis.org/classico/voy/producao/diariotitulo.jpg]
[www.trekbrasilis.org/classico/voy/producao/especiaistitulo.jpg]
[www.trekbrasilis.org/classico/voy/producao/interior2titulo.jpg]
[www.trekbrasilis.org/classico/voy/producao/interiores2.htm]
[www.trekbrasilis.org/classico/voy/producao/interiores1.htm]
[www.trekbrasilis.org/classico/voy/producao/seventitulo.jpg]
[www.trekbrasilis.org/classico/voy/producao/seven.htm]
[www.trekbrasilis.org/classico/voy/producao/mulgrewtitulo.jpg]
[www.trekbrasilis.org/classico/voy/producao/mulgrew.htm]
[www.trekbrasilis.org/classico/voy/producao/bujoldtitulo.jpg]
[www.trekbrasilis.org/classico/voy/producao/bujold.htm]
[www.trekbrasilis.org/classico/voy/producao/index.htm]
[www.trekbrasilis.org/classico/voy/universo/universo.jpg]
[www.trekbrasilis.org/classico/voy/universo/especiestitulo.jpg]
[www.trekbrasilis.org/classico/voy/universo/especies/index.htm]
[www.trekbrasilis.org/classico/voy/universo/atlastitulo.jpg]
[www.trekbrasilis.org/classico/voy/universo/tecnologiatitulo.jpg]
[www.trekbrasilis.org/classico/voy/universo/cronologiatitulo.jpg]
[www.trekbrasilis.org/classico/voy/universo/index.htm]
[www.trekbrasilis.org/classico/voy/especiais/especiaistitulo.jpg]
[www.trekbrasilis.org/classico/voy/especiais/endgametitulo.jpg]
[www.trekbrasilis.org/classico/voy/especiais/endgame.htm]
[www.trekbrasilis.org/classico/voy/especiais/index.htm]
[www.trekbrasilis.org/classico/ent/breve.htm]
[www.trekbrasilis.org/classico/ent/index.htm]
[www.trekbrasilis.org/classico/ent/coluna/index.htm]
[www.trekbrasilis.org/classico/ent/coluna/coluna17titulo.jpg]
[www.trekbrasilis.org/classico/ent/coluna/coluna17.htm]
[www.trekbrasilis.org/classico/ent/coluna/coluna16titulo.jpg]
[www.trekbrasilis.org/classico/ent/coluna/coluna16.htm]
[www.trekbrasilis.org/classico/ent/coluna/coluna15titulo.jpg]
[www.trekbrasilis.org/classico/ent/coluna/coluna15.htm]
[www.trekbrasilis.org/classico/ent/coluna/coluna14titulo.jpg]
[www.trekbrasilis.org/classico/ent/coluna/coluna14.htm]
[www.trekbrasilis.org/classico/ent/coluna/coluna13titulo.jpg]
[www.trekbrasilis.org/classico/ent/coluna/coluna13.htm]
[www.trekbrasilis.org/classico/ent/coluna/coluna12titulo.jpg]
[www.trekbrasilis.org/classico/ent/coluna/coluna12.htm]
[www.trekbrasilis.org/classico/ent/coluna/coluna11titulo.jpg]
[www.trekbrasilis.org/classico/ent/coluna/coluna11.htm]
[www.trekbrasilis.org/classico/ent/coluna/coluna10titulo.jpg]
[www.trekbrasilis.org/classico/ent/coluna/coluna10.htm]
[www.trekbrasilis.org/classico/ent/coluna/coluna9titulo.jpg]
[www.trekbrasilis.org/classico/ent/coluna/coluna9.htm]
[www.trekbrasilis.org/classico/ent/coluna/coluna8titulo.jpg]
[www.trekbrasilis.org/classico/ent/coluna/coluna8.htm]
[www.trekbrasilis.org/classico/ent/coluna/coluna7titulo.jpg]
[www.trekbrasilis.org/classico/ent/coluna/coluna7.htm]
[www.trekbrasilis.org/classico/ent/coluna/coluna6titulo.jpg]
[www.trekbrasilis.org/classico/ent/coluna/coluna6.htm]
[www.trekbrasilis.org/classico/ent/coluna/coluna5titulo.jpg]
[www.trekbrasilis.org/classico/ent/coluna/coluna5.htm]
[www.trekbrasilis.org/classico/ent/coluna/coluna4titulo.jpg]
[www.trekbrasilis.org/classico/ent/coluna/coluna4.htm]
[www.trekbrasilis.org/classico/ent/coluna/coluna3titulo.jpg]
[www.trekbrasilis.org/classico/ent/coluna/coluna3.htm]
[www.trekbrasilis.org/classico/ent/coluna/coluna2titulo.jpg]
[www.trekbrasilis.org/classico/ent/coluna/coluna2.htm]
[www.trekbrasilis.org/classico/ent/coluna/coluna1titulo.jpg]
[www.trekbrasilis.org/classico/ent/coluna/coluna1.htm]
[www.trekbrasilis.org/classico/ent/coluna/arquivo.htm]
[www.trekbrasilis.org/classico/ent/episodios/temp1.htm]
[www.trekbrasilis.org/classico/ent/episodios/temp1.jpg]
[www.trekbrasilis.org/classico/ent/episodios/temp2.htm]
[www.trekbrasilis.org/classico/ent/episodios/temp2.jpg]
[www.trekbrasilis.org/classico/ent/episodios/temp3.htm]
[www.trekbrasilis.org/classico/ent/episodios/temp3.jpg]
[www.trekbrasilis.org/classico/ent/episodios/temp4.htm]
[www.trekbrasilis.org/classico/ent/episodios/temp4.jpg]
[www.trekbrasilis.org/classico/ent/episodios/perspectiva.jpg]
[www.trekbrasilis.org/classico/ent/episodios/ent003.htm]
[www.trekbrasilis.org/classico/ent/episodios/ent004.htm]
[www.trekbrasilis.org/classico/ent/episodios/ent006.htm]
[www.trekbrasilis.org/classico/ent/episodios/ent008.htm]
[www.trekbrasilis.org/classico/ent/episodios/ent009.htm]
[www.trekbrasilis.org/classico/ent/episodios/ent011.htm]
[www.trekbrasilis.org/classico/ent/episodios/ent014.htm]
[www.trekbrasilis.org/classico/ent/episodios/ent015.htm]
[www.trekbrasilis.org/classico/ent/episodios/ent016.htm]
[www.trekbrasilis.org/classico/ent/episodios/ent018.htm]
[www.trekbrasilis.org/classico/ent/episodios/ent019.htm]
[www.trekbrasilis.org/classico/ent/episodios/ent020.htm]
[www.trekbrasilis.org/classico/ent/episodios/ent021.htm]
[www.trekbrasilis.org/classico/ent/episodios/ent022.htm]
[www.trekbrasilis.org/classico/ent/episodios/ent023.htm]
[www.trekbrasilis.org/classico/ent/episodios/ent024.htm]
[www.trekbrasilis.org/classico/ent/episodios/ent025.htm]
[www.trekbrasilis.org/classico/ent/episodios/ent026.htm]
[www.trekbrasilis.org/classico/ent/episodios/ent027.htm]
[www.trekbrasilis.org/classico/ent/episodios/ent028.htm]
[www.trekbrasilis.org/classico/ent/episodios/ent029.htm]
[www.trekbrasilis.org/classico/ent/episodios/ent030.htm]
[www.trekbrasilis.org/classico/ent/episodios/ent031.htm]
[www.trekbrasilis.org/classico/ent/episodios/ent032.htm]
[www.trekbrasilis.org/classico/ent/episodios/ent033.htm]
[www.trekbrasilis.org/classico/ent/episodios/ent034.htm]
[www.trekbrasilis.org/classico/ent/episodios/ent035.htm]
[www.trekbrasilis.org/classico/ent/episodios/ent036.htm]
[www.trekbrasilis.org/classico/ent/episodios/ent037.htm]
[www.trekbrasilis.org/classico/ent/episodios/ent039.htm]
[www.trekbrasilis.org/classico/ent/episodios/ent040.htm]
[www.trekbrasilis.org/classico/ent/episodios/ent041.htm]
[www.trekbrasilis.org/classico/ent/episodios/ent042.htm]
[www.trekbrasilis.org/classico/ent/episodios/ent043.htm]
[www.trekbrasilis.org/classico/ent/episodios/ent044.htm]
[www.trekbrasilis.org/classico/ent/episodios/ent045.htm]
[www.trekbrasilis.org/classico/ent/episodios/ent046.htm]
[www.trekbrasilis.org/classico/ent/episodios/ent047.htm]
[www.trekbrasilis.org/classico/ent/episodios/ent048.htm]
[www.trekbrasilis.org/classico/ent/episodios/ent049.htm]
[www.trekbrasilis.org/classico/ent/episodios/ent050.htm]
[www.trekbrasilis.org/classico/ent/episodios/ent051.htm]
[www.trekbrasilis.org/classico/ent/episodios/ent052.htm]
[www.trekbrasilis.org/classico/ent/episodios/ent053.htm]
[www.trekbrasilis.org/classico/ent/episodios/ent054.htm]
[www.trekbrasilis.org/classico/ent/episodios/ent055.htm]
[www.trekbrasilis.org/classico/ent/episodios/ent056.htm]
[www.trekbrasilis.org/classico/ent/episodios/ent057.htm]
[www.trekbrasilis.org/classico/ent/episodios/ent058.htm]
[www.trekbrasilis.org/classico/ent/episodios/ent059.htm]
[www.trekbrasilis.org/classico/ent/episodios/ent060.htm]
[www.trekbrasilis.org/classico/ent/episodios/ent061.htm]
[www.trekbrasilis.org/classico/ent/episodios/ent062.htm]
[www.trekbrasilis.org/classico/ent/episodios/ent064.htm]
[www.trekbrasilis.org/classico/ent/episodios/ent065.htm]
[www.trekbrasilis.org/classico/ent/episodios/ent066.htm]
[www.trekbrasilis.org/classico/ent/episodios/ent067.htm]
[www.trekbrasilis.org/classico/ent/episodios/ent068.htm]
[www.trekbrasilis.org/classico/ent/episodios/ent069.htm]
[www.trekbrasilis.org/classico/ent/episodios/ent070.htm]
[www.trekbrasilis.org/classico/ent/episodios/ent071.htm]
[www.trekbrasilis.org/classico/ent/episodios/ent072.htm]
[www.trekbrasilis.org/classico/ent/episodios/ent073.htm]
[www.trekbrasilis.org/classico/ent/episodios/ent074.htm]
[www.trekbrasilis.org/classico/ent/episodios/ent075.htm]
[www.trekbrasilis.org/classico/ent/episodios/ent076.htm]
[www.trekbrasilis.org/classico/ent/episodios/ent077.htm]
[www.trekbrasilis.org/classico/ent/episodios/ent078.htm]
[www.trekbrasilis.org/classico/ent/episodios/ent079.htm]
[www.trekbrasilis.org/classico/ent/episodios/index.htm]
[www.trekbrasilis.org/classico/ent/producao/diariotitulo.jpg]
[www.trekbrasilis.org/classico/ent/producao/diario1titulo.jpg]
[www.trekbrasilis.org/classico/ent/producao/diario1.htm]
[www.trekbrasilis.org/classico/ent/producao/diario2titulo.jpg]
[www.trekbrasilis.org/classico/ent/producao/diario2.htm]
[www.trekbrasilis.org/classico/ent/producao/diario3titulo.jpg]
[www.trekbrasilis.org/classico/ent/producao/diario3.htm]
[www.trekbrasilis.org/classico/ent/producao/diario4titulo.jpg]
[www.trekbrasilis.org/classico/ent/producao/diario4.htm]
[www.trekbrasilis.org/classico/ent/barraent.jpg]
[www.trekbrasilis.org/classico/ent/producao/especiaistitulo.jpg]
[www.trekbrasilis.org/classico/ent/producao/bakulatitulo.jpg]
[www.trekbrasilis.org/classico/ent/producao/bakula.htm]
[www.trekbrasilis.org/classico/ent/producao/blalocktitulo.jpg]
[www.trekbrasilis.org/classico/ent/producao/blalock.htm]
[www.trekbrasilis.org/classico/ent/producao/trinneertitulo.jpg]
[www.trekbrasilis.org/classico/ent/producao/trinneer.htm]
[www.trekbrasilis.org/classico/ent/producao/keatingtitulo.jpg]
[www.trekbrasilis.org/classico/ent/producao/keating.htm]
[www.trekbrasilis.org/classico/ent/producao/billingsleytitulo.jpg]
[www.trekbrasilis.org/classico/ent/producao/billingsley.htm]
[www.trekbrasilis.org/classico/ent/producao/parktitulo.jpg]
[www.trekbrasilis.org/classico/ent/producao/park.htm]
[www.trekbrasilis.org/classico/ent/producao/montgomerytitulo.jpg]
[www.trekbrasilis.org/classico/ent/producao/montgomery.htm]
[www.trekbrasilis.org/classico/ent/producao/index.htm]
[www.trekbrasilis.org/classico/ent/universo/universo.jpg]
[www.trekbrasilis.org/classico/ent/universo/especiestitulo.jpg]
[www.trekbrasilis.org/classico/ent/universo/atlastitulo.jpg]
[www.trekbrasilis.org/classico/ent/universo/tecnologiatitulo.jpg]
[www.trekbrasilis.org/classico/ent/universo/cronologiatitulo.jpg]
[www.trekbrasilis.org/classico/ent/universo/index.htm]
[www.trekbrasilis.org/classico/ent/especiais/especiaistitulo.jpg]
[www.trekbrasilis.org/classico/ent/especiais/csititulo.jpg]
[www.trekbrasilis.org/classico/ent/especiais/threshold.htm]
[www.trekbrasilis.org/classico/ent/especiais/csi.htm]
[www.trekbrasilis.org/classico/ent/especiais/romulanostitulo.jpg]
[www.trekbrasilis.org/classico/ent/especiais/romulanos.htm]
[www.trekbrasilis.org/classico/ent/especiais/dvdstitulo.jpg]
[www.trekbrasilis.org/classico/ent/especiais/entdvd1titulo.jpg]
[www.trekbrasilis.org/classico/ent/especiais/index.htm]
[www.trekbrasilis.org/classico/filmes/breve.htm]
[www.trekbrasilis.org/classico/filmes/index.htm]
[www.trekbrasilis.org/classico/ent/especiais/dvd1season.htm]
[www.trekbrasilis.org/classico/filmes/coluna/coluna26titulo.jpg]
[www.trekbrasilis.org/classico/filmes/coluna/coluna26.htm]
[www.trekbrasilis.org/classico/filmes/coluna/coluna25titulo.jpg]
[www.trekbrasilis.org/classico/filmes/coluna/coluna25.htm]
[www.trekbrasilis.org/classico/filmes/coluna/coluna24titulo.jpg]
[www.trekbrasilis.org/classico/filmes/coluna/coluna24.htm]
[www.trekbrasilis.org/classico/filmes/coluna/coluna23titulo.jpg]
[www.trekbrasilis.org/classico/filmes/coluna/coluna23.htm]
[www.trekbrasilis.org/classico/filmes/coluna/coluna22titulo.jpg]
[www.trekbrasilis.org/classico/filmes/coluna/coluna22.htm]
[www.trekbrasilis.org/classico/filmes/coluna/coluna21titulo.jpg]
[www.trekbrasilis.org/classico/filmes/coluna/coluna21.htm]
[www.trekbrasilis.org/classico/filmes/coluna/coluna20titulo.jpg]
[www.trekbrasilis.org/classico/filmes/coluna/coluna20.htm]
[www.trekbrasilis.org/classico/filmes/coluna/coluna19titulo.jpg]
[www.trekbrasilis.org/classico/filmes/coluna/coluna19.htm]
[www.trekbrasilis.org/classico/filmes/coluna/coluna18titulo.jpg]
[www.trekbrasilis.org/classico/filmes/coluna/coluna18.htm]
[www.trekbrasilis.org/classico/filmes/coluna/coluna17titulo.jpg]
[www.trekbrasilis.org/classico/filmes/coluna/coluna17.htm]
[www.trekbrasilis.org/classico/filmes/coluna/coluna16titulo.jpg]
[www.trekbrasilis.org/classico/filmes/coluna/coluna16.htm]
[www.trekbrasilis.org/classico/filmes/coluna/coluna15titulo.jpg]
[www.trekbrasilis.org/classico/filmes/coluna/coluna15.htm]
[www.trekbrasilis.org/classico/filmes/coluna/coluna14titulo.jpg]
[www.trekbrasilis.org/classico/filmes/coluna/coluna14.htm]
[www.trekbrasilis.org/classico/filmes/coluna/coluna13titulo.jpg]
[www.trekbrasilis.org/classico/filmes/coluna/coluna13.htm]
[www.trekbrasilis.org/classico/filmes/coluna/coluna12titulo.jpg]
[www.trekbrasilis.org/classico/filmes/coluna/coluna12.htm]
[www.trekbrasilis.org/classico/filmes/coluna/coluna11titulo.jpg]
[www.trekbrasilis.org/classico/filmes/coluna/coluna11.htm]
[www.trekbrasilis.org/classico/filmes/coluna/coluna10titulo.jpg]
[www.trekbrasilis.org/classico/filmes/coluna/coluna10.htm]
[www.trekbrasilis.org/classico/filmes/coluna/coluna9titulo.jpg]
[www.trekbrasilis.org/classico/filmes/coluna/coluna9.htm]
[www.trekbrasilis.org/classico/filmes/coluna/coluna8titulo.jpg]
[www.trekbrasilis.org/classico/filmes/coluna/coluna8.htm]
[www.trekbrasilis.org/classico/filmes/coluna/coluna7titulo.jpg]
[www.trekbrasilis.org/classico/filmes/coluna/coluna7.htm]
[www.trekbrasilis.org/classico/filmes/coluna/coluna6titulo.jpg]
[www.trekbrasilis.org/classico/filmes/coluna/coluna6.htm]
[www.trekbrasilis.org/classico/filmes/coluna/coluna5titulo.jpg]
[www.trekbrasilis.org/classico/filmes/coluna/coluna5.htm]
[www.trekbrasilis.org/classico/filmes/coluna/coluna4titulo.jpg]
[www.trekbrasilis.org/classico/filmes/coluna/coluna4.htm]
[www.trekbrasilis.org/classico/filmes/coluna/coluna3titulo.jpg]
[www.trekbrasilis.org/classico/filmes/coluna/coluna3.htm]
[www.trekbrasilis.org/classico/filmes/coluna/coluna2titulo.jpg]
[www.trekbrasilis.org/classico/filmes/coluna/coluna2.htm]
[www.trekbrasilis.org/classico/filmes/coluna/coluna1titulo.jpg]
[www.trekbrasilis.org/classico/filmes/coluna/coluna1.htm]
[www.trekbrasilis.org/classico/filmes/coluna/arquivo.htm]
[www.trekbrasilis.org/classico/filmes/episodios/tmp/index.htm]
[www.trekbrasilis.org/classico/filmes/episodios/st1.jpg]
[www.trekbrasilis.org/classico/filmes/episodios/twok/index.htm]
[www.trekbrasilis.org/classico/filmes/episodios/st2.jpg]
[www.trekbrasilis.org/classico/filmes/episodios/tsfs/index.htm]
[www.trekbrasilis.org/classico/filmes/episodios/st3.jpg]
[www.trekbrasilis.org/classico/filmes/episodios/tvh/index.htm]
[www.trekbrasilis.org/classico/filmes/episodios/st4.jpg]
[www.trekbrasilis.org/classico/filmes/episodios/st5.jpg]
[www.trekbrasilis.org/classico/filmes/episodios/st6.jpg]
[www.trekbrasilis.org/classico/filmes/episodios/st7.jpg]
[www.trekbrasilis.org/classico/filmes/episodios/st8.jpg]
[www.trekbrasilis.org/classico/filmes/episodios/st9.jpg]
[www.trekbrasilis.org/classico/filmes/episodios/st10.jpg]
[www.trekbrasilis.org/classico/filmes/episodios/index.html]
[www.trekbrasilis.org/classico/filmes/producao/diario.jpg]
[www.trekbrasilis.org/classico/filmes/barrafilmes.jpg]
[www.trekbrasilis.org/classico/filmes/producao/especiais.jpg]
[www.trekbrasilis.org/classico/filmes/producao/enterprisecinema.htm]
[www.trekbrasilis.org/classico/filmes/producao/enterprise-etitulo.jpg]
[www.trekbrasilis.org/classico/filmes/producao/enterprise-e.htm]
[www.trekbrasilis.org/classico/filmes/producao/generationstitulo.jpg]
[www.trekbrasilis.org/classico/filmes/producao/finalgenerations.htm]
[www.trekbrasilis.org/classico/filmes/producao/index.htm]
[www.trekbrasilis.org/classico/filmes/especiais/especiais.jpg]
[www.trekbrasilis.org/classico/filmes/especiais/estreianemesistit.jpg]
[www.trekbrasilis.org/classico/filmes/especiais/khandiretor.htm]
[www.trekbrasilis.org/classico/filmes/especiais/st9dvdtitulo.jpg]
[www.trekbrasilis.org/classico/filmes/especiais/st9dvd.htm]
[www.trekbrasilis.org/classico/filmes/especiais/st8dvdtitulo.jpg]
[www.trekbrasilis.org/classico/filmes/especiais/st7dvdtitulo.jpg]
[www.trekbrasilis.org/classico/filmes/especiais/st6dvdtitulo.jpg]
[www.trekbrasilis.org/classico/filmes/especiais/st6dvd.htm]
[www.trekbrasilis.org/classico/filmes/especiais/st5dvdtitulo.jpg]
[www.trekbrasilis.org/classico/filmes/especiais/st5dvd.htm]
[www.trekbrasilis.org/classico/filmes/especiais/st4dvdtitulo.jpg]
[www.trekbrasilis.org/classico/filmes/especiais/st4dvd.htm]
[www.trekbrasilis.org/classico/filmes/especiais/st3dvdtitulo.jpg]
[www.trekbrasilis.org/classico/filmes/especiais/st3dvd.htm]
[www.trekbrasilis.org/classico/filmes/especiais/index.htm]
[www.trekbrasilis.org/classico/universo/index.htm]
[www.trekbrasilis.org/classico/universo/livros/historiatitulo.jpg]
[www.trekbrasilis.org/classico/universo/livros/historia.htm]
[www.trekbrasilis.org/classico/universo/livros/nacionaltitulo.jpg]
[www.trekbrasilis.org/classico/universo/livros/portaldotempo.htm]
[www.trekbrasilis.org/classico/universo/livros/encontroemfarpoint.htm]
[www.trekbrasilis.org/classico/universo/livros/efeitoentropia.htm]
[www.trekbrasilis.org/classico/universo/livros/terradesconhecida.htm]
[www.trekbrasilis.org/classico/universo/livros/livesofdax.htm]
[www.trekbrasilis.org/classico/universo/livros/gauntlet.htm]
[www.trekbrasilis.org/classico/universo/livros/eugenicwars.htm]
[www.trekbrasilis.org/classico/universo/livros/serpents.htm]
[www.trekbrasilis.org/classico/universo/livros/articles.htm]
[www.trekbrasilis.org/classico/universo/livros/federation.htm]
[www.trekbrasilis.org/classico/universo/livros/eugenicwars2.htm]
[www.trekbrasilis.org/classico/universo/livros/index.html]
[www.trekbrasilis.org/classico/universo/livros/sketchbook.htm]
[www.trekbrasilis.org/classico/universo/quadrinhos/historia.htm]
[www.trekbrasilis.org/classico/universo/quadrinhos/dividadehonra.htm]
[www.trekbrasilis.org/classico/universo/quadrinhos/goldkey.htm]
[www.trekbrasilis.org/classico/universo/quadrinhos/index.html]
[www.trekbrasilis.org/classico/enciclopedia/index.htm]
[www.trekbrasilis.org/classico/cgi-bin/enciclopedia/viewnews.cgi_category=2&id=1030833902]
[www.trekbrasilis.org/classico/cgi-bin/enciclopedia/viewnews.cgi_category=2&id=1030848191]
[www.trekbrasilis.org/classico/cgi-bin/enciclopedia/viewnews.cgi_category=2&id=1030848031]
[www.trekbrasilis.org/classico/cgi-bin/enciclopedia/viewnews.cgi_category=2&id=1030848449]
[www.trekbrasilis.org/classico/cgi-bin/enciclopedia/viewnews.cgi_category=2&id=1030849337]
[www.trekbrasilis.org/classico/cgi-bin/enciclopedia/viewnews.cgi_category=2&id=1030850321]
[www.trekbrasilis.org/classico/cgi-bin/enciclopedia/viewnews.cgi_category=2&id=1033604783]
[www.trekbrasilis.org/classico/cgi-bin/enciclopedia/viewnews.cgi_category=2&id=1030850639]
[www.trekbrasilis.org/classico/cgi-bin/enciclopedia/viewnews.cgi_category=2&id=1030851537]
[www.trekbrasilis.org/classico/cgi-bin/enciclopedia/viewnews.cgi_category=2&id=1030859935]
[www.trekbrasilis.org/classico/cgi-bin/enciclopedia/viewnews.cgi_category=2&id=1030860199]
[www.trekbrasilis.org/classico/cgi-bin/enciclopedia/viewnews.cgi_category=2&id=1030860584]
[www.trekbrasilis.org/classico/cgi-bin/enciclopedia/viewnews.cgi_category=2&id=1030860754]
[www.trekbrasilis.org/classico/cgi-bin/enciclopedia/viewnews.cgi_category=2&id=1030865137]
[www.trekbrasilis.org/classico/cgi-bin/enciclopedia/viewnews.cgi_category=2&id=1030865845]
[www.trekbrasilis.org/classico/cgi-bin/enciclopedia/viewnews.cgi_category=2&id=1030865439]
[www.trekbrasilis.org/classico/cgi-bin/enciclopedia/viewnews.cgi_category=2&id=1034040494]
[www.trekbrasilis.org/classico/cgi-bin/enciclopedia/viewnews.cgi_category=2&id=1030866155]
[www.trekbrasilis.org/classico/cgi-bin/enciclopedia/viewnews.cgi_category=2&id=1034037881]
[www.trekbrasilis.org/classico/cgi-bin/enciclopedia/viewnews.cgi_category=2&id=1030866409]
[www.trekbrasilis.org/classico/cgi-bin/enciclopedia/viewnews.cgi_category=2&id=1030866933]
[www.trekbrasilis.org/classico/cgi-bin/enciclopedia/viewnews.cgi_category=2&id=1030867288]
[www.trekbrasilis.org/classico/cgi-bin/enciclopedia/viewnews.cgi_category=2&id=1030867405]
[www.trekbrasilis.org/classico/cgi-bin/enciclopedia/viewnews.cgi_category=2&id=1033605612]
[www.trekbrasilis.org/classico/cgi-bin/enciclopedia/viewnews.cgi_category=2&id=1030867537]
[www.trekbrasilis.org/classico/cgi-bin/enciclopedia/viewnews.cgi_category=2&id=1030867917]
[www.trekbrasilis.org/classico/cgi-bin/enciclopedia/viewnews.cgi_category=2&id=1030867766]
[www.trekbrasilis.org/classico/enciclopedia/a.shtml]
[www.trekbrasilis.org/classico/cgi-bin/enciclopedia/viewnews.cgi_category=3&id=1033828237]
[www.trekbrasilis.org/classico/cgi-bin/enciclopedia/viewnews.cgi_category=3&id=1034035495]
[www.trekbrasilis.org/classico/cgi-bin/enciclopedia/viewnews.cgi_category=3&id=1034036043]
[www.trekbrasilis.org/classico/cgi-bin/enciclopedia/viewnews.cgi_category=3&id=1034036231]
[www.trekbrasilis.org/classico/cgi-bin/enciclopedia/viewnews.cgi_category=3&id=1034036691]
[www.trekbrasilis.org/classico/cgi-bin/enciclopedia/viewnews.cgi_category=3&id=1034036497]
[www.trekbrasilis.org/classico/cgi-bin/enciclopedia/viewnews.cgi_category=3&id=1034035895]
[www.trekbrasilis.org/classico/cgi-bin/enciclopedia/viewnews.cgi_category=3&id=1034036594]
[www.trekbrasilis.org/classico/cgi-bin/enciclopedia/viewnews.cgi_category=3&id=1034036845]
[www.trekbrasilis.org/classico/cgi-bin/enciclopedia/viewnews.cgi_category=3&id=1034036990]
[www.trekbrasilis.org/classico/cgi-bin/enciclopedia/viewnews.cgi_category=3&id=1034037181]
[www.trekbrasilis.org/classico/cgi-bin/enciclopedia/viewnews.cgi_category=3&id=1034037994]
[www.trekbrasilis.org/classico/cgi-bin/enciclopedia/viewnews.cgi_category=3&id=1034038266]
[www.trekbrasilis.org/classico/cgi-bin/enciclopedia/viewnews.cgi_category=3&id=1034038367]
[www.trekbrasilis.org/classico/cgi-bin/enciclopedia/viewnews.cgi_category=3&id=1034038504]
[www.trekbrasilis.org/classico/cgi-bin/enciclopedia/viewnews.cgi_category=3&id=1034038767]
[www.trekbrasilis.org/classico/cgi-bin/enciclopedia/viewnews.cgi_category=3&id=1034039434]
[www.trekbrasilis.org/classico/cgi-bin/enciclopedia/viewnews.cgi_category=3&id=1034039782]
[www.trekbrasilis.org/classico/cgi-bin/enciclopedia/viewnews.cgi_category=3&id=1034039911]
[www.trekbrasilis.org/classico/cgi-bin/enciclopedia/viewnews.cgi_category=3&id=1034040048]
[www.trekbrasilis.org/classico/cgi-bin/enciclopedia/viewnews.cgi_category=3&id=1034039639]
[www.trekbrasilis.org/classico/cgi-bin/enciclopedia/viewnews.cgi_category=3&id=1034040297]
[www.trekbrasilis.org/classico/cgi-bin/enciclopedia/viewnews.cgi_category=3&id=1034040713]
[www.trekbrasilis.org/classico/cgi-bin/enciclopedia/viewnews.cgi_category=3&id=1034040871]
[www.trekbrasilis.org/classico/cgi-bin/enciclopedia/viewnews.cgi_category=3&id=1034041579]
[www.trekbrasilis.org/classico/enciclopedia/b.shtml]
[www.trekbrasilis.org/classico/cgi-bin/enciclopedia/viewnews.cgi_category=4&id=1033609557]
[www.trekbrasilis.org/classico/cgi-bin/enciclopedia/viewnews.cgi_category=4&id=1033607907]
[www.trekbrasilis.org/classico/enciclopedia/c.shtml]
[www.trekbrasilis.org/classico/cgi-bin/enciclopedia/viewnews.cgi_category=5&id=1033606821]
[www.trekbrasilis.org/classico/enciclopedia/d.shtml]
[www.trekbrasilis.org/classico/cgi-bin/enciclopedia/viewnews.cgi_category=6&id=1033668044]
[www.trekbrasilis.org/classico/enciclopedia/e.shtml]
[www.trekbrasilis.org/classico/enciclopedia/f.shtml]
[www.trekbrasilis.org/classico/enciclopedia/g.shtml]
[www.trekbrasilis.org/classico/cgi-bin/enciclopedia/viewnews.cgi_category=9&id=1033666967]
[www.trekbrasilis.org/classico/enciclopedia/h.shtml]
[www.trekbrasilis.org/classico/enciclopedia/i.shtml]
[www.trekbrasilis.org/classico/enciclopedia/j.shtml]
[www.trekbrasilis.org/classico/enciclopedia/k.shtml]
[www.trekbrasilis.org/classico/enciclopedia/l.shtml]
[www.trekbrasilis.org/classico/cgi-bin/enciclopedia/viewnews.cgi_category=14&id=1033667637]
[www.trekbrasilis.org/classico/enciclopedia/m.shtml]
[www.trekbrasilis.org/classico/enciclopedia/n.shtml]
[www.trekbrasilis.org/classico/enciclopedia/o.shtml]
[www.trekbrasilis.org/classico/enciclopedia/p.shtml]
[www.trekbrasilis.org/classico/enciclopedia/q.shtml]
[www.trekbrasilis.org/classico/enciclopedia/r.shtml]
[www.trekbrasilis.org/classico/cgi-bin/enciclopedia/viewnews.cgi_category=20&id=1034037565]
[www.trekbrasilis.org/classico/enciclopedia/s.shtml]
[www.trekbrasilis.org/classico/enciclopedia/t.shtml]
[www.trekbrasilis.org/classico/cgi-bin/enciclopedia/viewnews.cgi_category=23&id=1033608492]
[www.trekbrasilis.org/classico/cgi-bin/enciclopedia/viewnews.cgi_category=23&id=1034038112]
[www.trekbrasilis.org/classico/enciclopedia/v.shtml]
[www.trekbrasilis.org/classico/enciclopedia/w.shtml]
[www.trekbrasilis.org/classico/enciclopedia/x.shtml]
[www.trekbrasilis.org/classico/enciclopedia/y.shtml]
[www.trekbrasilis.org/classico/enciclopedia/z.shtml]
[www.trekbrasilis.org/classico/enciclopedia/sec20.shtml]
[www.trekbrasilis.org/classico/enciclopedia/sec21.shtml]
[www.trekbrasilis.org/classico/cgi-bin/enciclopedia/viewnews.cgi_category=30&id=1030994639]
[www.trekbrasilis.org/classico/cgi-bin/enciclopedia/viewnews.cgi_category=30&id=1030935172]
[www.trekbrasilis.org/classico/cgi-bin/enciclopedia/viewnews.cgi_category=30&id=1030938388]
[www.trekbrasilis.org/classico/cgi-bin/enciclopedia/viewnews.cgi_category=30&id=1030938539]
[www.trekbrasilis.org/classico/cgi-bin/enciclopedia/viewnews.cgi_category=30&id=1030935084]
[www.trekbrasilis.org/classico/cgi-bin/enciclopedia/viewnews.cgi_category=30&id=1031010828]
[www.trekbrasilis.org/classico/cgi-bin/enciclopedia/viewnews.cgi_category=30&id=1030938692]
[www.trekbrasilis.org/classico/cgi-bin/enciclopedia/viewnews.cgi_category=30&id=1031011098]
[www.trekbrasilis.org/classico/cgi-bin/enciclopedia/viewnews.cgi_category=30&id=1030939038]
[www.trekbrasilis.org/classico/cgi-bin/enciclopedia/viewnews.cgi_category=30&id=1030939344]
[www.trekbrasilis.org/classico/cgi-bin/enciclopedia/viewnews.cgi_category=30&id=1031011242]
[www.trekbrasilis.org/classico/cgi-bin/enciclopedia/viewnews.cgi_category=30&id=1031011539]
[www.trekbrasilis.org/classico/cgi-bin/enciclopedia/viewnews.cgi_category=30&id=1031011954]
[www.trekbrasilis.org/classico/cgi-bin/enciclopedia/viewnews.cgi_category=30&id=1031012270]
[www.trekbrasilis.org/classico/cgi-bin/enciclopedia/viewnews.cgi_category=30&id=1031012523]
[www.trekbrasilis.org/classico/cgi-bin/enciclopedia/viewnews.cgi_category=30&id=1031169984]
[www.trekbrasilis.org/classico/cgi-bin/enciclopedia/viewnews.cgi_category=30&id=1031171024]
[www.trekbrasilis.org/classico/cgi-bin/enciclopedia/viewnews.cgi_category=30&id=1030939449]
[www.trekbrasilis.org/classico/cgi-bin/enciclopedia/viewnews.cgi_category=30&id=1031271955]
[www.trekbrasilis.org/classico/cgi-bin/enciclopedia/viewnews.cgi_category=30&id=1030939608]
[www.trekbrasilis.org/classico/cgi-bin/enciclopedia/viewnews.cgi_category=30&id=1030940066]
[www.trekbrasilis.org/classico/cgi-bin/enciclopedia/viewnews.cgi_category=30&id=1030940407]
[www.trekbrasilis.org/classico/cgi-bin/enciclopedia/viewnews.cgi_category=30&id=1030940752]
[www.trekbrasilis.org/classico/cgi-bin/enciclopedia/viewnews.cgi_category=30&id=1030940998]
[www.trekbrasilis.org/classico/cgi-bin/enciclopedia/viewnews.cgi_category=30&id=1030941179]
[www.trekbrasilis.org/classico/cgi-bin/enciclopedia/viewnews.cgi_category=30&id=1030941328]
[www.trekbrasilis.org/classico/cgi-bin/enciclopedia/viewnews.cgi_category=30&id=1030941540]
[www.trekbrasilis.org/classico/cgi-bin/enciclopedia/viewnews.cgi_category=30&id=1030941646]
[www.trekbrasilis.org/classico/enciclopedia/sec22.shtml]
[www.trekbrasilis.org/classico/enciclopedia/sec23.shtml]
[www.trekbrasilis.org/classico/enciclopedia/sec24.shtml]
[www.trekbrasilis.org/classico/ficcao/index.htm]
[www.trekbrasilis.org/classico/universo/quadrinhos/index.htm]
[www.trekbrasilis.org/classico/tos/especiais/leao13-1.jpg]
[www.trekbrasilis.org/classico/tos/especiais/leao13-2.jpg]
[www.trekbrasilis.org/classico/tos/especiais/leao13-3.jpg]
[www.trekbrasilis.org/classico/tos/especiais/leao13-4.jpg]
[www.trekbrasilis.org/classico/tos/especiais/leao13-5.jpg]
[www.trekbrasilis.org/classico/tos/especiais/leao13-6.jpg]
[www.trekbrasilis.org/classico/tos/especiais/leao13.htm]
[www.trekbrasilis.org/classico/universo/quadrinhos/genese.htm]
[www.trekbrasilis.org/classico/universo/quadrinhos/livros.htm]
[www.trekbrasilis.org/classico/universo/quadrinhos/abnett.htm]
[www.trekbrasilis.org/classico/universo/quadrinhos/pulido.htm]
[www.trekbrasilis.org/classico/universo/quadrinhos/ev/menu.jpg]
[www.trekbrasilis.org/classico/universo/quadrinhos/ev.htm]
[www.trekbrasilis.org/classico/universo/livros/index.htm]
[www.trekbrasilis.org/classico/voy/episodios/voy065-1.jpg]
[www.trekbrasilis.org/classico/voy/episodios/voy065-6.jpg]
[www.trekbrasilis.org/classico/voy/episodios/voy065-3.jpg]
[www.trekbrasilis.org/classico/voy/episodios/voy065-9.7ed.delayed]
[www.trekbrasilis.org/classico/voy/episodios/voy065-2.jpg]
[www.trekbrasilis.org/classico/voy/episodios/voy065-4.jpg]
[www.trekbrasilis.org/classico/voy/episodios/voy065-5.jpg]
[www.trekbrasilis.org/classico/voy/episodios/voy065-7.jpg]
[www.trekbrasilis.org/classico/voy/episodios/int.jpg]
[www.trekbrasilis.org/classico/voy/episodios/cap4.7f3.delayed]
[www.trekbrasilis.org/classico/voy/episodios/voy065.htm]
[www.trekbrasilis.org/classico/tos/especiais/gorns1.jpg]
[www.trekbrasilis.org/classico/tos/especiais/gorns2.jpg]
[www.trekbrasilis.org/classico/tos/especiais/gorns6.jpg]
[www.trekbrasilis.org/classico/tos/especiais/gorns7.jpg]
[www.trekbrasilis.org/classico/tos/especiais/gorns8big.jpg]
[www.trekbrasilis.org/classico/tos/especiais/gorns8.jpg]
[www.trekbrasilis.org/classico/tos/especiais/gorns9.jpg]
[www.trekbrasilis.org/classico/tos/especiais/gorns.htm]
[www.sitemeter.com/sitemeterheader_singleframe.swf]
[www.sitemeter.com/images/partners_top_border.gif]
[www.sitemeter.com/images/partners_repeat_border.gif]
[www.sitemeter.com/images/webanalytics.gif]
[www.sitemeter.com/images/blogherald.gif]
[www.sitemeter.com/images/readwrite.gif]
[www.sitemeter.com/images/ttlb.png]
[www.sitemeter.com/images/partners_bottom_border.gif]
[www.sitemeter.com/images/homepage/testimonial_top_border.gif]
[www.sitemeter.com/images/homepage/testimonial_repeat_border.gif]
[www.sitemeter.com/images/homepage/testimonial_bottom_border.gif]
[www.sitemeter.com/images/homepage/graph.jpg]
[www.sitemeter.com/images/homepage/weblog_box_top_border.gif]
[www.sitemeter.com/images/homepage/weblog_box_repeat_border.gif]
[www.sitemeter.com/images/rss_image.gif]
[www.sitemeter.com/images/homepage/weblog_box_bottom_border.gif]
[www.sitemeter.com/images/spacer.gif]
[www.sitemeter.com/images/homepage/topvisitedsites_box_top_border.gif]
[www.sitemeter.com/images/homepage/topVisitedSites_repeat_border.gif]
[www.sitemeter.com/images/homepage/topVisitedSites_bottom_border.gif]
[www.sitemeter.com/images/homepage/advertisement_header.jpg]
[www.sitemeter.com/images/homepage/webAnalytics_top_border.gif]
[www.sitemeter.com/images/homepage/webAnalytics_repeat_border.gif]
[www.sitemeter.com/images/theadventurelife07.jpg]
[www.sitemeter.com/images/homepage/webAnalytics_bottom_border.gif]
[www.sitemeter.com/default.html]
[www.sitemeter.com/css/greysq.gif]
[www.sitemeter.com/css/global.css]
[www.sitemeter.com/index.html]
[www.sitemeter.com/indexbf5a.html]
[www.sitemeter.com/bc14.html]
[www.sitemeter.com/aafd.html]
[www.sitemeter.com/8f4b.html]
[www.sitemeter.com/34ce.html]
[www.sitemeter.com/3604.html]
[www.sitemeter.com/38c0.html]
[www.sitemeter.com/1ac1.html]
[www.sitemeter.com/3eb3.html]
[www.sitemeter.com/959b.html]
[www.sitemeter.com/2155.html]
[www.sitemeter.com/c206.html]
[www.sitemeter.com/d9c7.html]
[www.sitemeter.com/d058.html]
[www.sitemeter.com/9da2.html]
[www.sitemeter.com/9cc7.html]
[www.sitemeter.com/c3e7.html]
[www.sitemeter.com/68e5.html]
[www.sitemeter.com/2ed5.html]
[www.sitemeter.com/40fe.html]
[www.sitemeter.com/151e.html]
[www.sitemeter.com/d989.html]
[www.sitemeter.com/ff39.html]
[www.sitemeter.com/2809.html]
[www.sitemeter.com/dd19.html]
[www.sitemeter.com/f24a.html]
[www.sitemeter.com/34c5.html]
[www.sitemeter.com/f377.html]
[www.sitemeter.com/9de5.html]
[www.sitemeter.com/6b1f.html]
[www.sitemeter.com/b5b8.html]
[www.sitemeter.com/6cb9.html]
[www.sitemeter.com/59d4.html]
[www.sitemeter.com/829a.html]
[www.sitemeter.com/e58d.html]
[www.sitemeter.com/10ef.html]
[www.sitemeter.com/fa11.html]
[www.sitemeter.com/3a53.html]
[www.sitemeter.com/c9e6.html]
[www.sitemeter.com/b6b1.html]
[www.sitemeter.com/38e1.html]
[www.sitemeter.com/indexbc14.html]
[rome.specificclick.net/rome/rome2f61.js]
[fastonlineusers.com/on999b6.html]
[www.fastonlineusers.com/htmlcode.html]
[www.fastonlineusers.com/terms.html]
[www.fastonlineusers.com/privacy.html]
[www.fastonlineusers.com/contact.html]
[244.us/wp-content/themes/chefgillianclark/images/Page-BgTexture.jpg]
[244.us/wp-content/themes/chefgillianclark/images/Page-BgGlare.png]
[244.us/wp-content/themes/chefgillianclark/images/Page-BgGradient.jpg]
[244.us/wp-content/themes/chefgillianclark/images/Sheet-s.png]
[244.us/wp-content/themes/chefgillianclark/images/Sheet-h.png]
[244.us/wp-content/themes/chefgillianclark/images/Sheet-v.png]
[244.us/wp-content/themes/chefgillianclark/images/Sheet-c.png]
[244.us/wp-content/themes/chefgillianclark/images/spacer.gif]
[244.us/wp-content/themes/chefgillianclark/images/nav.png]
[244.us/wp-content/themes/chefgillianclark/images/item-center.png]
[244.us/wp-content/themes/chefgillianclark/images/item-separator.png]
[244.us/wp-content/themes/chefgillianclark/images/subitem-bg.png]
[244.us/wp-content/themes/chefgillianclark/images/Header.jpg]
[244.us/wp-content/themes/chefgillianclark/images/Block-s.png]
[244.us/wp-content/themes/chefgillianclark/images/Block-h.png]
[244.us/wp-content/themes/chefgillianclark/images/Block-v.png]
[244.us/wp-content/themes/chefgillianclark/images/Block-c.png]
[244.us/wp-content/themes/chefgillianclark/images/BlockHeader.png]
[244.us/wp-content/themes/chefgillianclark/images/BlockHeaderIcon.png]
[244.us/wp-content/themes/chefgillianclark/images/BlockContentBullets.png]
[244.us/wp-content/themes/chefgillianclark/images/PostBullets.png]
[244.us/wp-content/themes/chefgillianclark/images/PostQuote.png]
[244.us/wp-content/themes/chefgillianclark/images/Button.png]
[244.us/wp-content/themes/chefgillianclark/images/Footer.png]
[244.us/wp-content/themes/chefgillianclark/images/rssIcon.png]
[244.us/wp-content/themes/chefgillianclark/style.css]
[244.us/xmlrpc0db0.php]
[244.us/5.html]
[244.us/adsea29.gif]
[244.us/ads3965.html]
[244.us/tag/bonus/feedhtml.html]
[244.us/tag/bonus.html]
[244.us/tag/online-casinos/feedhtml.html]
[244.us/tag/online-casinos.html]
[244.us/tag/slot-machine-games/feedhtml.html]
[244.us/tag/slot-machine-games.html]
[244.us/3.html]
[244.us/ads8777.gif]
[244.us/ads1fa4.html]
[244.us/tag/casino-games-online/feedhtml.html]
[244.us/tag/casino-games-online.html]
[244.us/tag/secure-online-casino/feedhtml.html]
[244.us/tag/secure-online-casino.html]
[244.us/tag/signup-bonus/feedhtml.html]
[244.us/tag/signup-bonus.html]
[244.us/category/casino-games-online/feedhtml.html]
[244.us/category/casino-games-online.html]
[244.us/date/2011/07.html]
[www.trekbrasilis.org/classico/pebarra2.gif]
[www.trekbrasilis.org/classico/guia/breve.htm]
[www.trekbrasilis.org/classico/tos/coluna/index.html]
[www.trekbrasilis.org/classico/tos/episodios/index.html]
[www.trekbrasilis.org/classico/tos/producao/index.html]
[www.trekbrasilis.org/classico/tos/universo/index.html]
[www.trekbrasilis.org/classico/tos/especiais/index.html]
[www.trekbrasilis.org/classico/tng/coluna.htm]
[www.trekbrasilis.org/classico/tng/episodios/index.html]
[www.trekbrasilis.org/classico/tng/producao/index.html]
[www.trekbrasilis.org/classico/tng/universo/index.html]
[www.trekbrasilis.org/classico/tng/especiais/index.html]
[www.trekbrasilis.org/classico/ds9/coluna/coluna14-31.jpg]
[www.trekbrasilis.org/classico/ds9/coluna/coluna14-1.jpg]
[www.trekbrasilis.org/classico/ds9/coluna/coluna14-2.jpg]
[www.trekbrasilis.org/classico/ds9/coluna/coluna14-3.jpg]
[www.trekbrasilis.org/classico/ds9/coluna/coluna14-5.jpg]
[www.trekbrasilis.org/classico/ds9/coluna/coluna14-9.jpg]
[www.trekbrasilis.org/classico/ds9/coluna/coluna14-10.jpg]
[www.trekbrasilis.org/classico/ds9/coluna/coluna14-11.jpg]
[www.trekbrasilis.org/classico/ds9/coluna/coluna14-12.jpg]
[www.trekbrasilis.org/classico/ds9/coluna/coluna14-13.jpg]
[www.trekbrasilis.org/classico/ds9/coluna/coluna14-16.jpg]
[www.trekbrasilis.org/classico/ds9/coluna/coluna14-18.jpg]
[www.trekbrasilis.org/classico/ds9/coluna/coluna14-19.jpg]
[www.trekbrasilis.org/classico/ds9/coluna/coluna14-21.jpg]
[www.trekbrasilis.org/classico/ds9/coluna/coluna14-23.jpg]
[www.trekbrasilis.org/classico/ds9/coluna/coluna14-25.jpg]
[www.trekbrasilis.org/classico/ds9/coluna/coluna14-27.jpg]
[www.trekbrasilis.org/classico/ds9/coluna/coluna14-29.jpg]
[www.trekbrasilis.org/classico/ds9/coluna/index.html]
[www.trekbrasilis.org/classico/ds9/producao/index.html]
[www.trekbrasilis.org/classico/ds9/universo/index.html]
[www.trekbrasilis.org/classico/ds9/especiais/index.html]
[www.trekbrasilis.org/classico/voy/coluna/coluna21-1.jpg]
[www.trekbrasilis.org/classico/voy/coluna/coluna21-3a.jpg]
[www.trekbrasilis.org/classico/voy/coluna/index.html]
[www.trekbrasilis.org/classico/voy/episodios/index.html]
[www.trekbrasilis.org/classico/voy/producao/index.html]
[www.trekbrasilis.org/classico/voy/universo/index.html]
[www.trekbrasilis.org/classico/voy/especiais/index.html]
[www.trekbrasilis.org/classico/ent/coluna/index.html]
[www.trekbrasilis.org/classico/ent/episodios/index.html]
[www.trekbrasilis.org/classico/ent/producao/index.html]
[www.trekbrasilis.org/classico/ent/universo/index.html]
[www.trekbrasilis.org/classico/ent/especiais/index.html]
[www.trekbrasilis.org/classico/guia/..filmes/sobre/index.html]
[www.trekbrasilis.org/classico/filmes/coluna/coluna26-2.jpg]
[www.trekbrasilis.org/classico/filmes/coluna/coluna26-4.jpg]
[www.trekbrasilis.org/classico/filmes/coluna/coluna26-3.jpg]
[www.trekbrasilis.org/classico/filmes/coluna/index.html]
[www.trekbrasilis.org/classico/filmes/producao/index.html]
[www.trekbrasilis.org/classico/filmes/universo/index.html]
[www.trekbrasilis.org/classico/filmes/especiais/index.html]
[www.trekbrasilis.org/classico/universo/games/index.html]
[www.trekbrasilis.org/classico/universo/memorabilia/index.html]
[www.trekbrasilis.org/classico/ficcao/literatura.htm]
[www.trekbrasilis.org/classico/ficcao/cinema.htm]
[www.trekbrasilis.org/classico/ficcao/tv.htm]
[www.trekbrasilis.org/classico/guia/glossario01.htm]
[www.trekbrasilis.org/classico/guia/glossario02.htm]
[www.trekbrasilis.org/classico/guia/glossario03.htm]
[www.trekbrasilis.org/classico/guia/glossario04.htm]
[www.trekbrasilis.org/classico/sn/livros.gif]
[www.trekbrasilis.org/classico/sn/rumoaoinfinitomini.jpg]
[www.trekbrasilis.org/classico/sn/cwsdmini.jpg]
[www.trekbrasilis.org/classico/sn/projetos.gif]
[www.trekbrasilis.org/classico/sn/tb.gif]
[www.trekbrasilis.org/classico/sn/aab.gif]
[www.trekbrasilis.org/classico/sn/inutiliatruncat.gif]
[www.trekbrasilis.org/classico/sn/meketrefe/index.html]
[www.trekbrasilis.org/classico/sn/meketrefe.gif]
[www.trekbrasilis.org/classico/sn/autor.htm]
[www.trekbrasilis.org/classico/sn/snnovo.gif]
[www.trekbrasilis.org/classico/sn/index.html]
[www.trekbrasilis.org/classico/sn/rumoaoinfinito/orelha.shtml]
[www.trekbrasilis.org/classico/sn/rumoaoinfinito/sciam.shtml]
[www.trekbrasilis.org/classico/sn/rumoaoinfinito/cienciahoje.shtml]
[www.trekbrasilis.org/classico/sn/rumoaoinfinito/astronomy.shtml]
[www.trekbrasilis.org/classico/sn/rumoaoinfinito/folha.shtml]
[www.trekbrasilis.org/classico/sn/rumoaoinfinito/super.shtml]
[www.trekbrasilis.org/classico/sn/rumoaoinfinito/galileu.shtml]
[www.trekbrasilis.org/classico/sn/rumoaoinfinito/entrelivros.shtml]
[www.trekbrasilis.org/classico/sn/rumoaoinfinito/defesanet.shtml]
[www.trekbrasilis.org/classico/sn/rumoaoinfinito/diariodovale.shtml]
[www.trekbrasilis.org/classico/sn/rumoaoinfinito/macrocosmo.shtml]
[www.trekbrasilis.org/classico/sn/rumoaoinfinito/monet.shtml]
[www.trekbrasilis.org/classico/sn/rumoaoinfinito/prefacio.shtml]
[www.trekbrasilis.org/classico/sn/rumoaoinfinito/imagens.shtml]
[www.trekbrasilis.org/classico/sn/rumoaoinfinito/bastidores.shtml]
[www.trekbrasilis.org/classico/sn/rumoaoinfinito/lancamento1.jpg]
[www.trekbrasilis.org/classico/sn/rumoaoinfinito/lancamento2.jpg]
[www.trekbrasilis.org/classico/sn/rumoaoinfinito/lancamento3.jpg]
[www.trekbrasilis.org/classico/sn/rumoaoinfinito/lancamento7.jpg]
[www.trekbrasilis.org/classico/sn/rumoaoinfinito/lancamento.shtml]
[www.trekbrasilis.org/classico/sn/cwsd/orelha.shtml]
[www.trekbrasilis.org/classico/sn/cwsd/sciam.shtml]
[www.trekbrasilis.org/classico/sn/cwsd/astronomy.shtml]
[www.trekbrasilis.org/classico/sn/cwsd/folhasp.shtml]
[www.trekbrasilis.org/classico/sn/cwsd/valor.shtml]
[www.trekbrasilis.org/classico/sn/cwsd/dcomercio.shtml]
[www.trekbrasilis.org/classico/sn/cwsd/estadoparana.shtml]
[www.trekbrasilis.org/classico/sn/cwsd/capaoriginal.jpg]
[www.trekbrasilis.org/classico/sn/cwsd/1896-1.jpg]
[www.trekbrasilis.org/classico/sn/cwsd/1897-1.jpg]
[www.trekbrasilis.org/classico/sn/cwsd/1898-1.jpg]
[www.trekbrasilis.org/classico/sn/cwsd/1900-1.jpg]
[www.trekbrasilis.org/classico/sn/cwsd/1900-2.jpg]
[www.trekbrasilis.org/classico/sn/cwsd/1900-4.jpg]
[www.trekbrasilis.org/classico/sn/cwsd/1901-3.jpg]
[www.trekbrasilis.org/classico/sn/cwsd/1902-2.jpg]
[www.trekbrasilis.org/classico/sn/cwsd/1902-3.jpg]
[www.trekbrasilis.org/classico/sn/cwsd/1903-1.jpg]
[www.trekbrasilis.org/classico/sn/cwsd/1903-4.jpg]
[www.trekbrasilis.org/classico/sn/cwsd/1903-5.jpg]
[www.trekbrasilis.org/classico/sn/cwsd/1904-1.jpg]
[www.trekbrasilis.org/classico/sn/cwsd/1904-4.jpg]
[www.trekbrasilis.org/classico/sn/cwsd/1905-1.jpg]
[www.trekbrasilis.org/classico/sn/cwsd/1905-3.jpg]
[www.trekbrasilis.org/classico/sn/cwsd/1906-1.jpg]
[www.trekbrasilis.org/classico/sn/cwsd/1906-3.jpg]
[www.trekbrasilis.org/classico/sn/cwsd/1906-4.jpg]
[www.trekbrasilis.org/classico/sn/cwsd/1907-1.jpg]
[www.trekbrasilis.org/classico/sn/cwsd/1907-3.jpg]
[www.trekbrasilis.org/classico/sn/cwsd/1908-3.jpg]
[www.trekbrasilis.org/classico/sn/cwsd/1908-5.jpg]
[www.trekbrasilis.org/classico/sn/cwsd/1909-1.jpg]
[www.trekbrasilis.org/classico/sn/cwsd/1909-2.jpg]
[www.trekbrasilis.org/classico/sn/cwsd/1909-4.jpg]
[www.trekbrasilis.org/classico/sn/cwsd/1909-6.jpg]
[www.trekbrasilis.org/classico/sn/cwsd/1909-8.jpg]
[www.trekbrasilis.org/classico/sn/cwsd/1910-2.jpg]
[www.trekbrasilis.org/classico/sn/cwsd/1910-4.jpg]
[www.trekbrasilis.org/classico/sn/cwsd/ilustracoesoriginais.shtml]
[www.trekbrasilis.org/classico/sn/cwsd/1896meyer.jpg]
[www.trekbrasilis.org/classico/sn/cwsd/1898meyer.jpg]
[www.trekbrasilis.org/classico/sn/cwsd/1901meyer.jpg]
[www.trekbrasilis.org/classico/sn/cwsd/1902meyer.jpg]
[www.trekbrasilis.org/classico/sn/cwsd/1905meyer.jpg]
[www.trekbrasilis.org/classico/sn/cwsd/1906meyer.jpg]
[www.trekbrasilis.org/classico/sn/cwsd/1908meyer.jpg]
[www.trekbrasilis.org/classico/sn/cwsd/1910meyer.jpg]
[www.trekbrasilis.org/classico/sn/cwsd/2003meyer.jpg]
[www.trekbrasilis.org/classico/sn/cwsd/ilustracoes.shtml]
[www.trekbrasilis.org/classico/sn/cwsd/lancamento-1.jpg]
[www.trekbrasilis.org/classico/sn/cwsd/lancamento-3.jpg]
[www.trekbrasilis.org/classico/sn/cwsd/lancamento.shtml]
[www.trekbrasilis.org/classico/entretenimento/fanfics/sobreviventes02.htm]
[www.trekbrasilis.org/classico/entretenimento/fanfics/sobreviventes03.htm]
[www.trekbrasilis.org/classico/entretenimento/fanfics/sobreviventes04.htm]
[www.trekbrasilis.org/classico/entretenimento/fanfics/sobreviventes05.htm]
[www.trekbrasilis.org/classico/entretenimento/fanfics/sobreviventes06.htm]
[www.trekbrasilis.org/classico/entretenimento/fanfics/sobreviventes07.htm]
[www.trekbrasilis.org/classico/entretenimento/fanfics/sobreviventes08.htm]
[www.trekbrasilis.org/classico/entretenimento/fanfics/sobreviventes09.htm]
[www.trekbrasilis.org/classico/entretenimento/fanfics/sobreviventes10.htm]
[www.trekbrasilis.org/classico/entretenimento/fanfics/sobreviventes11.htm]
[www.trekbrasilis.org/classico/entretenimento/fanfics/sobreviventes12.htm]
[www.trekbrasilis.org/classico/entretenimento/fanfics/sobreviventes13.htm]
[www.trekbrasilis.org/classico/entretenimento/fanfics/sobreviventes14.htm]
[www.trekbrasilis.org/classico/entretenimento/fanfics/sobreviventes15.htm]
[www.trekbrasilis.org/classico/entretenimento/fanfics/sobreviventes16.htm]
[www.trekbrasilis.org/classico/entretenimento/fanfics/sobreviventes17.htm]
[www.trekbrasilis.org/classico/entretenimento/fanfics/sobreviventes18.htm]
[www.trekbrasilis.org/classico/entretenimento/fanfics/sobreviventes19.htm]
[www.trekbrasilis.org/classico/entretenimento/fanfics/sobreviventes20.htm]
[www.trekbrasilis.org/classico/entretenimento/fanfics/sobreviventes21.htm]
[www.trekbrasilis.org/classico/entretenimento/fanfics/sobreviventes22.htm]
[www.trekbrasilis.org/classico/entretenimento/fanfics/sobreviventes23.htm]
[www.trekbrasilis.org/classico/entretenimento/fanfics/sobreviventes24.htm]
[www.trekbrasilis.org/classico/entretenimento/fanfics/sobreviventes25.htm]
[www.trekbrasilis.org/classico/entretenimento/fanfics/sobreviventes26.htm]
[www.trekbrasilis.org/classico/entretenimento/fanfics/sobreviventes.htm]
[www.trekbrasilis.org/classico/entretenimento/fanfics/faq.htm]
[www.trekbrasilis.org/classico/entretenimento/satiras/index.htm]
[www.trekbrasilis.org/classico/entretenimento/satiras/logo2.jpg]
[www.trekbrasilis.org/classico/entretenimento/satiras/divagacoes02.htm]
[www.trekbrasilis.org/classico/entretenimento/satiras/next.jpg]
[www.trekbrasilis.org/classico/entretenimento/satiras/CENA-01.jpg]
[www.trekbrasilis.org/classico/entretenimento/satiras/divagacoes01.htm]
[www.trekbrasilis.org/classico/entretenimento/satiras/mayweather.htm]
[www.trekbrasilis.org/classico/entretenimento/satiras/carnaval1.jpg]
[www.trekbrasilis.org/classico/entretenimento/satiras/carnaval.htm]
[www.trekbrasilis.org/classico/entretenimento/satiras/fundohqesq.gif]
[www.trekbrasilis.org/classico/entretenimento/satiras/topohqesq.gif]
[www.trekbrasilis.org/classico/entretenimento/satiras/lockwoodfoto.jpg]
[www.trekbrasilis.org/classico/entretenimento/satiras/lockwood2.htm]
[www.trekbrasilis.org/classico/entretenimento/satiras/lockwood3.htm]
[www.trekbrasilis.org/classico/entretenimento/satiras/lockwood4.htm]
[www.trekbrasilis.org/classico/entretenimento/satiras/lockwood5.htm]
[www.trekbrasilis.org/classico/entretenimento/satiras/lockwood6.htm]
[www.trekbrasilis.org/classico/entretenimento/satiras/lockwood7.htm]
[www.trekbrasilis.org/classico/entretenimento/satiras/fundohqdir.gif]
[www.trekbrasilis.org/classico/entretenimento/satiras/lockwood1t.jpg]
[www.trekbrasilis.org/classico/entretenimento/satiras/lockwood2.jpg]
[www.trekbrasilis.org/classico/entretenimento/satiras/lockwood2t.jpg]
[www.trekbrasilis.org/classico/entretenimento/satiras/lockwood3t.jpg]
[www.trekbrasilis.org/classico/entretenimento/satiras/lockwood4t.jpg]
[www.trekbrasilis.org/classico/entretenimento/satiras/lockwood.htm]
[www.trekbrasilis.org/classico/entretenimento/fanfics/index.htm]
[www.trekbrasilis.org/classico/entretenimento/fanfics/earthdc01.htm]
[www.trekbrasilis.org/classico/entretenimento/fanfics/earthdc02.htm]
[www.trekbrasilis.org/classico/entretenimento/fanfics/earthdc03.htm]
[www.trekbrasilis.org/classico/entretenimento/fanfics/earthdc05.htm]
[www.trekbrasilis.org/classico/entretenimento/fanfics/earthdc06.htm]
[www.trekbrasilis.org/classico/entretenimento/fanfics/earthdc08.htm]
[www.trekbrasilis.org/classico/entretenimento/fanfics/earthdc11.htm]
[www.trekbrasilis.org/classico/entretenimento/fanfics/earthdc12.htm]
[www.trekbrasilis.org/classico/entretenimento/fanfics/earthdcepilogo.htm]
[www.trekbrasilis.org/classico/cgi-bin/news/viewnews-61836.html]
[www.trekbrasilis.org/classico/links/n.gif]
[www.trekbrasilis.org/classico/entretenimento/sevtrek/index.html]
[www.trekbrasilis.org/classico/entretenimento/sevtrek/sevtrekimagem.jpg]
[www.trekbrasilis.org/classico/entretenimento/sevtrek/sevtrektitulo.gif]
[www.trekbrasilis.org/classico/entretenimento/sevtrek/sev001.htm]
[www.trekbrasilis.org/classico/entretenimento/sevtrek/sev002.htm]
[www.trekbrasilis.org/classico/entretenimento/sevtrek/sev003.htm]
[www.trekbrasilis.org/classico/entretenimento/sevtrek/sev004.htm]
[www.trekbrasilis.org/classico/entretenimento/sevtrek/sev005.htm]
[www.trekbrasilis.org/classico/entretenimento/sevtrek/sev006.htm]
[www.trekbrasilis.org/classico/entretenimento/sevtrek/sev007.htm]
[www.trekbrasilis.org/classico/entretenimento/sevtrek/sev008.htm]
[www.trekbrasilis.org/classico/entretenimento/sevtrek/sev009.htm]
[www.trekbrasilis.org/classico/entretenimento/sevtrek/sev010.htm]
[www.trekbrasilis.org/classico/entretenimento/sevtrek/sev011.htm]
[www.trekbrasilis.org/classico/entretenimento/sevtrek/sev012.htm]
[www.trekbrasilis.org/classico/entretenimento/sevtrek/sev013.htm]
[www.trekbrasilis.org/classico/entretenimento/sevtrek/sev014.htm]
[www.trekbrasilis.org/classico/entretenimento/sevtrek/sev015.htm]
[www.trekbrasilis.org/classico/entretenimento/sevtrek/sev016.htm]
[www.trekbrasilis.org/classico/entretenimento/sevtrek/sev017.htm]
[www.trekbrasilis.org/classico/entretenimento/sevtrek/sev018.htm]
[www.trekbrasilis.org/classico/entretenimento/sevtrek/sev019.htm]
[www.trekbrasilis.org/classico/entretenimento/sevtrek/sev020.htm]
[www.trekbrasilis.org/classico/entretenimento/sevtrek/sev021.htm]
[www.trekbrasilis.org/classico/entretenimento/sevtrek/sev022.htm]
[www.trekbrasilis.org/classico/entretenimento/sevtrek/sev023.htm]
[www.trekbrasilis.org/classico/entretenimento/sevtrek/sev024.htm]
[www.trekbrasilis.org/classico/entretenimento/sevtrek/sev025.htm]
[www.trekbrasilis.org/classico/entretenimento/sevtrek/sev026.htm]
[www.trekbrasilis.org/classico/entretenimento/sevtrek/sev027.htm]
[www.trekbrasilis.org/classico/entretenimento/sevtrek/sev028.htm]
[www.trekbrasilis.org/classico/entretenimento/sevtrek/sev029.htm]
[www.trekbrasilis.org/classico/entretenimento/sevtrek/sev030.htm]
[www.trekbrasilis.org/classico/entretenimento/sevtrek/sev031.htm]
[www.trekbrasilis.org/classico/entretenimento/sevtrek/sev032.htm]
[www.trekbrasilis.org/classico/entretenimento/sevtrek/sev033.htm]
[www.trekbrasilis.org/classico/entretenimento/sevtrek/sev034.htm]
[www.trekbrasilis.org/classico/entretenimento/sevtrek/sev035.htm]
[www.trekbrasilis.org/classico/entretenimento/sevtrek/sev036.htm]
[www.trekbrasilis.org/classico/entretenimento/sevtrek/sev037.htm]
[www.trekbrasilis.org/classico/entretenimento/sevtrek/sev038.htm]
[www.trekbrasilis.org/classico/entretenimento/sevtrek/sev039.htm]
[www.trekbrasilis.org/classico/entretenimento/sevtrek/sev040.htm]
[www.trekbrasilis.org/classico/entretenimento/sevtrek/sev041.htm]
[www.trekbrasilis.org/classico/entretenimento/sevtrek/sev042.htm]
[www.trekbrasilis.org/classico/entretenimento/sevtrek/sev043.htm]
[www.trekbrasilis.org/classico/entretenimento/sevtrek/sev044.htm]
[www.trekbrasilis.org/classico/entretenimento/sevtrek/sev045.htm]
[www.trekbrasilis.org/classico/entretenimento/sevtrek/index.html]
[www.trekbrasilis.org/classico/entretenimento/trivia/OrganiaTrivia2.99a.delayed]
[www.trekbrasilis.org/classico/entretenimento/trivia/trivia.htm]
[www.trekbrasilis.org/classico/entretenimento/porthos/index.htm]
[www.trekbrasilis.org/classico/entretenimento/porthos/osso.gif]
[www.trekbrasilis.org/classico/entretenimento/porthos/pl001.htm]
[www.trekbrasilis.org/classico/entretenimento/porthos/pl005.htm]
[www.trekbrasilis.org/classico/entretenimento/porthos/pl006.htm]
[www.trekbrasilis.org/classico/entretenimento/porthos/pl007.htm]
[www.trekbrasilis.org/classico/entretenimento/porthos/meioosso.gif]
[www.trekbrasilis.org/classico/entretenimento/porthos/pl013.htm]
[www.trekbrasilis.org/classico/entretenimento/porthos/pl015.htm]
[www.trekbrasilis.org/classico/entretenimento/porthos/pl016.htm]
[www.trekbrasilis.org/classico/interacao/manual.jpg]
[www.trekbrasilis.org/classico/interacao/manual.htm]
[www.trekbrasilis.org/classico/interacao/incubadora.jpg]
[www.trekbrasilis.org/classico/entrevistas/entrevistaslogo.jpg]
[www.trekbrasilis.org/classico/tos/episodios/tos08.jpg]
[www.trekbrasilis.org/classico/tos/episodios/tos0801.jpg]
[www.trekbrasilis.org/classico/tos/episodios/tos0802.jpg]
[www.trekbrasilis.org/classico/tos/episodios/tos0803.jpg]
[www.trekbrasilis.org/classico/tos/episodios/tos08.htm]
[www.trekbrasilis.org/classico/ds9/episodios/ds9008.jpg]
[www.trekbrasilis.org/classico/ds9/episodios/ds9008-1.jpg]
[www.trekbrasilis.org/classico/ds9/episodios/ds9008-2.jpg]
[www.trekbrasilis.org/classico/ds9/episodios/int.jpg]
[www.trekbrasilis.org/classico/ds9/episodios/ds9008.htm]
[www.trekbrasilis.org/classico/tos/episodios/tos28.jpg]
[www.trekbrasilis.org/classico/tos/episodios/tos2801.jpg]
[www.trekbrasilis.org/classico/tos/episodios/tos2804.jpg]
[www.trekbrasilis.org/classico/tos/episodios/tos2805.jpg]
[www.trekbrasilis.org/classico/tos/episodios/tos2806.jpg]
[www.trekbrasilis.org/classico/tos/episodios/tos2807.jpg]
[www.trekbrasilis.org/classico/tos/episodios/tos28.htm]
[www.trekbrasilis.org/classico/tos/episodios/tos07.jpg]
[www.trekbrasilis.org/classico/tos/episodios/tos0702.jpg]
[www.trekbrasilis.org/classico/tos/episodios/tos0703.jpg]
[www.trekbrasilis.org/classico/tos/episodios/tos07.htm]
[www.trekbrasilis.org/classico/entrevistas/e14fig4.html]
[www.trekbrasilis.org/classico/entrevistas/e14fig5.html]
[www.trekbrasilis.org/classico/ent/episodios/ent001.jpg]
[www.trekbrasilis.org/classico/ent/episodios/ent001-2.jpg]
[www.trekbrasilis.org/classico/ent/episodios/ent001-5.jpg]
[www.trekbrasilis.org/classico/ent/episodios/ent001-7.jpg]
[www.trekbrasilis.org/classico/ent/episodios/ent001-8.jpg]
[www.trekbrasilis.org/classico/ent/episodios/ent001-9.jpg]
[www.trekbrasilis.org/classico/ent/episodios/ent001-10.jpg]
[www.trekbrasilis.org/classico/ent/episodios/ent001-11.jpg]
[www.trekbrasilis.org/classico/ent/episodios/ent001-12.jpg]
[www.trekbrasilis.org/classico/ent/episodios/ent001-13.jpg]
[www.trekbrasilis.org/classico/ent/episodios/ent001-14.jpg]
[www.trekbrasilis.org/classico/ent/episodios/ent001-15.jpg]
[www.trekbrasilis.org/classico/ent/episodios/int.jpg]
[www.trekbrasilis.org/classico/ent/episodios/forrest.jpg]
[www.trekbrasilis.org/classico/ent/episodios/williams.jpg]
[www.trekbrasilis.org/classico/ent/episodios/soval.jpg]
[www.trekbrasilis.org/classico/ent/episodios/tos.jpg]
[www.trekbrasilis.org/classico/ent/episodios/moore.jpg]
[www.trekbrasilis.org/classico/ent/episodios/tos02.9ca.delayed]
[www.trekbrasilis.org/classico/ent/episodios/cap4.9cb.delayed]
[www.trekbrasilis.org/classico/ent/episodios/ent001.htm]
[www.trekbrasilis.org/classico/ent/episodios/ent013.jpg]
[www.trekbrasilis.org/classico/ent/episodios/ent013-2.jpg]
[www.trekbrasilis.org/classico/ent/episodios/ent013-3.jpg]
[www.trekbrasilis.org/classico/ent/episodios/ent013-4.jpg]
[www.trekbrasilis.org/classico/ent/episodios/ent013-5.jpg]
[www.trekbrasilis.org/classico/ent/episodios/ent013-6.jpg]
[www.trekbrasilis.org/classico/ent/episodios/ent013-7.jpg]
[www.trekbrasilis.org/classico/ent/episodios/ent013-8.jpg]
[www.trekbrasilis.org/classico/ent/episodios/ent013.htm]
[www.trekbrasilis.org/classico/ent/episodios/ent017.jpg]
[www.trekbrasilis.org/classico/ent/episodios/ent017-1.jpg]
[www.trekbrasilis.org/classico/ent/episodios/ent017-2.jpg]
[www.trekbrasilis.org/classico/ent/episodios/ent017-5.jpg]
[www.trekbrasilis.org/classico/ent/episodios/ent017.htm]
[www.trekbrasilis.org/classico/ent/episodios/ent005.jpg]
[www.trekbrasilis.org/classico/ent/episodios/ent005-1.jpg]
[www.trekbrasilis.org/classico/ent/episodios/ent005-2.jpg]
[www.trekbrasilis.org/classico/ent/episodios/ent005-3.jpg]
[www.trekbrasilis.org/classico/ent/episodios/ent005-4.jpg]
[www.trekbrasilis.org/classico/ent/episodios/ent005-5.jpg]
[www.trekbrasilis.org/classico/ent/episodios/ent005-6.jpg]
[www.trekbrasilis.org/classico/ent/episodios/ent005-7.jpg]
[www.trekbrasilis.org/classico/ent/episodios/ent005-9.jpg]
[www.trekbrasilis.org/classico/ent/episodios/ent005.htm]
[www.trekbrasilis.org/classico/ent/episodios/ent005-8.jpg]
[www.trekbrasilis.org/classico/ent/episodios/ent010.jpg]
[www.trekbrasilis.org/classico/ent/episodios/ent010-1.jpg]
[www.trekbrasilis.org/classico/ent/episodios/ent010-3.jpg]
[www.trekbrasilis.org/classico/ent/episodios/ent010-4.jpg]
[www.trekbrasilis.org/classico/ent/episodios/ent010-5.jpg]
[www.trekbrasilis.org/classico/ent/episodios/ent010-6.jpg]
[www.trekbrasilis.org/classico/ent/episodios/ent010.htm]
[www.trekbrasilis.org/classico/ent/episodios/ent007.jpg]
[www.trekbrasilis.org/classico/ent/episodios/ent007-1.jpg]
[www.trekbrasilis.org/classico/ent/episodios/ent007-2.jpg]
[www.trekbrasilis.org/classico/ent/episodios/ent007-3.jpg]
[www.trekbrasilis.org/classico/ent/episodios/ent007-4.jpg]
[www.trekbrasilis.org/classico/ent/episodios/ent007-6.jpg]
[www.trekbrasilis.org/classico/ent/episodios/ent007-7.jpg]
[www.trekbrasilis.org/classico/ent/episodios/ent007-8.jpg]
[www.trekbrasilis.org/classico/ent/episodios/ent007-9.jpg]
[www.trekbrasilis.org/classico/ent/episodios/ent007-10.jpg]
[www.trekbrasilis.org/classico/ent/episodios/ent007-11.jpg]
[www.trekbrasilis.org/classico/ent/episodios/ent007-12.jpg]
[www.trekbrasilis.org/classico/ent/episodios/ent007-13.jpg]
[www.trekbrasilis.org/classico/ent/episodios/ent007.htm]
[www.trekbrasilis.org/classico/entrevistas/entrevista14-2big.html]
[www.trekbrasilis.org/classico/entrevistas/entrevista14-3big.html]
[www.trekbrasilis.org/classico/entrevistas/entrevista14-4big.html]
[www.trekbrasilis.org/classico/entrevistas/e10fig1.htm]
[www.trekbrasilis.org/classico/entrevistas/e10fig2.jpg]
[www.trekbrasilis.org/classico/entrevistas/e10fig2.htm]
[www.trekbrasilis.org/classico/entrevistas/e10fig3.jpg]
[www.trekbrasilis.org/classico/entrevistas/e10fig3.htm]
[www.trekbrasilis.org/classico/entrevistas/e10fig4.jpg]
[www.trekbrasilis.org/classico/entrevistas/e10fig4.htm]
[www.trekbrasilis.org/classico/entrevistas/e10fig5.jpg]
[www.trekbrasilis.org/classico/entrevistas/e10fig5.htm]
[www.trekbrasilis.org/classico/entrevistas/e9fig2.htm]
[www.trekbrasilis.org/classico/entrevistas/e9fig3.htm]
[www.trekbrasilis.org/classico/entrevistas/e9fig4.htm]
[www.trekbrasilis.org/classico/entrevistas/e9fig5.jpg]
[www.trekbrasilis.org/classico/entrevistas/e9fig5.htm]
[www.trekbrasilis.org/classico/entrevistas/e9fig6.htm]
[www.trekbrasilis.org/classico/entrevistas/entrevista7.htm]
[www.trekbrasilis.org/classico/entrevistas/entrevista7-1.jpg]
[www.trekbrasilis.org/classico/entrevistas/entrevista7-2.jpg]
[www.trekbrasilis.org/classico/entrevistas/entrevista7-3.jpg]
[www.trekbrasilis.org/classico/entrevistas/entrevista7-4.jpg]
[www.trekbrasilis.org/classico/entrevistas/entrevista7-6.jpg]
[www.trekbrasilis.org/classico/entrevistas/entrevista7.htm]
[www.trekbrasilis.org/classico/links/index.htm]
[www.trekbrasilis.org/classico/links/index.htm]
[www.trekbrasilis.org/classico/destaqueforum.jpg]
[www.trekbrasilis.org/classico/tos/episodios/tos18-2.htm]
[www.trekbrasilis.org/classico/tos/episodios/temp1.htm]
[www.trekbrasilis.org/classico/tos/episodios/cap4.htm]
[www.trekbrasilis.org/classico/tos/episodios/tos25-2.htm]
[www.trekbrasilis.org/classico/tos/episodios/tos03.jpg]
[www.trekbrasilis.org/classico/tos/episodios/tos0301.jpg]
[www.trekbrasilis.org/classico/tos/episodios/tos0302.jpg]
[www.trekbrasilis.org/classico/tos/episodios/tos0303.jpg]
[www.trekbrasilis.org/classico/tos/episodios/tos0304.jpg]
[www.trekbrasilis.org/classico/tos/episodios/tos0305.jpg]
[www.trekbrasilis.org/classico/tos/episodios/tos0306.jpg]
[www.trekbrasilis.org/classico/tos/episodios/tos0307.jpg]
[www.trekbrasilis.org/classico/tos/episodios/tos03.htm]
[www.trekbrasilis.org/classico/ds9/episodios/ds9001.htm]
[www.trekbrasilis.org/classico/ds9/episodios/ds9001.jpg]
[www.trekbrasilis.org/classico/ds9/episodios/ds9001-1.jpg]
[www.trekbrasilis.org/classico/ds9/episodios/ds9001-2.jpg]
[www.trekbrasilis.org/classico/ds9/episodios/ds9001-4.jpg]
[www.trekbrasilis.org/classico/ds9/episodios/ds9001-5.jpg]
[www.trekbrasilis.org/classico/ds9/episodios/ds9001.htm]
[www.trekbrasilis.org/classico/tos/toslogo.jpg]
[www.trekbrasilis.org/classico/tos/tostitulo.gif]
[www.trekbrasilis.org/classico/tos/kirk.gif]
[www.trekbrasilis.org/classico/tos/coluna/coluna9.htm]
[www.trekbrasilis.org/classico/tos/coluna/coluna8-1.jpg]
[www.trekbrasilis.org/classico/tos/coluna/coluna8-2.jpg]
[www.trekbrasilis.org/classico/tos/coluna/coluna8-5.jpg]
[www.trekbrasilis.org/classico/tos/coluna/coluna8.htm]
[www.trekbrasilis.org/classico/tos/coluna/coluna7-1.jpg]
[www.trekbrasilis.org/classico/tos/coluna/coluna7-2.jpg]
[www.trekbrasilis.org/classico/tos/coluna/coluna7-3.jpg]
[www.trekbrasilis.org/classico/tos/coluna/coluna7.htm]
[www.trekbrasilis.org/classico/tos/coluna/coluna6-24.jpg]
[www.trekbrasilis.org/classico/tos/coluna/coluna6-5.jpg]
[www.trekbrasilis.org/classico/tos/coluna/coluna6-6.jpg]
[www.trekbrasilis.org/classico/tos/coluna/coluna6-7.jpg]
[www.trekbrasilis.org/classico/tos/coluna/coluna6-8.jpg]
[www.trekbrasilis.org/classico/tos/coluna/coluna6-9.jpg]
[www.trekbrasilis.org/classico/tos/coluna/coluna6-10.jpg]
[www.trekbrasilis.org/classico/tos/coluna/coluna6-11.jpg]
[www.trekbrasilis.org/classico/tos/coluna/coluna6-13.jpg]
[www.trekbrasilis.org/classico/tos/coluna/coluna6-17.jpg]
[www.trekbrasilis.org/classico/tos/coluna/coluna6-19.jpg]
[www.trekbrasilis.org/classico/tos/coluna/coluna6-20.jpg]
[www.trekbrasilis.org/classico/tos/coluna/coluna6-22.jpg]
[www.trekbrasilis.org/classico/tos/coluna/coluna6-21.jpg]
[www.trekbrasilis.org/classico/tos/coluna/coluna6-23.jpg]
[www.trekbrasilis.org/classico/tos/coluna/coluna6.htm]
[www.trekbrasilis.org/classico/tos/coluna/coluna5-2.jpg]
[www.trekbrasilis.org/classico/tos/coluna/coluna5.htm]
[www.trekbrasilis.org/classico/tos/coluna/coluna4-1.jpg]
[www.trekbrasilis.org/classico/tos/coluna/coluna4-2.jpg]
[www.trekbrasilis.org/classico/tos/coluna/coluna4-4.jpg]
[www.trekbrasilis.org/classico/tos/coluna/coluna4-6.gif]
[www.trekbrasilis.org/classico/tos/coluna/coluna4-7.jpg]
[www.trekbrasilis.org/classico/tos/coluna/coluna4.htm]
[www.trekbrasilis.org/classico/tos/coluna/coluna3-1.jpg]
[www.trekbrasilis.org/classico/tos/coluna/coluna3-3.jpg]
[www.trekbrasilis.org/classico/tos/coluna/coluna3-5.jpg]
[www.trekbrasilis.org/classico/tos/coluna/coluna3-7.jpg]
[www.trekbrasilis.org/classico/tos/coluna/coluna3.htm]
[www.trekbrasilis.org/classico/tos/coluna/coluna2-1.jpg]
[www.trekbrasilis.org/classico/tos/coluna/coluna2-3.jpg]
[www.trekbrasilis.org/classico/tos/coluna/coluna2.htm]
[www.trekbrasilis.org/classico/tos/coluna/coluna1-2.jpg]
[www.trekbrasilis.org/classico/tos/coluna/coluna1-3.jpg]
[www.trekbrasilis.org/classico/tos/coluna/coluna1.htm]
[www.trekbrasilis.org/classico/tos/episodios/meia.jpg]
[www.trekbrasilis.org/classico/tos/episodios/temp2.htm]
[www.trekbrasilis.org/classico/tos/episodios/tos04.jpg]
[www.trekbrasilis.org/classico/tos/episodios/tos0402.jpg]
[www.trekbrasilis.org/classico/tos/episodios/tos0401.jpg]
[www.trekbrasilis.org/classico/tos/episodios/tos0403.jpg]
[www.trekbrasilis.org/classico/tos/episodios/tos04.htm]
[www.trekbrasilis.org/classico/tos/episodios/tos05.jpg]
[www.trekbrasilis.org/classico/tos/episodios/tos0502.jpg]
[www.trekbrasilis.org/classico/tos/episodios/tos05.htm]
[www.trekbrasilis.org/classico/tos/episodios/tos0602.jpg]
[www.trekbrasilis.org/classico/tos/episodios/tos0603.jpg]
[www.trekbrasilis.org/classico/tos/episodios/tos06.htm]
[www.trekbrasilis.org/classico/tos/episodios/tos09.jpg]
[www.trekbrasilis.org/classico/tos/episodios/tos0901.jpg]
[www.trekbrasilis.org/classico/tos/episodios/tos0904.jpg]
[www.trekbrasilis.org/classico/tos/episodios/tos0902.jpg]
[www.trekbrasilis.org/classico/tos/episodios/tos09.htm]
[www.trekbrasilis.org/classico/tos/episodios/tos11.jpg]
[www.trekbrasilis.org/classico/tos/episodios/tos1102.jpg]
[www.trekbrasilis.org/classico/tos/episodios/tos1106.jpg]
[www.trekbrasilis.org/classico/tos/episodios/tos1107.jpg]
[www.trekbrasilis.org/classico/tos/episodios/tos1108.jpg]
[www.trekbrasilis.org/classico/tos/episodios/tos1104.jpg]
[www.trekbrasilis.org/classico/tos/episodios/tos11.htm]
[www.trekbrasilis.org/classico/tos/episodios/tos13.jpg]
[www.trekbrasilis.org/classico/tos/episodios/tos1301.jpg]
[www.trekbrasilis.org/classico/tos/episodios/tos1302.jpg]
[www.trekbrasilis.org/classico/tos/episodios/tos1303.jpg]
[www.trekbrasilis.org/classico/tos/episodios/tos1304.jpg]
[www.trekbrasilis.org/classico/tos/episodios/tos1305.jpg]
[www.trekbrasilis.org/classico/tos/episodios/tos13.htm]
[www.trekbrasilis.org/classico/tos/episodios/TOS14.HTM]
[www.trekbrasilis.org/classico/tos/episodios/tos1501.jpg]
[www.trekbrasilis.org/classico/tos/episodios/tos1503.jpg]
[www.trekbrasilis.org/classico/tos/episodios/tos1502.jpg]
[www.trekbrasilis.org/classico/tos/episodios/tos1504.jpg]
[www.trekbrasilis.org/classico/tos/episodios/tos1505.jpg]
[www.trekbrasilis.org/classico/tos/episodios/tos1506.jpg]
[www.trekbrasilis.org/classico/tos/episodios/tos15.htm]
[www.trekbrasilis.org/classico/tos/episodios/tos16.jpg]
[www.trekbrasilis.org/classico/tos/episodios/tos1601.jpg]
[www.trekbrasilis.org/classico/tos/episodios/tos1602.jpg]
[www.trekbrasilis.org/classico/tos/episodios/tos1603.jpg]
[www.trekbrasilis.org/classico/tos/episodios/tos1605.jpg]
[www.trekbrasilis.org/classico/tos/episodios/tos1606.jpg]
[www.trekbrasilis.org/classico/tos/episodios/tos1607.jpg]
[www.trekbrasilis.org/classico/tos/episodios/tos1609.jpg]
[www.trekbrasilis.org/classico/tos/episodios/tos1610.jpg]
[www.trekbrasilis.org/classico/tos/episodios/tos16.htm]
[www.trekbrasilis.org/classico/tos/episodios/tos17.jpg]
[www.trekbrasilis.org/classico/tos/episodios/tos1701.jpg]
[www.trekbrasilis.org/classico/tos/episodios/tos1702.jpg]
[www.trekbrasilis.org/classico/tos/episodios/tos1703.jpg]
[www.trekbrasilis.org/classico/tos/episodios/tos1705.jpg]
[www.trekbrasilis.org/classico/tos/episodios/tos1706.jpg]
[www.trekbrasilis.org/classico/tos/episodios/tos17.htm]
[www.trekbrasilis.org/classico/tos/episodios/TOS18.HTM]
[www.trekbrasilis.org/classico/tos/episodios/tos20.jpg]
[www.trekbrasilis.org/classico/tos/episodios/tos20.htm]
[www.trekbrasilis.org/classico/tos/episodios/tos22.htm]
[www.trekbrasilis.org/classico/tos/episodios/tos23.jpg]
[www.trekbrasilis.org/classico/tos/episodios/tos2301.jpg]
[www.trekbrasilis.org/classico/tos/episodios/tos2302.jpg]
[www.trekbrasilis.org/classico/tos/episodios/tos2303.jpg]
[www.trekbrasilis.org/classico/tos/episodios/tos2304.jpg]
[www.trekbrasilis.org/classico/tos/episodios/tos2305.jpg]
[www.trekbrasilis.org/classico/tos/episodios/tos2306.jpg]
[www.trekbrasilis.org/classico/tos/episodios/tos2307.jpg]
[www.trekbrasilis.org/classico/tos/episodios/tos23.htm]
[www.trekbrasilis.org/classico/tos/episodios/tos24.jpg]
[www.trekbrasilis.org/classico/tos/episodios/tos2401.jpg]
[www.trekbrasilis.org/classico/tos/episodios/tos2402.jpg]
[www.trekbrasilis.org/classico/tos/episodios/tos2403.jpg]
[www.trekbrasilis.org/classico/tos/episodios/tos2404.jpg]
[www.trekbrasilis.org/classico/tos/episodios/tos2405.jpg]
[www.trekbrasilis.org/classico/tos/episodios/tos24.htm]
[www.trekbrasilis.org/classico/tos/episodios/TOS25.HTM]
[www.trekbrasilis.org/classico/tos/episodios/tos26.jpg]
[www.trekbrasilis.org/classico/tos/episodios/tos2601.jpg]
[www.trekbrasilis.org/classico/tos/episodios/tos2602.jpg]
[www.trekbrasilis.org/classico/tos/episodios/tos2604.jpg]
[www.trekbrasilis.org/classico/tos/episodios/tos2605.jpg]
[www.trekbrasilis.org/classico/tos/episodios/tos2606.jpg]
[www.trekbrasilis.org/classico/tos/episodios/tos2607.jpg]
[www.trekbrasilis.org/classico/tos/episodios/tos26.htm]
[www.trekbrasilis.org/classico/tos/episodios/tos27.jpg]
[www.trekbrasilis.org/classico/tos/episodios/tos2701.jpg]
[www.trekbrasilis.org/classico/tos/episodios/tos2702.jpg]
[www.trekbrasilis.org/classico/tos/episodios/tos2703.jpg]
[www.trekbrasilis.org/classico/tos/episodios/tos2704.jpg]
[www.trekbrasilis.org/classico/tos/episodios/tos2705.jpg]
[www.trekbrasilis.org/classico/tos/episodios/tos2706.jpg]
[www.trekbrasilis.org/classico/tos/episodios/tos27.htm]
[www.trekbrasilis.org/classico/tos/episodios/tos2707.jpg]
[www.trekbrasilis.org/classico/tos/episodios/tos29.jpg]
[www.trekbrasilis.org/classico/tos/episodios/tos2902.jpg]
[www.trekbrasilis.org/classico/tos/episodios/tos2903.jpg]
[www.trekbrasilis.org/classico/tos/episodios/tos2904.jpg]
[www.trekbrasilis.org/classico/tos/episodios/tos2905.jpg]
[www.trekbrasilis.org/classico/tos/episodios/tos2906.jpg]
[www.trekbrasilis.org/classico/tos/episodios/tos29.htm]
[www.trekbrasilis.org/classico/tos/episodios/tos3002.jpg]
[www.trekbrasilis.org/classico/tos/episodios/tos3003.jpg]
[www.trekbrasilis.org/classico/tos/episodios/tos3004.jpg]
[www.trekbrasilis.org/classico/tos/episodios/tos3005.jpg]
[www.trekbrasilis.org/classico/tos/episodios/tos30.htm]
[www.trekbrasilis.org/classico/tos/episodios/tos31.jpg]
[www.trekbrasilis.org/classico/tos/episodios/tos3102.jpg]
[www.trekbrasilis.org/classico/tos/episodios/tos3104.jpg]
[www.trekbrasilis.org/classico/tos/episodios/tos31.htm]
[www.trekbrasilis.org/classico/tos/episodios/tos32.jpg]
[www.trekbrasilis.org/classico/tos/episodios/tos3201.jpg]
[www.trekbrasilis.org/classico/tos/episodios/tos3202.jpg]
[www.trekbrasilis.org/classico/tos/episodios/tos3203.jpg]
[www.trekbrasilis.org/classico/tos/episodios/tos3204.jpg]
[www.trekbrasilis.org/classico/tos/episodios/tos3205.jpg]
[www.trekbrasilis.org/classico/tos/episodios/tos3206.jpg]
[www.trekbrasilis.org/classico/tos/episodios/tos32.htm]
[www.trekbrasilis.org/classico/tos/episodios/tos33.jpg]
[www.trekbrasilis.org/classico/tos/episodios/tos3301.jpg]
[www.trekbrasilis.org/classico/tos/episodios/tos3302.jpg]
[www.trekbrasilis.org/classico/tos/episodios/tos3303.jpg]
[www.trekbrasilis.org/classico/tos/episodios/tos3304.jpg]
[www.trekbrasilis.org/classico/tos/episodios/tos3306.jpg]
[www.trekbrasilis.org/classico/tos/episodios/tos33.htm]
[www.trekbrasilis.org/classico/tos/episodios/tos3401.jpg]
[www.trekbrasilis.org/classico/tos/episodios/tos3402.jpg]
[www.trekbrasilis.org/classico/tos/episodios/tos3403.jpg]
[www.trekbrasilis.org/classico/tos/episodios/tos3404.jpg]
[www.trekbrasilis.org/classico/tos/episodios/tos3405.jpg]
[www.trekbrasilis.org/classico/tos/episodios/tos3406.jpg]
[www.trekbrasilis.org/classico/tos/episodios/tos3407.jpg]
[www.trekbrasilis.org/classico/tos/episodios/tos34.htm]
[www.trekbrasilis.org/classico/tos/episodios/tos3501.jpg]
[www.trekbrasilis.org/classico/tos/episodios/tos3502.jpg]
[www.trekbrasilis.org/classico/tos/episodios/tos3503.jpg]
[www.trekbrasilis.org/classico/tos/episodios/tos3505.jpg]
[www.trekbrasilis.org/classico/tos/episodios/tos3506.jpg]
[www.trekbrasilis.org/classico/tos/episodios/tos35.htm]
[www.trekbrasilis.org/classico/tos/episodios/tos36.jpg]
[www.trekbrasilis.org/classico/tos/episodios/tos3601.jpg]
[www.trekbrasilis.org/classico/tos/episodios/tos3603.jpg]
[www.trekbrasilis.org/classico/tos/episodios/tos3604.jpg]
[www.trekbrasilis.org/classico/tos/episodios/tos3605.jpg]
[www.trekbrasilis.org/classico/tos/episodios/tos36.htm]
[www.trekbrasilis.org/classico/tos/episodios/tos037.jpg]
[www.trekbrasilis.org/classico/tos/episodios/tos37-2.jpg]
[www.trekbrasilis.org/classico/tos/episodios/tos37-5.jpg]
[www.trekbrasilis.org/classico/tos/episodios/tos37.htm]
[www.trekbrasilis.org/classico/tos/episodios/tos038.jpg]
[www.trekbrasilis.org/classico/tos/episodios/tos038-1.jpg]
[www.trekbrasilis.org/classico/tos/episodios/tos038-3.jpg]
[www.trekbrasilis.org/classico/tos/episodios/tos038-5.jpg]
[www.trekbrasilis.org/classico/tos/episodios/tos38.htm]
[www.trekbrasilis.org/classico/tos/episodios/tos039-1.jpg]
[www.trekbrasilis.org/classico/tos/episodios/tos039-3.jpg]
[www.trekbrasilis.org/classico/tos/episodios/tos039-5.jpg]
[www.trekbrasilis.org/classico/tos/episodios/tos039-7.jpg]
[www.trekbrasilis.org/classico/tos/episodios/tos39.htm]
[www.trekbrasilis.org/classico/tos/episodios/tos040-5.jpg]
[www.trekbrasilis.org/classico/tos/episodios/tos040-4.jpg]
[www.trekbrasilis.org/classico/tos/episodios/tos40.htm]
[www.trekbrasilis.org/classico/tos/episodios/tos041-1.jpg]
[www.trekbrasilis.org/classico/tos/episodios/tos041-2.jpg]
[www.trekbrasilis.org/classico/tos/episodios/tos041-4.jpg]
[www.trekbrasilis.org/classico/tos/episodios/tos41.htm]
[www.trekbrasilis.org/classico/tos/episodios/tos042-2.jpg]
[www.trekbrasilis.org/classico/tos/episodios/tos042-3.jpg]
[www.trekbrasilis.org/classico/tos/episodios/tos042-4.jpg]
[www.trekbrasilis.org/classico/tos/episodios/tos042-5.jpg]
[www.trekbrasilis.org/classico/tos/episodios/tos042-6.jpg]
[www.trekbrasilis.org/classico/tos/episodios/tos042-8.jpg]
[www.trekbrasilis.org/classico/tos/episodios/tos42.htm]
[www.trekbrasilis.org/classico/tos/episodios/tos043-3.jpg]
[www.trekbrasilis.org/classico/tos/episodios/tos043-5.jpg]
[www.trekbrasilis.org/classico/tos/episodios/tos043-6.jpg]
[www.trekbrasilis.org/classico/tos/episodios/tos043-7.jpg]
[www.trekbrasilis.org/classico/tos/episodios/tos43.htm]
[www.trekbrasilis.org/classico/tos/episodios/tos044.jpg]
[www.trekbrasilis.org/classico/tos/episodios/tos044-5.jpg]
[www.trekbrasilis.org/classico/tos/episodios/tos044-6.jpg]
[www.trekbrasilis.org/classico/tos/episodios/alexandre_trekbrasilis.b26.delayed]
[www.trekbrasilis.org/classico/tos/episodios/danielsasaki_trekbrasilis.b27.delayed]
[www.trekbrasilis.org/classico/tos/episodios/tos44.htm]
[www.trekbrasilis.org/classico/tos/episodios/tos046.jpg]
[www.trekbrasilis.org/classico/tos/episodios/tos4602.jpg]
[www.trekbrasilis.org/classico/tos/episodios/tos4603.jpg]
[www.trekbrasilis.org/classico/tos/episodios/tos4604.jpg]
[www.trekbrasilis.org/classico/tos/episodios/tos4605.jpg]
[www.trekbrasilis.org/classico/tos/episodios/tos46.htm]
[www.trekbrasilis.org/classico/tos/episodios/tos4701.jpg]
[www.trekbrasilis.org/classico/tos/episodios/tos4703.jpg]
[www.trekbrasilis.org/classico/tos/episodios/tos4705.jpg]
[www.trekbrasilis.org/classico/tos/episodios/tos47.htm]
[www.trekbrasilis.org/classico/tos/episodios/tos048.jpg]
[www.trekbrasilis.org/classico/tos/episodios/tos4802.jpg]
[www.trekbrasilis.org/classico/tos/episodios/tos4804.jpg]
[www.trekbrasilis.org/classico/tos/episodios/tos48.htm]
[www.trekbrasilis.org/classico/tos/episodios/tos49.jpg]
[www.trekbrasilis.org/classico/tos/episodios/tos049-2.jpg]
[www.trekbrasilis.org/classico/tos/episodios/tos049-3.jpg]
[www.trekbrasilis.org/classico/tos/episodios/tos049-5.jpg]
[www.trekbrasilis.org/classico/tos/episodios/tos049-7.jpg]
[www.trekbrasilis.org/classico/tos/episodios/tos49.htm]
[www.trekbrasilis.org/classico/tos/episodios/tos050-1.jpg]
[www.trekbrasilis.org/classico/tos/episodios/tos050-3.jpg]
[www.trekbrasilis.org/classico/tos/episodios/tos050-5.jpg]
[www.trekbrasilis.org/classico/tos/episodios/tos050-9.jpg]
[www.trekbrasilis.org/classico/tos/episodios/tos50.htm]
[www.trekbrasilis.org/classico/tos/episodios/tos51.jpg]
[www.trekbrasilis.org/classico/tos/episodios/tos52.b4e.delayed]
[www.trekbrasilis.org/classico/tos/episodios/tos051-1.jpg]
[www.trekbrasilis.org/classico/tos/episodios/tos051-2.jpg]
[www.trekbrasilis.org/classico/tos/episodios/tos051-4.jpg]
[www.trekbrasilis.org/classico/tos/episodios/tos051-5.jpg]
[www.trekbrasilis.org/classico/tos/episodios/tos51.htm]
[www.trekbrasilis.org/classico/tos/episodios/tos78.jpg]
[www.trekbrasilis.org/classico/tos/episodios/tos7802.jpg]
[www.trekbrasilis.org/classico/tos/episodios/tos7807.jpg]
[www.trekbrasilis.org/classico/tos/episodios/tos78.htm]
[www.trekbrasilis.org/classico/tos/episodios/tos79.jpg]
[www.trekbrasilis.org/classico/tos/episodios/tos7901.jpg]
[www.trekbrasilis.org/classico/tos/episodios/tos7902.jpg]
[www.trekbrasilis.org/classico/tos/episodios/tos7903.jpg]
[www.trekbrasilis.org/classico/tos/episodios/tos7904.jpg]
[www.trekbrasilis.org/classico/tos/episodios/tos7905.jpg]
[www.trekbrasilis.org/classico/tos/episodios/tos79.htm]
[www.trekbrasilis.org/classico/tos/producao/diario1-1.jpg]
[www.trekbrasilis.org/classico/tos/producao/diario1-2.jpg]
[www.trekbrasilis.org/classico/tos/producao/diario1-3.jpg]
[www.trekbrasilis.org/classico/tos/producao/diario1-4.jpg]
[www.trekbrasilis.org/classico/tos/producao/diario1-5.jpg]
[www.trekbrasilis.org/classico/tos/producao/diario1.htm]
[www.trekbrasilis.org/classico/tos/producao/hunter.htm]
[www.trekbrasilis.org/classico/tos/producao/hoyt.htm]
[www.trekbrasilis.org/classico/tos/producao/goodwin.htm]
[www.trekbrasilis.org/classico/tos/producao/nimoy.htm]
[www.trekbrasilis.org/classico/tos/producao/barrett.htm]
[www.trekbrasilis.org/classico/tos/producao/duryea.htm]
[www.trekbrasilis.org/classico/tos/producao/oliver.htm]
[www.trekbrasilis.org/classico/tos/producao/elenco.htm]
[www.trekbrasilis.org/classico/tos/producao/pitch1.jpg]
[www.trekbrasilis.org/classico/tos/producao/pitch2.jpg]
[www.trekbrasilis.org/classico/tos/producao/trek_pitch.pdf]
[www.trekbrasilis.org/classico/tos/producao/pitch.htm]
[www.trekbrasilis.org/classico/tos/producao/cage1.jpg]
[www.trekbrasilis.org/classico/tos/producao/cage3.jpg]
[www.trekbrasilis.org/classico/tos/producao/cage4.jpg]
[www.trekbrasilis.org/classico/tos/producao/cage5.jpg]
[www.trekbrasilis.org/classico/tos/producao/cage.htm]
[www.trekbrasilis.org/classico/tos/producao/wherenomanoriginal2.b7b.delayed]
[www.trekbrasilis.org/classico/tos/producao/wherenomanoriginal19.jpg]
[www.trekbrasilis.org/classico/tos/producao/wherenomanoriginal3.b7d.delayed]
[www.trekbrasilis.org/classico/tos/producao/wherenomanoriginal1.jpg]
[www.trekbrasilis.org/classico/tos/producao/wherenomanoriginal3.jpg]
[www.trekbrasilis.org/classico/tos/producao/wherenomanoriginal4.jpg]
[www.trekbrasilis.org/classico/tos/producao/wherenomanoriginal6.jpg]
[www.trekbrasilis.org/classico/tos/producao/wherenomanoriginal7.jpg]
[www.trekbrasilis.org/classico/tos/producao/wherenomanoriginal9.jpg]
[www.trekbrasilis.org/classico/tos/producao/wherenomanoriginal10.jpg]
[www.trekbrasilis.org/classico/tos/producao/wherenomanoriginal11.jpg]
[www.trekbrasilis.org/classico/tos/producao/wherenomanoriginal12.jpg]
[www.trekbrasilis.org/classico/tos/producao/wherenomanoriginal13.jpg]
[www.trekbrasilis.org/classico/tos/producao/wherenomanoriginal14.jpg]
[www.trekbrasilis.org/classico/tos/producao/wherenomanoriginal15.jpg]
[www.trekbrasilis.org/classico/tos/producao/wherenomanoriginal16.jpg]
[www.trekbrasilis.org/classico/tos/producao/wherenomanoriginal18.jpg]
[www.trekbrasilis.org/classico/tos/producao/wherenoman.htm]
[www.trekbrasilis.org/classico/tos/producao/courage2.jpg]
[www.trekbrasilis.org/classico/tos/producao/courage4.jpg]
[www.trekbrasilis.org/classico/tos/producao/courage.htm]
[www.trekbrasilis.org/classico/tos/producao/mattjefferies.jpg]
[www.trekbrasilis.org/classico/tos/producao/jefferiestube.jpg]
[www.trekbrasilis.org/classico/tos/producao/enterprise1.jpg]
[www.trekbrasilis.org/classico/tos/producao/enterprise2.jpg]
[www.trekbrasilis.org/classico/tos/producao/enterprise3.jpg]
[www.trekbrasilis.org/classico/tos/producao/shuttle.jpg]
[www.trekbrasilis.org/classico/tos/producao/ponte.jpg]
[www.trekbrasilis.org/classico/tos/producao/pontet.jpg]
[www.trekbrasilis.org/classico/tos/producao/kirkquarters.jpg]
[www.trekbrasilis.org/classico/tos/producao/kirkquarterst.jpg]
[www.trekbrasilis.org/classico/tos/producao/sickbayt.jpg]
[www.trekbrasilis.org/classico/tos/producao/briefingroomtable.jpg]
[www.trekbrasilis.org/classico/tos/producao/briefingroomtablet.jpg]
[www.trekbrasilis.org/classico/tos/producao/hangart.jpg]
[www.trekbrasilis.org/classico/tos/producao/botanybay.jpg]
[www.trekbrasilis.org/classico/tos/producao/botanybayt.jpg]
[www.trekbrasilis.org/classico/tos/producao/klingon1.jpg]
[www.trekbrasilis.org/classico/tos/producao/sketch_theapple.jpg]
[www.trekbrasilis.org/classico/tos/producao/sketch_theapplet.jpg]
[www.trekbrasilis.org/classico/tos/producao/creditos.jpg]
[www.trekbrasilis.org/classico/tos/producao/mattjefferies1t.jpg]
[www.trekbrasilis.org/classico/tos/producao/jefferies.htm]
[www.trekbrasilis.org/classico/tos/producao/coon.htm]
[www.trekbrasilis.org/classico/tos/ficcao/index.bba.delayed]
[www.trekbrasilis.org/classico/tos/universo/especies/index.htm]
[www.trekbrasilis.org/classico/tos/especiais/origens01.jpg]
[www.trekbrasilis.org/classico/tos/especiais/runsilent01.jpg]
[www.trekbrasilis.org/classico/tos/especiais/runsilent02.jpg]
[www.trekbrasilis.org/classico/tos/especiais/runsilent03.jpg]
[www.trekbrasilis.org/classico/tos/especiais/origens.htm]
[www.trekbrasilis.org/classico/tos/especiais/origens2.htm]
[www.trekbrasilis.org/classico/tos/especiais/remasterizacao01.jpg]
[www.trekbrasilis.org/classico/tos/especiais/remasterizacao02.jpg]
[www.trekbrasilis.org/classico/tos/especiais/remasterizacao04.jpg]
[www.trekbrasilis.org/classico/tos/especiais/remasterizacao.htm]
[www.trekbrasilis.org/classico/tos/especiais/exp5.jpg]
[www.trekbrasilis.org/classico/tos/especiais/exp6.jpg]
[www.trekbrasilis.org/classico/tos/especiais/exp4.jpg]
[www.trekbrasilis.org/classico/tos/especiais/experience.htm]
[www.trekbrasilis.org/classico/tos/especiais/tosdvd1-11.jpg]
[www.trekbrasilis.org/classico/tos/especiais/tosdvd1-3.jpg]
[www.trekbrasilis.org/classico/tos/especiais/tosdvd1-4.jpg]
[www.trekbrasilis.org/classico/tos/especiais/tosdvd1-7.jpg]
[www.trekbrasilis.org/classico/tos/especiais/tosdvd1-10.jpg]
[www.trekbrasilis.org/classico/tos/especiais/tosdvd1-9.jpg]
[www.trekbrasilis.org/classico/tos/especiais/tosdvd1-6.jpg]
[www.trekbrasilis.org/classico/tos/especiais/tosdvd1-8.jpg]
[www.trekbrasilis.org/classico/tos/especiais/reviewtos1.htm]
[www.trekbrasilis.org/classico/cgi-bin/news/viewnews.cgi_category=all&id=1066507692]
[www.trekbrasilis.org/classico/cgi-bin/news/viewnews.cgi_category=all&id=1066879183]
[www.trekbrasilis.org/classico/cgi-bin/news/viewnews.cgi_category=all&id=1066935336]
[www.trekbrasilis.org/classico/cgi-bin/news/viewnews.cgi_category=all&id=1066995590]
[www.trekbrasilis.org/classico/cgi-bin/news/viewnews.cgi_category=all&id=1067003305]
[www.trekbrasilis.org/classico/cgi-bin/news/viewnews.cgi_category=all&id=1067255677]
[www.trekbrasilis.org/classico/cgi-bin/news/viewnews.cgi_category=all&id=1067266185]
[www.trekbrasilis.org/classico/cgi-bin/news/viewnews.cgi_category=all&id=1067278201]
[www.trekbrasilis.org/classico/cgi-bin/news/viewnews.cgi_category=all&id=1067289549]
[www.trekbrasilis.org/classico/cgi-bin/news/viewnews.cgi_category=all&id=1067292872]
[www.trekbrasilis.org/classico/cgi-bin/news/viewnews.cgi_category=all&id=1067294512]
[www.trekbrasilis.org/classico/cgi-bin/news/viewnews.cgi_category=all&id=1067296996]
[www.trekbrasilis.org/classico/cgi-bin/news/viewnews.cgi_category=all&id=1067299462]
[www.trekbrasilis.org/classico/cgi-bin/news/viewnews.cgi_category=all&id=1067395145]
[www.trekbrasilis.org/classico/cgi-bin/news/viewnews.cgi_category=all&id=1057070754]
[www.trekbrasilis.org/classico/cgi-bin/news/viewnews.cgi_category=all&id=1057855894]
[www.trekbrasilis.org/classico/cgi-bin/news/viewnews.cgi_category=all&id=1057881541]
[www.trekbrasilis.org/classico/cgi-bin/news/viewnews.cgi_category=all&id=1058201962]
[www.trekbrasilis.org/classico/cgi-bin/news/viewnews.cgi_category=all&id=1059593749]
[www.trekbrasilis.org/classico/cgi-bin/news/viewnews.cgi_category=all&id=1065488445]
[www.trekbrasilis.org/classico/tos/especiais/nimoybrasil.htm]
[www.trekbrasilis.org/classico/tos/especiais/kelleyhomenagem3.jpg]
[www.trekbrasilis.org/classico/tos/especiais/kelleyhomenagem1.jpg]
[www.trekbrasilis.org/classico/tos/especiais/kelleyhomenagem2.jpg]
[www.trekbrasilis.org/classico/tos/especiais/kelleyhomenagem4.jpg]
[www.trekbrasilis.org/classico/tos/especiais/kelleyhomenagem.htm]
[www.trekbrasilis.org/classico/tos/especiais/mccoy1.jpg]
[www.trekbrasilis.org/classico/tos/especiais/kirk2.jpg]
[www.trekbrasilis.org/classico/tos/especiais/pike1.jpg]
[www.trekbrasilis.org/classico/tos/especiais/incident.jpg]
[www.trekbrasilis.org/classico/tos/especiais/spock2.jpg]
[www.trekbrasilis.org/classico/tos/especiais/spock&amp;chapel.bf8.delayed]
[www.trekbrasilis.org/classico/tos/especiais/kirk1.jpg]
[www.trekbrasilis.org/classico/tos/especiais/decker.jpg]
[www.trekbrasilis.org/classico/tos/especiais/kruge.jpg]
[www.trekbrasilis.org/classico/tos/especiais/remember.jpg]
[www.trekbrasilis.org/classico/tos/especiais/uhura1.jpg]
[www.trekbrasilis.org/classico/tos/especiais/valeris.jpg]
[www.trekbrasilis.org/classico/tos/especiais/uhura2.jpg]
[www.trekbrasilis.org/classico/tos/especiais/keeler.jpg]
[www.trekbrasilis.org/classico/tos/especiais/trio.jpg]
[www.trekbrasilis.org/classico/tos/especiais/spock1.jpg]
[www.trekbrasilis.org/classico/tos/especiais/heisalreadydead.jpg]
[www.trekbrasilis.org/classico/tos/especiais/stiv.jpg]
[www.trekbrasilis.org/classico/tos/especiais/enterprise.jpg]
[www.trekbrasilis.org/classico/tos/especiais/pike2.jpg]
[www.trekbrasilis.org/classico/tos/especiais/gorn.jpg]
[www.trekbrasilis.org/classico/tos/especiais/sulumirror.jpg]
[www.trekbrasilis.org/classico/tos/especiais/chekov1.jpg]
[www.trekbrasilis.org/classico/tos/especiais/khan.jpg]
[www.trekbrasilis.org/classico/tos/especiais/chekov2.jpg]
[www.trekbrasilis.org/classico/tos/especiais/decker&amp;ilia.c0e.delayed]
[www.trekbrasilis.org/classico/tos/especiais/saavik1.jpg]
[www.trekbrasilis.org/classico/tos/especiais/scotty1.jpg]
[www.trekbrasilis.org/classico/tos/especiais/sulu2.jpg]
[www.trekbrasilis.org/classico/tos/especiais/saavik2.jpg]
[www.trekbrasilis.org/classico/tos/especiais/35anos.htm]
[www.trekbrasilis.org/classico/tos/especiais/reviewvol40-1.jpg]
[www.trekbrasilis.org/classico/tos/especiais/reviewvol40.htm]
[www.trekbrasilis.org/classico/tos/especiais/leao16-8.jpg]
[www.trekbrasilis.org/classico/tos/especiais/leao16-7.jpg]
[www.trekbrasilis.org/classico/tos/especiais/leao16-6.jpg]
[www.trekbrasilis.org/classico/tos/especiais/leao16-5.jpg]
[www.trekbrasilis.org/classico/tos/especiais/leao16-1.jpg]
[www.trekbrasilis.org/classico/tos/especiais/leao16.htm]
[www.trekbrasilis.org/classico/tos/especiais/leao12-a.jpg]
[www.trekbrasilis.org/classico/tos/especiais/leao15-4.jpg]
[www.trekbrasilis.org/classico/tos/especiais/leao15-1.jpg]
[www.trekbrasilis.org/classico/tos/especiais/leao15-2.jpg]
[www.trekbrasilis.org/classico/tos/especiais/leao15.htm]
[www.trekbrasilis.org/classico/tos/especiais/newfrontier20.jpg]
[www.trekbrasilis.org/classico/tos/especiais/newfrontier18.jpg]
[www.trekbrasilis.org/classico/tos/especiais/newfrontier18a.jpg]
[www.trekbrasilis.org/classico/tos/especiais/newfrontier19.jpg]
[www.trekbrasilis.org/classico/tos/especiais/newfrontier19a.jpg]
[www.trekbrasilis.org/classico/tos/especiais/newfrontier15.jpg]
[www.trekbrasilis.org/classico/tos/especiais/newfrontier16.jpg]
[www.trekbrasilis.org/classico/tos/especiais/newfrontier13a.jpg]
[www.trekbrasilis.org/classico/tos/especiais/newfrontier14.jpg]
[www.trekbrasilis.org/classico/tos/especiais/newfrontier10.jpg]
[www.trekbrasilis.org/classico/tos/especiais/newfrontier08.jpg]
[www.trekbrasilis.org/classico/tos/especiais/newfrontier06.jpg]
[www.trekbrasilis.org/classico/tos/especiais/newfrontier11.jpg]
[www.trekbrasilis.org/classico/tos/especiais/leao14.htm]
[www.trekbrasilis.org/classico/tos/especiais/leao12-1.jpg]
[www.trekbrasilis.org/classico/tos/especiais/leao12-3.jpg]
[www.trekbrasilis.org/classico/tos/especiais/leao12.htm]
[www.trekbrasilis.org/classico/tos/especiais/leao11-8.jpg]
[www.trekbrasilis.org/classico/tos/especiais/leao11-1.jpg]
[www.trekbrasilis.org/classico/tos/especiais/leao11-2.jpg]
[www.trekbrasilis.org/classico/tos/especiais/leao11-3.jpg]
[www.trekbrasilis.org/classico/tos/especiais/leao11-4.jpg]
[www.trekbrasilis.org/classico/tos/especiais/leao11-6.jpg]
[www.trekbrasilis.org/classico/tos/especiais/leao11.htm]
[www.trekbrasilis.org/classico/tos/especiais/leao10-3.jpg]
[www.trekbrasilis.org/classico/tos/especiais/leao10-5.jpg]
[www.trekbrasilis.org/classico/tos/especiais/leao10.htm]
[www.trekbrasilis.org/classico/tos/especiais/leao9-1.jpg]
[www.trekbrasilis.org/classico/tos/especiais/leao9-2.jpg]
[www.trekbrasilis.org/classico/tos/especiais/leao9-3.jpg]
[www.trekbrasilis.org/classico/tos/especiais/leao9-5.jpg]
[www.trekbrasilis.org/classico/tos/especiais/leao9-6.jpg]
[www.trekbrasilis.org/classico/tos/especiais/leao9-7.jpg]
[www.trekbrasilis.org/classico/tos/especiais/leao9-10.jpg]
[www.trekbrasilis.org/classico/tos/especiais/leao9-9.jpg]
[www.trekbrasilis.org/classico/tos/especiais/leao9.htm]
[www.trekbrasilis.org/classico/tos/especiais/leao8-1.jpg]
[www.trekbrasilis.org/classico/tos/especiais/leao9-11.jpg]
[www.trekbrasilis.org/classico/tos/especiais/leao8-4.jpg]
[www.trekbrasilis.org/classico/tos/especiais/leao8.htm]
[www.trekbrasilis.org/classico/tos/especiais/leao7-2.jpg]
[www.trekbrasilis.org/classico/tos/especiais/leao7-3.jpg]
[www.trekbrasilis.org/classico/tos/especiais/leao7-1.jpg]
[www.trekbrasilis.org/classico/tos/especiais/leao7-4.jpg]
[www.trekbrasilis.org/classico/tos/especiais/leao7.htm]
[www.trekbrasilis.org/classico/tos/especiais/leao5-2.jpg]
[www.trekbrasilis.org/classico/tos/especiais/leao5-4.jpg]
[www.trekbrasilis.org/classico/tos/especiais/leao5-3.jpg]
[www.trekbrasilis.org/classico/tos/especiais/leao5-5.jpg]
[www.trekbrasilis.org/classico/tos/especiais/leao5.htm]
[www.trekbrasilis.org/classico/tos/especiais/leao4-1.jpg]
[www.trekbrasilis.org/classico/tos/especiais/leao4-2.jpg]
[www.trekbrasilis.org/classico/tos/especiais/leao4-4.jpg]
[www.trekbrasilis.org/classico/tos/especiais/leao4.htm]
[www.trekbrasilis.org/classico/tos/especiais/leao3-1.jpg]
[www.trekbrasilis.org/classico/tos/especiais/leao3-2.jpg]
[www.trekbrasilis.org/classico/tos/especiais/leao3-3.jpg]
[www.trekbrasilis.org/classico/tos/especiais/leao3-4.jpg]
[www.trekbrasilis.org/classico/tos/especiais/leao3.htm]
[www.trekbrasilis.org/classico/tos/especiais/leao2-1.jpg]
[www.trekbrasilis.org/classico/tos/especiais/leao2-5.jpg]
[www.trekbrasilis.org/classico/tos/especiais/leao2-3.jpg]
[www.trekbrasilis.org/classico/tos/especiais/leao2.htm]
[www.trekbrasilis.org/classico/tos/especiais/leao1-1.jpg]
[www.trekbrasilis.org/classico/tos/especiais/leao1-4.jpg]
[www.trekbrasilis.org/classico/tos/especiais/leao1-3.jpg]
[www.trekbrasilis.org/classico/tos/especiais/leao1-2.jpg]
[www.trekbrasilis.org/classico/tos/especiais/leao1.htm]
[www.trekbrasilis.org/classico/tas/tastitulo.gif]
[www.trekbrasilis.org/classico/tas/cap2.htm]
[www.trekbrasilis.org/classico/tas/tasbridge.jpg]
[www.trekbrasilis.org/classico/tas/episodios/temp1.htm]
[www.trekbrasilis.org/classico/tas/episodios/tas01.jpg]
[www.trekbrasilis.org/classico/tas/episodios/tas01-3.jpg]
[www.trekbrasilis.org/classico/tas/episodios/tas01-4.jpg]
[www.trekbrasilis.org/classico/tas/episodios/int.jpg]
[www.trekbrasilis.org/classico/tas/episodios/tas01-5.jpg]
[www.trekbrasilis.org/classico/tas/episodios/tos02.c7b.delayed]
[www.trekbrasilis.org/classico/tas/episodios/cap4.c7c.delayed]
[www.trekbrasilis.org/classico/tas/episodios/tas01.htm]
[www.trekbrasilis.org/classico/tas/episodios/tas02.jpg]
[www.trekbrasilis.org/classico/tas/episodios/tas02-1.jpg]
[www.trekbrasilis.org/classico/tas/episodios/tas02-2.jpg]
[www.trekbrasilis.org/classico/tas/episodios/tas02-3.jpg]
[www.trekbrasilis.org/classico/tas/episodios/tas02-4.jpg]
[www.trekbrasilis.org/classico/tas/episodios/tas02-5.jpg]
[www.trekbrasilis.org/classico/tas/episodios/tas02-6.jpg]
[www.trekbrasilis.org/classico/tas/episodios/tas02.htm]
[www.trekbrasilis.org/classico/tas/episodios/tas03.jpg]
[www.trekbrasilis.org/classico/tas/episodios/tas03-1.jpg]
[www.trekbrasilis.org/classico/tas/episodios/tas03-2.jpg]
[www.trekbrasilis.org/classico/tas/episodios/tas03-3.jpg]
[www.trekbrasilis.org/classico/tas/episodios/tas03.htm]
[www.trekbrasilis.org/classico/tas/episodios/tas04.jpg]
[www.trekbrasilis.org/classico/tas/episodios/tas04.htm]
[www.trekbrasilis.org/classico/tas/episodios/tas05.htm]
[www.trekbrasilis.org/classico/tas/episodios/tas06.jpg]
[www.trekbrasilis.org/classico/tas/episodios/tas06-1.jpg]
[www.trekbrasilis.org/classico/tas/episodios/tas06.htm]
[www.trekbrasilis.org/classico/tas/episodios/tas07.jpg]
[www.trekbrasilis.org/classico/tas/episodios/tas08.c91.delayed]
[www.trekbrasilis.org/classico/tas/episodios/tas07-1.jpg]
[www.trekbrasilis.org/classico/tas/episodios/tas07.htm]
[www.trekbrasilis.org/classico/fase2/fii002.jpg]
[www.trekbrasilis.org/classico/fase2/fii002.htm]
[www.trekbrasilis.org/classico/fase2/fii003.jpg]
[www.trekbrasilis.org/classico/fase2/fii003.htm]
[www.trekbrasilis.org/classico/fase2/fii004.jpg]
[www.trekbrasilis.org/classico/fase2/fii004.htm]
[www.trekbrasilis.org/classico/fase2/fii005.jpg]
[www.trekbrasilis.org/classico/fase2/fii005.htm]
[www.trekbrasilis.org/classico/fase2/fii006.htm]
[www.trekbrasilis.org/classico/fase2/fii007.jpg]
[www.trekbrasilis.org/classico/fase2/fii007.htm]
[www.trekbrasilis.org/classico/fase2/fii008.jpg]
[www.trekbrasilis.org/classico/fase2/fii008.htm]
[www.trekbrasilis.org/classico/fase2/fii009.jpg]
[www.trekbrasilis.org/classico/fase2/fii009.htm]
[www.trekbrasilis.org/classico/fase2/fii010.jpg]
[www.trekbrasilis.org/classico/fase2/fii010.htm]
[www.trekbrasilis.org/classico/fase2/fii011.jpg]
[www.trekbrasilis.org/classico/fase2/fii011.htm]
[www.trekbrasilis.org/classico/fase2/fii012.jpg]
[www.trekbrasilis.org/classico/fase2/fii012.htm]
[www.trekbrasilis.org/classico/tng/episodios/tng077.jpg]
[www.trekbrasilis.org/classico/tng/episodios/tng077c/index.htm]
[www.trekbrasilis.org/classico/tng/episodios/tng077-1.jpg]
[www.trekbrasilis.org/classico/tng/episodios/tng077-2.jpg]
[www.trekbrasilis.org/classico/tng/episodios/int.jpg]
[www.trekbrasilis.org/classico/tng/episodios/cap4.ca6.delayed]
[www.trekbrasilis.org/classico/tng/episodios/tng077.htm]
[www.trekbrasilis.org/classico/filmes/especiais/estreianemesisimagem.jpg]
[www.trekbrasilis.org/classico/filmes/especiais/estreianemesistitulo.jpg]
[www.trekbrasilis.org/classico/filmes/especiais/estreianemesisanalises.htm]
[www.trekbrasilis.org/classico/filmes/especiais/estreianemesisesperando.htm]
[www.trekbrasilis.org/classico/filmes/especiais/estreianemesiscriticas.htm]
[www.trekbrasilis.org/classico/filmes/especiais/estreianemesismenu.jpg]
[www.trekbrasilis.org/classico/filmes/especiais/estreianemesis.htm]
[www.trekbrasilis.org/classico/tng/episodios/tng014.jpg]
[www.trekbrasilis.org/classico/tng/episodios/tng014-1.jpg]
[www.trekbrasilis.org/classico/tng/episodios/tng014-2.jpg]
[www.trekbrasilis.org/classico/tng/episodios/tng014-3.jpg]
[www.trekbrasilis.org/classico/tng/episodios/tng014-4.jpg]
[www.trekbrasilis.org/classico/tng/episodios/tng014.htm]
[www.trekbrasilis.org/classico/tng/episodios/tng035.jpg]
[www.trekbrasilis.org/classico/tng/episodios/tng035-1.jpg]
[www.trekbrasilis.org/classico/tng/episodios/tng035-2.jpg]
[www.trekbrasilis.org/classico/tng/episodios/tng035-4.jpg]
[www.trekbrasilis.org/classico/tng/episodios/tng035-5.jpg]
[www.trekbrasilis.org/classico/tng/episodios/tng035.htm]
[www.trekbrasilis.org/classico/tng/episodios/tng099.jpg]
[www.trekbrasilis.org/classico/tng/episodios/tng099-2.jpg]
[www.trekbrasilis.org/classico/tng/episodios/tng099-3.jpg]
[www.trekbrasilis.org/classico/tng/episodios/tng099-4.jpg]
[www.trekbrasilis.org/classico/tng/episodios/tng099-5.jpg]
[www.trekbrasilis.org/classico/tng/episodios/tng099.htm]
[www.trekbrasilis.org/classico/tng/episodios/tng111.jpg]
[www.trekbrasilis.org/classico/tng/episodios/tng111-1.jpg]
[www.trekbrasilis.org/classico/tng/episodios/tng111-2.jpg]
[www.trekbrasilis.org/classico/tng/episodios/tng111-3.jpg]
[www.trekbrasilis.org/classico/tng/episodios/tng111-4.jpg]
[www.trekbrasilis.org/classico/tng/episodios/tng111.htm]
[www.trekbrasilis.org/classico/tng/episodios/tng135.jpg]
[www.trekbrasilis.org/classico/tng/episodios/tng135-1.jpg]
[www.trekbrasilis.org/classico/tng/episodios/tng135-2.jpg]
[www.trekbrasilis.org/classico/tng/episodios/tng135-3.jpg]
[www.trekbrasilis.org/classico/tng/episodios/tng135-4.jpg]
[www.trekbrasilis.org/classico/tng/episodios/tng135.htm]
[www.trekbrasilis.org/classico/filmes/especiais/st7capat.jpg]
[www.trekbrasilis.org/classico/filmes/especiais/st7dvd.htm]
[www.trekbrasilis.org/classico/filmes/especiais/st8capat.jpg]
[www.trekbrasilis.org/classico/filmes/especiais/st8indicet.jpg]
[www.trekbrasilis.org/classico/filmes/especiais/st8dvd.htm]
[www.trekbrasilis.org/classico/tng/coluna/coluna10.htm]
[www.trekbrasilis.org/classico/tng/coluna/coluna9.htm]
[www.trekbrasilis.org/classico/tng/coluna/coluna8-1.jpg]
[www.trekbrasilis.org/classico/tng/coluna/coluna8-5.jpg]
[www.trekbrasilis.org/classico/tng/coluna/coluna8-3.jpg]
[www.trekbrasilis.org/classico/tng/coluna/coluna8.htm]
[www.trekbrasilis.org/classico/tng/coluna/coluna6-1.jpg]
[www.trekbrasilis.org/classico/tng/coluna/coluna6-3.jpg]
[www.trekbrasilis.org/classico/tng/coluna/coluna6-4.jpg]
[www.trekbrasilis.org/classico/tng/coluna/coluna6.htm]
[www.trekbrasilis.org/classico/tng/coluna/coluna5-1.jpg]
[www.trekbrasilis.org/classico/tng/coluna/coluna5-2.jpg]
[www.trekbrasilis.org/classico/tng/coluna/coluna5-3.jpg]
[www.trekbrasilis.org/classico/tng/coluna/coluna5-4.jpg]
[www.trekbrasilis.org/classico/tng/coluna/coluna5-5.jpg]
[www.trekbrasilis.org/classico/tng/coluna/coluna5-6.jpg]
[www.trekbrasilis.org/classico/tng/coluna/coluna5-7.jpg]
[www.trekbrasilis.org/classico/tng/coluna/coluna5.htm]
[www.trekbrasilis.org/classico/tng/coluna/coluna4-1.jpg]
[www.trekbrasilis.org/classico/tng/coluna/coluna4-2.jpg]
[www.trekbrasilis.org/classico/tng/coluna/coluna4-3.jpg]
[www.trekbrasilis.org/classico/tng/coluna/coluna4-4.jpg]
[www.trekbrasilis.org/classico/tng/coluna/coluna4-5.jpg]
[www.trekbrasilis.org/classico/tng/coluna/coluna4.htm]
[www.trekbrasilis.org/classico/tng/coluna/coluna3-1.jpg]
[www.trekbrasilis.org/classico/tng/coluna/coluna3-2.jpg]
[www.trekbrasilis.org/classico/tng/coluna/coluna3-3.jpg]
[www.trekbrasilis.org/classico/tng/coluna/coluna3.htm]
[www.trekbrasilis.org/classico/tng/coluna/coluna2.htm]
[www.trekbrasilis.org/classico/tng/coluna/coluna1-1.jpg]
[www.trekbrasilis.org/classico/tng/coluna/coluna1-3.jpg]
[www.trekbrasilis.org/classico/tng/coluna/coluna1-4.jpg]
[www.trekbrasilis.org/classico/tng/coluna/coluna1.htm]
[www.trekbrasilis.org/classico/tng/episodios/estrela.jpg]
[www.trekbrasilis.org/classico/tng/episodios/meia.jpg]
[www.trekbrasilis.org/classico/tng/episodios/temp1.htm]
[www.trekbrasilis.org/classico/tng/episodios/temp2.htm]
[www.trekbrasilis.org/classico/tng/episodios/temp3.htm]
[www.trekbrasilis.org/classico/tng/episodios/temp4.htm]
[www.trekbrasilis.org/classico/tng/episodios/temp5.htm]
[www.trekbrasilis.org/classico/tng/episodios/temp6.htm]
[www.trekbrasilis.org/classico/tng/episodios/temp7.htm]
[www.trekbrasilis.org/classico/tng/episodios/tng001.jpg]
[www.trekbrasilis.org/classico/tng/episodios/tng001c/index.htm]
[www.trekbrasilis.org/classico/tng/episodios/tng001-1.jpg]
[www.trekbrasilis.org/classico/tng/episodios/tng001-2.jpg]
[www.trekbrasilis.org/classico/tng/episodios/tng001-3.jpg]
[www.trekbrasilis.org/classico/tng/episodios/tng001-4.jpg]
[www.trekbrasilis.org/classico/tng/episodios/tng001-5.jpg]
[www.trekbrasilis.org/classico/tng/episodios/tng001-7.jpg]
[www.trekbrasilis.org/classico/tng/episodios/tos02.cf7.delayed]
[www.trekbrasilis.org/classico/tng/episodios/tng001.htm]
[www.trekbrasilis.org/classico/tng/episodios/tng003.jpg]
[www.trekbrasilis.org/classico/tng/episodios/tng003c/index.htm]
[www.trekbrasilis.org/classico/tng/episodios/tng003-1.jpg]
[www.trekbrasilis.org/classico/tos/episodios/tos007.cfb.delayed]
[www.trekbrasilis.org/classico/tng/episodios/tng003-2.jpg]
[www.trekbrasilis.org/classico/tng/episodios/tng003.htm]
[www.trekbrasilis.org/classico/tng/episodios/tng004-1.jpg]
[www.trekbrasilis.org/classico/tng/episodios/tng004-2.jpg]
[www.trekbrasilis.org/classico/tng/episodios/tng004-3.jpg]
[www.trekbrasilis.org/classico/tng/episodios/tng004-4.jpg]
[www.trekbrasilis.org/classico/tng/episodios/tng004-5.jpg]
[www.trekbrasilis.org/classico/tng/episodios/tng004.htm]
[www.trekbrasilis.org/classico/tng/episodios/tng005.jpg]
[www.trekbrasilis.org/classico/tng/episodios/tng005-1.jpg]
[www.trekbrasilis.org/classico/tng/episodios/tng005-2.jpg]
[www.trekbrasilis.org/classico/tng/episodios/tng005.htm]
[www.trekbrasilis.org/classico/tng/episodios/tng005-3.jpg]
[www.trekbrasilis.org/classico/tng/episodios/tng006.jpg]
[www.trekbrasilis.org/classico/tng/episodios/tng006-1.jpg]
[www.trekbrasilis.org/classico/tng/episodios/tng006-2.jpg]
[www.trekbrasilis.org/classico/tng/episodios/tng006.htm]
[www.trekbrasilis.org/classico/tng/episodios/tng007.jpg]
[www.trekbrasilis.org/classico/tng/episodios/tng007c/index.htm]
[www.trekbrasilis.org/classico/tng/episodios/tng007-1.jpg]
[www.trekbrasilis.org/classico/tng/episodios/tng007-2.jpg]
[www.trekbrasilis.org/classico/tng/episodios/tng007-4.jpg]
[www.trekbrasilis.org/classico/tng/episodios/tng007.htm]
[www.trekbrasilis.org/classico/tng/episodios/tng008.jpg]
[www.trekbrasilis.org/classico/tng/episodios/tng008-1.jpg]
[www.trekbrasilis.org/classico/tng/episodios/tng008-2.jpg]
[www.trekbrasilis.org/classico/tng/episodios/tng008-3.jpg]
[www.trekbrasilis.org/classico/tng/episodios/tng008.htm]
[www.trekbrasilis.org/classico/tng/episodios/tng009.jpg]
[www.trekbrasilis.org/classico/tng/episodios/tng009-1.jpg]
[www.trekbrasilis.org/classico/tng/episodios/tng009-2.jpg]
[www.trekbrasilis.org/classico/tng/episodios/tng009-3.jpg]
[www.trekbrasilis.org/classico/tng/episodios/tng009-4.jpg]
[www.trekbrasilis.org/classico/tng/episodios/tng009-5.jpg]
[www.trekbrasilis.org/classico/tng/episodios/tng009.htm]
[www.trekbrasilis.org/classico/tng/episodios/tng010-1.jpg]
[www.trekbrasilis.org/classico/tng/episodios/tng010-2.jpg]
[www.trekbrasilis.org/classico/tng/episodios/tng010-3.jpg]
[www.trekbrasilis.org/classico/tng/episodios/tng010.htm]
[www.trekbrasilis.org/classico/tng/episodios/tng011.jpg]
[www.trekbrasilis.org/classico/tng/episodios/tng011c/index.htm]
[www.trekbrasilis.org/classico/tng/episodios/tng011-1.jpg]
[www.trekbrasilis.org/classico/tng/episodios/tng011-2.jpg]
[www.trekbrasilis.org/classico/tng/episodios/tng011-4.jpg]
[www.trekbrasilis.org/classico/tng/episodios/tng011.htm]
[www.trekbrasilis.org/classico/tng/episodios/tng012.jpg]
[www.trekbrasilis.org/classico/tng/episodios/tng012-2.jpg]
[www.trekbrasilis.org/classico/tng/episodios/tng012-3.jpg]
[www.trekbrasilis.org/classico/tng/episodios/tng012.htm]
[www.trekbrasilis.org/classico/tng/episodios/tng013.jpg]
[www.trekbrasilis.org/classico/tng/episodios/tng013c/index.htm]
[www.trekbrasilis.org/classico/tng/episodios/tng013-1.jpg]
[www.trekbrasilis.org/classico/tng/episodios/tng013-2.jpg]
[www.trekbrasilis.org/classico/tng/episodios/tng013-3.jpg]
[www.trekbrasilis.org/classico/tng/episodios/tng013-5.jpg]
[www.trekbrasilis.org/classico/tng/episodios/tng013.htm]
[www.trekbrasilis.org/classico/tng/episodios/tng015.jpg]
[www.trekbrasilis.org/classico/tng/episodios/tng015-1.jpg]
[www.trekbrasilis.org/classico/tng/episodios/tng015-3.jpg]
[www.trekbrasilis.org/classico/tng/episodios/tng015.htm]
[www.trekbrasilis.org/classico/tng/episodios/tng016.jpg]
[www.trekbrasilis.org/classico/tng/episodios/tng016c/index.htm]
[www.trekbrasilis.org/classico/tng/episodios/tng016-1.jpg]
[www.trekbrasilis.org/classico/tng/episodios/tng016-2.jpg]
[www.trekbrasilis.org/classico/tng/episodios/tng016-3.jpg]
[www.trekbrasilis.org/classico/tng/episodios/tng016-5.jpg]
[www.trekbrasilis.org/classico/tng/episodios/tng016.htm]
[www.trekbrasilis.org/classico/tng/episodios/tng017.jpg]
[www.trekbrasilis.org/classico/tng/episodios/tng017-1.jpg]
[www.trekbrasilis.org/classico/tng/episodios/tng017-2.jpg]
[www.trekbrasilis.org/classico/tng/episodios/tng017-3.jpg]
[www.trekbrasilis.org/classico/tng/episodios/tng017-4.jpg]
[www.trekbrasilis.org/classico/tng/episodios/tng017-5.jpg]
[www.trekbrasilis.org/classico/tng/episodios/tng017.htm]
[www.trekbrasilis.org/classico/tng/episodios/tng018.jpg]
[www.trekbrasilis.org/classico/tng/episodios/tng018c/index.htm]
[www.trekbrasilis.org/classico/tng/episodios/tng018-1.jpg]
[www.trekbrasilis.org/classico/tng/episodios/tng018-2.jpg]
[www.trekbrasilis.org/classico/tng/episodios/tng018-3.jpg]
[www.trekbrasilis.org/classico/tng/episodios/tng018-5.jpg]
[www.trekbrasilis.org/classico/tng/episodios/tng018.htm]
[www.trekbrasilis.org/classico/tng/episodios/tng019.jpg]
[www.trekbrasilis.org/classico/tng/episodios/tng019-2.jpg]
[www.trekbrasilis.org/classico/tng/episodios/tng019-3.jpg]
[www.trekbrasilis.org/classico/tng/episodios/tng019-4.jpg]
[www.trekbrasilis.org/classico/tng/episodios/tng019.htm]
[www.trekbrasilis.org/classico/tng/episodios/tng020.jpg]
[www.trekbrasilis.org/classico/tng/episodios/tng020-1.jpg]
[www.trekbrasilis.org/classico/tng/episodios/tng020-2.jpg]
[www.trekbrasilis.org/classico/tng/episodios/tng020-3.jpg]
[www.trekbrasilis.org/classico/tng/episodios/tng020-4.jpg]
[www.trekbrasilis.org/classico/tng/episodios/tng020.htm]
[www.trekbrasilis.org/classico/tng/episodios/tng021.jpg]
[www.trekbrasilis.org/classico/tng/episodios/tng021-1.jpg]
[www.trekbrasilis.org/classico/tng/episodios/tng021-2.jpg]
[www.trekbrasilis.org/classico/tng/episodios/tng021-3.jpg]
[www.trekbrasilis.org/classico/tng/episodios/tng021-5.jpg]
[www.trekbrasilis.org/classico/tng/episodios/tng021.htm]
[www.trekbrasilis.org/classico/tng/episodios/tng022.jpg]
[www.trekbrasilis.org/classico/tng/episodios/tng022-2.jpg]
[www.trekbrasilis.org/classico/tng/episodios/tng022-3.jpg]
[www.trekbrasilis.org/classico/tng/episodios/tng022-4.jpg]
[www.trekbrasilis.org/classico/tng/episodios/tng022-5.jpg]
[www.trekbrasilis.org/classico/tng/episodios/tng022.htm]
[www.trekbrasilis.org/classico/tng/episodios/tng023.jpg]
[www.trekbrasilis.org/classico/tng/episodios/tng023c/index.htm]
[www.trekbrasilis.org/classico/tng/episodios/tng023-1.jpg]
[www.trekbrasilis.org/classico/tng/episodios/tng023-2.jpg]
[www.trekbrasilis.org/classico/tng/episodios/tng023-3.jpg]
[www.trekbrasilis.org/classico/tng/episodios/tng023-4.jpg]
[www.trekbrasilis.org/classico/tng/episodios/tng023.htm]
[www.trekbrasilis.org/classico/tng/episodios/tng024.jpg]
[www.trekbrasilis.org/classico/tng/episodios/tng024c/index.htm]
[www.trekbrasilis.org/classico/tng/episodios/tng024-1.jpg]
[www.trekbrasilis.org/classico/tng/episodios/tng024-3.jpg]
[www.trekbrasilis.org/classico/tng/episodios/tng024-4.jpg]
[www.trekbrasilis.org/classico/tng/episodios/tng024-5.jpg]
[www.trekbrasilis.org/classico/tng/episodios/tng024.htm]
[www.trekbrasilis.org/classico/tng/episodios/tng025.jpg]
[www.trekbrasilis.org/classico/tng/episodios/tng025-1.jpg]
[www.trekbrasilis.org/classico/tng/episodios/tng025-2.jpg]
[www.trekbrasilis.org/classico/tng/episodios/tng025-3.jpg]
[www.trekbrasilis.org/classico/tng/episodios/tng025-4.jpg]
[www.trekbrasilis.org/classico/tng/episodios/tng025-5.jpg]
[www.trekbrasilis.org/classico/tng/episodios/tng025.htm]
[www.trekbrasilis.org/classico/tng/episodios/tng026.jpg]
[www.trekbrasilis.org/classico/tng/episodios/tng026-7.jpg]
[www.trekbrasilis.org/classico/tng/episodios/tng026-1.jpg]
[www.trekbrasilis.org/classico/tng/episodios/tng026-3.jpg]
[www.trekbrasilis.org/classico/tng/episodios/tng026-4.jpg]
[www.trekbrasilis.org/classico/tng/episodios/tng026-5.jpg]
[www.trekbrasilis.org/classico/tng/episodios/tng026-6.jpg]
[www.trekbrasilis.org/classico/tng/episodios/tng026.htm]
[www.trekbrasilis.org/classico/tng/episodios/tng027.jpg]
[www.trekbrasilis.org/classico/tng/episodios/tng027-1.jpg]
[www.trekbrasilis.org/classico/tng/episodios/tng027-2.jpg]
[www.trekbrasilis.org/classico/tng/episodios/tng027-4.jpg]
[www.trekbrasilis.org/classico/tng/episodios/tng027.htm]
[www.trekbrasilis.org/classico/tng/episodios/tng028.jpg]
[www.trekbrasilis.org/classico/tng/episodios/tng028c/index.htm]
[www.trekbrasilis.org/classico/tng/episodios/tng028-1.jpg]
[www.trekbrasilis.org/classico/tng/episodios/tng028-2.jpg]
[www.trekbrasilis.org/classico/tng/episodios/tng028-4.jpg]
[www.trekbrasilis.org/classico/tng/episodios/tng028-5.jpg]
[www.trekbrasilis.org/classico/tng/episodios/tng028.htm]
[www.trekbrasilis.org/classico/tng/episodios/tng029.jpg]
[www.trekbrasilis.org/classico/tng/episodios/tng029-1.jpg]
[www.trekbrasilis.org/classico/tng/episodios/tng029-2.jpg]
[www.trekbrasilis.org/classico/tng/episodios/tng029-3.jpg]
[www.trekbrasilis.org/classico/tng/episodios/tng029-4.jpg]
[www.trekbrasilis.org/classico/tng/episodios/tng029.htm]
[www.trekbrasilis.org/classico/tng/episodios/tng030.jpg]
[www.trekbrasilis.org/classico/tng/episodios/tng030-1.jpg]
[www.trekbrasilis.org/classico/tng/episodios/tng030-3.jpg]
[www.trekbrasilis.org/classico/tng/episodios/tng030-4.jpg]
[www.trekbrasilis.org/classico/tng/episodios/tng030-5.jpg]
[www.trekbrasilis.org/classico/tng/episodios/tng030.htm]
[www.trekbrasilis.org/classico/tng/episodios/tng031.jpg]
[www.trekbrasilis.org/classico/tng/episodios/tng031c/index.htm]
[www.trekbrasilis.org/classico/tng/episodios/tng031-1.jpg]
[www.trekbrasilis.org/classico/tng/episodios/tng031-2.jpg]
[www.trekbrasilis.org/classico/tng/episodios/tng031-3.jpg]
[www.trekbrasilis.org/classico/tng/episodios/tng031-5.jpg]
[www.trekbrasilis.org/classico/tng/episodios/tng031-6.jpg]
[www.trekbrasilis.org/classico/tng/episodios/tng031.htm]
[www.trekbrasilis.org/classico/tng/episodios/tng032.jpg]
[www.trekbrasilis.org/classico/tng/episodios/tng032-2.jpg]
[www.trekbrasilis.org/classico/tng/episodios/tng032-3.jpg]
[www.trekbrasilis.org/classico/tng/episodios/tng032-4.jpg]
[www.trekbrasilis.org/classico/tng/episodios/tng032.htm]
[www.trekbrasilis.org/classico/tng/episodios/tng033.jpg]
[www.trekbrasilis.org/classico/tng/episodios/tng033-1.jpg]
[www.trekbrasilis.org/classico/tng/episodios/tng033-2.jpg]
[www.trekbrasilis.org/classico/tng/episodios/tng033-3.jpg]
[www.trekbrasilis.org/classico/tng/episodios/tng033-4.jpg]
[www.trekbrasilis.org/classico/tng/episodios/tng033.htm]
[www.trekbrasilis.org/classico/tng/episodios/tng034.jpg]
[www.trekbrasilis.org/classico/tng/episodios/tng034-1.jpg]
[www.trekbrasilis.org/classico/tng/episodios/tng034-2.jpg]
[www.trekbrasilis.org/classico/tng/episodios/tng034-3.jpg]
[www.trekbrasilis.org/classico/tng/episodios/tng034-4.jpg]
[www.trekbrasilis.org/classico/tng/episodios/tng034-5.jpg]
[www.trekbrasilis.org/classico/tng/episodios/tng034.htm]
[www.trekbrasilis.org/classico/tng/episodios/tng036.jpg]
[www.trekbrasilis.org/classico/tng/episodios/tng036-1.jpg]
[www.trekbrasilis.org/classico/tng/episodios/tng036-2.jpg]
[www.trekbrasilis.org/classico/tng/episodios/tng036-4.jpg]
[www.trekbrasilis.org/classico/tng/episodios/tng036.htm]
[www.trekbrasilis.org/classico/tng/episodios/tng037.jpg]
[www.trekbrasilis.org/classico/tng/episodios/tng037-2.jpg]
[www.trekbrasilis.org/classico/tng/episodios/tng037-4.jpg]
[www.trekbrasilis.org/classico/tng/episodios/tng037-5.jpg]
[www.trekbrasilis.org/classico/tng/episodios/tng037.htm]
[www.trekbrasilis.org/classico/tng/episodios/tng075.jpg]
[www.trekbrasilis.org/classico/tng/episodios/tng075-1.jpg]
[www.trekbrasilis.org/classico/tng/episodios/tng075-5.jpg]
[www.trekbrasilis.org/classico/tng/episodios/tng075-2.jpg]
[www.trekbrasilis.org/classico/tng/episodios/tng075-3.jpg]
[www.trekbrasilis.org/classico/tng/episodios/tng075.htm]
[www.trekbrasilis.org/classico/tng/episodios/tng076.jpg]
[www.trekbrasilis.org/classico/tng/episodios/tng076-2.jpg]
[www.trekbrasilis.org/classico/tng/episodios/tng076-3.jpg]
[www.trekbrasilis.org/classico/tng/episodios/tng076-4.jpg]
[www.trekbrasilis.org/classico/tng/episodios/tng076.htm]
[www.trekbrasilis.org/classico/tng/episodios/tng078-1.jpg]
[www.trekbrasilis.org/classico/tng/episodios/tng078-2.jpg]
[www.trekbrasilis.org/classico/tng/episodios/tng078-3.jpg]
[www.trekbrasilis.org/classico/tng/episodios/tng078-4.jpg]
[www.trekbrasilis.org/classico/tng/episodios/tng078-5.jpg]
[www.trekbrasilis.org/classico/tng/episodios/tng078.htm]
[www.trekbrasilis.org/classico/tng/episodios/tng079.jpg]
[www.trekbrasilis.org/classico/tng/episodios/tng079c/index.htm]
[www.trekbrasilis.org/classico/tng/episodios/tng079-1.jpg]
[www.trekbrasilis.org/classico/tng/episodios/tng079-2.jpg]
[www.trekbrasilis.org/classico/tng/episodios/tng079-3.jpg]
[www.trekbrasilis.org/classico/tng/episodios/tng079.htm]
[www.trekbrasilis.org/classico/tng/episodios/tng080-1.jpg]
[www.trekbrasilis.org/classico/tng/episodios/tng080-2.jpg]
[www.trekbrasilis.org/classico/tng/episodios/tng080-3.jpg]
[www.trekbrasilis.org/classico/tng/episodios/tng080-4.jpg]
[www.trekbrasilis.org/classico/tng/episodios/tng080.htm]
[www.trekbrasilis.org/classico/tng/episodios/tng081.jpg]
[www.trekbrasilis.org/classico/tng/episodios/tng081-1.jpg]
[www.trekbrasilis.org/classico/tng/episodios/tng081-2.jpg]
[www.trekbrasilis.org/classico/tng/episodios/tng081-3.jpg]
[www.trekbrasilis.org/classico/tng/episodios/tng081-4.jpg]
[www.trekbrasilis.org/classico/tng/episodios/tng081.htm]
[www.trekbrasilis.org/classico/tng/episodios/tng082.jpg]
[www.trekbrasilis.org/classico/tng/episodios/tng082c/index.htm]
[www.trekbrasilis.org/classico/tng/episodios/tng082-1.jpg]
[www.trekbrasilis.org/classico/tng/episodios/tng082-2.jpg]
[www.trekbrasilis.org/classico/tng/episodios/tng082-3.jpg]
[www.trekbrasilis.org/classico/tng/episodios/tng082-4.jpg]
[www.trekbrasilis.org/classico/tng/episodios/tng082.htm]
[www.trekbrasilis.org/classico/tng/episodios/tng083.jpg]
[www.trekbrasilis.org/classico/tng/episodios/tng083-1.jpg]
[www.trekbrasilis.org/classico/tng/episodios/tng083-3.jpg]
[www.trekbrasilis.org/classico/tng/episodios/tng083-4.jpg]
[www.trekbrasilis.org/classico/tng/episodios/tng083-5.jpg]
[www.trekbrasilis.org/classico/tng/episodios/tng083.htm]
[www.trekbrasilis.org/classico/tng/episodios/tng084.jpg]
[www.trekbrasilis.org/classico/tng/episodios/tng084-5.jpg]
[www.trekbrasilis.org/classico/tng/episodios/tng084-1.jpg]
[www.trekbrasilis.org/classico/tng/episodios/tng084-2.jpg]
[www.trekbrasilis.org/classico/tng/episodios/tng084-3.jpg]
[www.trekbrasilis.org/classico/tng/episodios/tng084-4.jpg]
[www.trekbrasilis.org/classico/tng/episodios/tng084.htm]
[www.trekbrasilis.org/classico/tng/episodios/tng086.jpg]
[www.trekbrasilis.org/classico/tng/episodios/tng086c/index.htm]
[www.trekbrasilis.org/classico/tng/episodios/tng086-1.jpg]
[www.trekbrasilis.org/classico/tng/episodios/tng086-3.jpg]
[www.trekbrasilis.org/classico/tng/episodios/tng086-4.jpg]
[www.trekbrasilis.org/classico/tng/episodios/tng086.htm]
[www.trekbrasilis.org/classico/tng/episodios/tng087.jpg]
[www.trekbrasilis.org/classico/tng/episodios/tng087c/index.df0.delayed]
[www.trekbrasilis.org/classico/tng/episodios/tng087-1.jpg]
[www.trekbrasilis.org/classico/tng/episodios/tng087-3.jpg]
[www.trekbrasilis.org/classico/tng/episodios/tng087-4.jpg]
[www.trekbrasilis.org/classico/tng/episodios/tng087.htm]
[www.trekbrasilis.org/classico/tng/episodios/tng088-1.jpg]
[www.trekbrasilis.org/classico/tng/episodios/tng088-2.jpg]
[www.trekbrasilis.org/classico/tng/episodios/tng088-3.jpg]
[www.trekbrasilis.org/classico/tng/episodios/tng088-4.jpg]
[www.trekbrasilis.org/classico/tng/episodios/tng088.htm]
[www.trekbrasilis.org/classico/tng/episodios/tng089.jpg]
[www.trekbrasilis.org/classico/tng/episodios/tng089-1.jpg]
[www.trekbrasilis.org/classico/tng/episodios/tng089-2.jpg]
[www.trekbrasilis.org/classico/tng/episodios/tng089-3.jpg]
[www.trekbrasilis.org/classico/tng/episodios/tng089-4.jpg]
[www.trekbrasilis.org/classico/tng/episodios/tng089.htm]
[www.trekbrasilis.org/classico/tng/episodios/tng090.jpg]
[www.trekbrasilis.org/classico/tng/episodios/tng090-2.jpg]
[www.trekbrasilis.org/classico/tng/episodios/tng090-3.jpg]
[www.trekbrasilis.org/classico/tng/episodios/tng090-4.jpg]
[www.trekbrasilis.org/classico/tng/episodios/tng090.htm]
[www.trekbrasilis.org/classico/tng/episodios/tng091.jpg]
[www.trekbrasilis.org/classico/tng/episodios/tng091-1.jpg]
[www.trekbrasilis.org/classico/tng/episodios/tng091-2.jpg]
[www.trekbrasilis.org/classico/tng/episodios/tng091-3.jpg]
[www.trekbrasilis.org/classico/tng/episodios/tng091-4.jpg]
[www.trekbrasilis.org/classico/tng/episodios/tng091-5.jpg]
[www.trekbrasilis.org/classico/tng/episodios/tng091.htm]
[www.trekbrasilis.org/classico/tng/episodios/tng092-1.jpg]
[www.trekbrasilis.org/classico/tng/episodios/tng092-2.jpg]
[www.trekbrasilis.org/classico/tng/episodios/tng092-4.jpg]
[www.trekbrasilis.org/classico/tng/episodios/tng092.htm]
[www.trekbrasilis.org/classico/tng/episodios/tng093.jpg]
[www.trekbrasilis.org/classico/tng/episodios/tng093c/index.htm]
[www.trekbrasilis.org/classico/tng/episodios/tng093-1.jpg]
[www.trekbrasilis.org/classico/tng/episodios/tng093-2.jpg]
[www.trekbrasilis.org/classico/tng/episodios/tng093-4.jpg]
[www.trekbrasilis.org/classico/tng/episodios/tng093.htm]
[www.trekbrasilis.org/classico/tng/episodios/tng094.jpg]
[www.trekbrasilis.org/classico/tng/episodios/tng094c/index.htm]
[www.trekbrasilis.org/classico/tng/episodios/tng094-1.jpg]
[www.trekbrasilis.org/classico/tng/episodios/tng094-2.jpg]
[www.trekbrasilis.org/classico/tng/episodios/tng094-3.jpg]
[www.trekbrasilis.org/classico/tng/episodios/tng094-5.jpg]
[www.trekbrasilis.org/classico/tng/episodios/tng094.htm]
[www.trekbrasilis.org/classico/tng/episodios/tng095.jpg]
[www.trekbrasilis.org/classico/tng/episodios/tng095c/index.e1e.delayed]
[www.trekbrasilis.org/classico/tng/episodios/tng095-1.jpg]
[www.trekbrasilis.org/classico/tng/episodios/tng095-2.jpg]
[www.trekbrasilis.org/classico/tng/episodios/tng095-3.jpg]
[www.trekbrasilis.org/classico/tng/episodios/tng095-4.jpg]
[www.trekbrasilis.org/classico/tng/episodios/tng095.htm]
[www.trekbrasilis.org/classico/tng/episodios/tng096.jpg]
[www.trekbrasilis.org/classico/tng/episodios/tng096-1.jpg]
[www.trekbrasilis.org/classico/tng/episodios/tng096-3.jpg]
[www.trekbrasilis.org/classico/tng/episodios/tng096-4.jpg]
[www.trekbrasilis.org/classico/tng/episodios/tng096-5.jpg]
[www.trekbrasilis.org/classico/tng/episodios/tng096.htm]
[www.trekbrasilis.org/classico/tng/episodios/tng097.jpg]
[www.trekbrasilis.org/classico/tng/episodios/tng097-1.jpg]
[www.trekbrasilis.org/classico/tng/episodios/tng097-2.jpg]
[www.trekbrasilis.org/classico/tng/episodios/tng097-3.jpg]
[www.trekbrasilis.org/classico/tng/episodios/tng097-4.jpg]
[www.trekbrasilis.org/classico/tng/episodios/tng097.htm]
[www.trekbrasilis.org/classico/tng/episodios/tng098-1.jpg]
[www.trekbrasilis.org/classico/tng/episodios/tng098-2.jpg]
[www.trekbrasilis.org/classico/tng/episodios/tng098-4.jpg]
[www.trekbrasilis.org/classico/tng/episodios/tng098-5.jpg]
[www.trekbrasilis.org/classico/tng/episodios/tng098.htm]
[www.trekbrasilis.org/classico/tng/episodios/tng100.jpg]
[www.trekbrasilis.org/classico/tng/episodios/tng100-1.jpg]
[www.trekbrasilis.org/classico/tng/episodios/tng100-2.jpg]
[www.trekbrasilis.org/classico/tng/episodios/tng100-3.jpg]
[www.trekbrasilis.org/classico/tng/episodios/tng100-4.jpg]
[www.trekbrasilis.org/classico/tng/episodios/tng100-5.jpg]
[www.trekbrasilis.org/classico/tng/episodios/tng100.htm]
[www.trekbrasilis.org/classico/tng/episodios/tng101-1.jpg]
[www.trekbrasilis.org/classico/tng/episodios/tng101-2.jpg]
[www.trekbrasilis.org/classico/tng/episodios/tng101-3.jpg]
[www.trekbrasilis.org/classico/tng/episodios/tng101-4.jpg]
[www.trekbrasilis.org/classico/tng/episodios/tng101-5.jpg]
[www.trekbrasilis.org/classico/tng/episodios/tng101.htm]
[www.trekbrasilis.org/classico/tng/episodios/tng102.jpg]
[www.trekbrasilis.org/classico/tng/episodios/tng102c/index.htm]
[www.trekbrasilis.org/classico/tng/episodios/tng102-1.jpg]
[www.trekbrasilis.org/classico/tng/episodios/tng102-2.jpg]
[www.trekbrasilis.org/classico/tng/episodios/tng102-3.jpg]
[www.trekbrasilis.org/classico/tng/episodios/tng102-4.jpg]
[www.trekbrasilis.org/classico/tng/episodios/tng102-5.jpg]
[www.trekbrasilis.org/classico/tng/episodios/tng102.htm]
[www.trekbrasilis.org/classico/tng/episodios/tng103.jpg]
[www.trekbrasilis.org/classico/tng/episodios/tng103-2.jpg]
[www.trekbrasilis.org/classico/tng/episodios/tng103-3.jpg]
[www.trekbrasilis.org/classico/tng/episodios/tng103-4.jpg]
[www.trekbrasilis.org/classico/tng/episodios/tng103.htm]
[www.trekbrasilis.org/classico/tng/episodios/tng104.jpg]
[www.trekbrasilis.org/classico/tng/episodios/tng104-1.jpg]
[www.trekbrasilis.org/classico/tng/episodios/tng104-2.jpg]
[www.trekbrasilis.org/classico/tng/episodios/tng104-3.jpg]
[www.trekbrasilis.org/classico/tng/episodios/tng104-4.jpg]
[www.trekbrasilis.org/classico/tng/episodios/tng104-5.jpg]
[www.trekbrasilis.org/classico/tng/episodios/tng104.htm]
[www.trekbrasilis.org/classico/tng/episodios/tng105.jpg]
[www.trekbrasilis.org/classico/tng/episodios/tng105-1.jpg]
[www.trekbrasilis.org/classico/tng/episodios/tng105-4.jpg]
[www.trekbrasilis.org/classico/tng/episodios/tng105-5.jpg]
[www.trekbrasilis.org/classico/tng/episodios/tng105.htm]
[www.trekbrasilis.org/classico/tng/episodios/tng106.jpg]
[www.trekbrasilis.org/classico/tng/episodios/tng106-1.jpg]
[www.trekbrasilis.org/classico/tng/episodios/tng106-2.jpg]
[www.trekbrasilis.org/classico/tng/episodios/tng106-3.jpg]
[www.trekbrasilis.org/classico/tng/episodios/tng106-4.jpg]
[www.trekbrasilis.org/classico/tng/episodios/tng106.htm]
[www.trekbrasilis.org/classico/tng/episodios/tng107.jpg]
[www.trekbrasilis.org/classico/tng/episodios/tng107-1.jpg]
[www.trekbrasilis.org/classico/tng/episodios/tng107-2.jpg]
[www.trekbrasilis.org/classico/tng/episodios/tng107-3.jpg]
[www.trekbrasilis.org/classico/tng/episodios/tng107-4.jpg]
[www.trekbrasilis.org/classico/tng/episodios/tng107.htm]
[www.trekbrasilis.org/classico/tng/episodios/tng108.jpg]
[www.trekbrasilis.org/classico/tng/episodios/tng108-1.jpg]
[www.trekbrasilis.org/classico/tng/episodios/tng108-4.jpg]
[www.trekbrasilis.org/classico/tng/episodios/tng108-5.jpg]
[www.trekbrasilis.org/classico/tng/episodios/tng108.htm]
[www.trekbrasilis.org/classico/tng/episodios/tng109.jpg]
[www.trekbrasilis.org/classico/tng/episodios/tng109c/index.htm]
[www.trekbrasilis.org/classico/tng/episodios/tng109-1.jpg]
[www.trekbrasilis.org/classico/tng/episodios/tng109-2.jpg]
[www.trekbrasilis.org/classico/tng/episodios/tng109-3.jpg]
[www.trekbrasilis.org/classico/tng/episodios/tng109-4.jpg]
[www.trekbrasilis.org/classico/tng/episodios/tng109.htm]
[www.trekbrasilis.org/classico/tng/episodios/tng110.jpg]
[www.trekbrasilis.org/classico/tng/episodios/tng110-1.jpg]
[www.trekbrasilis.org/classico/tng/episodios/tng110-2.jpg]
[www.trekbrasilis.org/classico/tng/episodios/tng110-4.jpg]
[www.trekbrasilis.org/classico/tng/episodios/tng110-5.jpg]
[www.trekbrasilis.org/classico/tng/episodios/tng110.htm]
[www.trekbrasilis.org/classico/tng/episodios/tng112-1.jpg]
[www.trekbrasilis.org/classico/tng/episodios/tng112-3.jpg]
[www.trekbrasilis.org/classico/tng/episodios/tng112.htm]
[www.trekbrasilis.org/classico/tng/episodios/tng113.jpg]
[www.trekbrasilis.org/classico/tng/episodios/tng113c/index.htm]
[www.trekbrasilis.org/classico/tng/episodios/tng113-1.jpg]
[www.trekbrasilis.org/classico/tng/episodios/tng113-2.jpg]
[www.trekbrasilis.org/classico/tng/episodios/tng113-3.jpg]
[www.trekbrasilis.org/classico/tng/episodios/tng113-4.jpg]
[www.trekbrasilis.org/classico/tng/episodios/tng113-5.jpg]
[www.trekbrasilis.org/classico/tng/episodios/tng113.htm]
[www.trekbrasilis.org/classico/tng/episodios/tng114.jpg]
[www.trekbrasilis.org/classico/tng/episodios/tng114c/index.htm]
[www.trekbrasilis.org/classico/tng/episodios/tng114-1.jpg]
[www.trekbrasilis.org/classico/tng/episodios/tng114-2.jpg]
[www.trekbrasilis.org/classico/tng/episodios/tng114-3.jpg]
[www.trekbrasilis.org/classico/tng/episodios/tng114-4.jpg]
[www.trekbrasilis.org/classico/tng/episodios/tng114-5.jpg]
[www.trekbrasilis.org/classico/tng/episodios/tng114.htm]
[www.trekbrasilis.org/classico/tng/episodios/tng115.jpg]
[www.trekbrasilis.org/classico/tng/episodios/tng115-1.jpg]
[www.trekbrasilis.org/classico/tng/episodios/tng115-3.jpg]
[www.trekbrasilis.org/classico/tng/episodios/tng115-4.jpg]
[www.trekbrasilis.org/classico/tng/episodios/tng115-5.jpg]
[www.trekbrasilis.org/classico/tng/episodios/tng115.htm]
[www.trekbrasilis.org/classico/tng/episodios/tng116.jpg]
[www.trekbrasilis.org/classico/tng/episodios/tng116-1.jpg]
[www.trekbrasilis.org/classico/tng/episodios/tng116-2.jpg]
[www.trekbrasilis.org/classico/tng/episodios/tng116-4.jpg]
[www.trekbrasilis.org/classico/tng/episodios/tng116-5.jpg]
[www.trekbrasilis.org/classico/tng/episodios/tng116.htm]
[www.trekbrasilis.org/classico/tng/episodios/tng117.jpg]
[www.trekbrasilis.org/classico/tng/episodios/tng117c/index.htm]
[www.trekbrasilis.org/classico/tng/episodios/tng117-1.jpg]
[www.trekbrasilis.org/classico/tng/episodios/tng117-2.jpg]
[www.trekbrasilis.org/classico/tng/episodios/tng117-3.jpg]
[www.trekbrasilis.org/classico/tng/episodios/tng117-4.jpg]
[www.trekbrasilis.org/classico/tng/episodios/tng117-5.jpg]
[www.trekbrasilis.org/classico/tng/episodios/tng117.htm]
[www.trekbrasilis.org/classico/tng/episodios/tng118.jpg]
[www.trekbrasilis.org/classico/tng/episodios/tng118-1.jpg]
[www.trekbrasilis.org/classico/tng/episodios/tng118-2.jpg]
[www.trekbrasilis.org/classico/tng/episodios/tng118-4.jpg]
[www.trekbrasilis.org/classico/tng/episodios/tng118.htm]
[www.trekbrasilis.org/classico/tng/episodios/tng119.jpg]
[www.trekbrasilis.org/classico/tng/episodios/tng119-1.jpg]
[www.trekbrasilis.org/classico/tng/episodios/tng119-2.jpg]
[www.trekbrasilis.org/classico/tng/episodios/tng119-3.jpg]
[www.trekbrasilis.org/classico/tng/episodios/tng119-4.jpg]
[www.trekbrasilis.org/classico/tng/episodios/tng119-5.jpg]
[www.trekbrasilis.org/classico/tng/episodios/tng119.htm]
[www.trekbrasilis.org/classico/tng/episodios/tng120.jpg]
[www.trekbrasilis.org/classico/tng/episodios/tng120-1.jpg]
[www.trekbrasilis.org/classico/tng/episodios/tng120-2.jpg]
[www.trekbrasilis.org/classico/tng/episodios/tng120-3.jpg]
[www.trekbrasilis.org/classico/tng/episodios/tng120-4.jpg]
[www.trekbrasilis.org/classico/tng/episodios/tng120-5.jpg]
[www.trekbrasilis.org/classico/tng/episodios/tng120.htm]
[www.trekbrasilis.org/classico/tng/episodios/tng121.jpg]
[www.trekbrasilis.org/classico/tng/episodios/tng121-1.jpg]
[www.trekbrasilis.org/classico/tng/episodios/tng121-2.jpg]
[www.trekbrasilis.org/classico/tng/episodios/tng121-4.jpg]
[www.trekbrasilis.org/classico/tng/episodios/tng121-5.jpg]
[www.trekbrasilis.org/classico/tng/episodios/tng121.htm]
[www.trekbrasilis.org/classico/tng/episodios/tng122.jpg]
[www.trekbrasilis.org/classico/tng/episodios/tng122-1.jpg]
[www.trekbrasilis.org/classico/tng/episodios/tng122-2.jpg]
[www.trekbrasilis.org/classico/tng/episodios/tng122-3.jpg]
[www.trekbrasilis.org/classico/tng/episodios/tng122-4.jpg]
[www.trekbrasilis.org/classico/tng/episodios/tng122.htm]
[www.trekbrasilis.org/classico/tng/episodios/tng123.jpg]
[www.trekbrasilis.org/classico/tng/episodios/tng123-1.jpg]
[www.trekbrasilis.org/classico/tng/episodios/tng123-3.jpg]
[www.trekbrasilis.org/classico/tng/episodios/tng123-4.jpg]
[www.trekbrasilis.org/classico/tng/episodios/tng123.htm]
[www.trekbrasilis.org/classico/tng/episodios/tng124.jpg]
[www.trekbrasilis.org/classico/tng/episodios/tng124-1.jpg]
[www.trekbrasilis.org/classico/tng/episodios/tng124-2.jpg]
[www.trekbrasilis.org/classico/tng/episodios/tng124-5.jpg]
[www.trekbrasilis.org/classico/tng/episodios/tng124.htm]
[www.trekbrasilis.org/classico/tng/episodios/tng125-1.jpg]
[www.trekbrasilis.org/classico/tng/episodios/tng125-2.jpg]
[www.trekbrasilis.org/classico/tng/episodios/tng125-3.jpg]
[www.trekbrasilis.org/classico/tng/episodios/tng125-4.jpg]
[www.trekbrasilis.org/classico/tng/episodios/tng125.htm]
[www.trekbrasilis.org/classico/tng/episodios/tng126.jpg]
[www.trekbrasilis.org/classico/tng/episodios/tng126-1.jpg]
[www.trekbrasilis.org/classico/tng/episodios/tng126-2.jpg]
[www.trekbrasilis.org/classico/tng/episodios/tng126-3.jpg]
[www.trekbrasilis.org/classico/tng/episodios/tng126-4.jpg]
[www.trekbrasilis.org/classico/tng/episodios/tng126-6.jpg]
[www.trekbrasilis.org/classico/tng/episodios/tng126.htm]
[www.trekbrasilis.org/classico/tng/episodios/tng127.jpg]
[www.trekbrasilis.org/classico/tng/episodios/tng127c/index.htm]
[www.trekbrasilis.org/classico/tng/episodios/tng127-1.jpg]
[www.trekbrasilis.org/classico/tng/episodios/tng127-2.jpg]
[www.trekbrasilis.org/classico/tng/episodios/tng127-4.jpg]
[www.trekbrasilis.org/classico/tng/episodios/tng127.htm]
[www.trekbrasilis.org/classico/tng/episodios/tng128-1.jpg]
[www.trekbrasilis.org/classico/tng/episodios/tng128-3.jpg]
[www.trekbrasilis.org/classico/tng/episodios/tng128-4.jpg]
[www.trekbrasilis.org/classico/tng/episodios/tng128.htm]
[www.trekbrasilis.org/classico/tng/episodios/tng129.jpg]
[www.trekbrasilis.org/classico/tng/episodios/tng129-2.jpg]
[www.trekbrasilis.org/classico/tng/episodios/tng129-3.jpg]
[www.trekbrasilis.org/classico/tng/episodios/tng129-4.jpg]
[www.trekbrasilis.org/classico/tng/episodios/tng129.htm]
[www.trekbrasilis.org/classico/tng/episodios/tng130.jpg]
[www.trekbrasilis.org/classico/tng/episodios/tng130c/index.htm]
[www.trekbrasilis.org/classico/tng/episodios/tng130-1.jpg]
[www.trekbrasilis.org/classico/tng/episodios/tng130-2.jpg]
[www.trekbrasilis.org/classico/tng/episodios/tng130-3.jpg]
[www.trekbrasilis.org/classico/tng/episodios/tng130-4.jpg]
[www.trekbrasilis.org/classico/tng/episodios/tng130-5.jpg]
[www.trekbrasilis.org/classico/tng/episodios/tng130.htm]
[www.trekbrasilis.org/classico/tng/episodios/tng131.jpg]
[www.trekbrasilis.org/classico/tng/episodios/tng131-3.jpg]
[www.trekbrasilis.org/classico/tng/episodios/tng131.htm]
[www.trekbrasilis.org/classico/tng/episodios/tng132.jpg]
[www.trekbrasilis.org/classico/tng/episodios/tng132-1.jpg]
[www.trekbrasilis.org/classico/tng/episodios/tng132-2.jpg]
[www.trekbrasilis.org/classico/tng/episodios/tng132-3.jpg]
[www.trekbrasilis.org/classico/tng/episodios/tng132-4.jpg]
[www.trekbrasilis.org/classico/tng/episodios/tng132.htm]
[www.trekbrasilis.org/classico/tng/episodios/tng133.jpg]
[www.trekbrasilis.org/classico/tng/episodios/tng133-1.jpg]
[www.trekbrasilis.org/classico/tng/episodios/tng133-2.jpg]
[www.trekbrasilis.org/classico/tng/episodios/tng133-3.jpg]
[www.trekbrasilis.org/classico/tng/episodios/tng133-4.jpg]
[www.trekbrasilis.org/classico/tng/episodios/tng133-5.jpg]
[www.trekbrasilis.org/classico/tng/episodios/tng133.htm]
[www.trekbrasilis.org/classico/tng/episodios/tng134.jpg]
[www.trekbrasilis.org/classico/tng/episodios/tng134-1.jpg]
[www.trekbrasilis.org/classico/tng/episodios/tng134-2.jpg]
[www.trekbrasilis.org/classico/tng/episodios/tng134-3.jpg]
[www.trekbrasilis.org/classico/tng/episodios/tng134-4.jpg]
[www.trekbrasilis.org/classico/tng/episodios/tng134.htm]
[www.trekbrasilis.org/classico/tng/episodios/tng136-1.jpg]
[www.trekbrasilis.org/classico/tng/episodios/tng136-2.jpg]
[www.trekbrasilis.org/classico/tng/episodios/tng136-4.jpg]
[www.trekbrasilis.org/classico/tng/episodios/tng136-5.jpg]
[www.trekbrasilis.org/classico/tng/episodios/tng136.htm]
[www.trekbrasilis.org/classico/tng/episodios/tng137.jpg]
[www.trekbrasilis.org/classico/tng/episodios/tng137-1.jpg]
[www.trekbrasilis.org/classico/tng/episodios/tng137-2.jpg]
[www.trekbrasilis.org/classico/tng/episodios/tng137-3.jpg]
[www.trekbrasilis.org/classico/tng/episodios/tng137-4.jpg]
[www.trekbrasilis.org/classico/tng/episodios/tng137.htm]
[www.trekbrasilis.org/classico/tng/episodios/tng138.jpg]
[www.trekbrasilis.org/classico/tng/episodios/tng138-1.jpg]
[www.trekbrasilis.org/classico/tng/episodios/tng138-3.jpg]
[www.trekbrasilis.org/classico/tng/episodios/tng138-4.jpg]
[www.trekbrasilis.org/classico/tng/episodios/tng138.htm]
[www.trekbrasilis.org/classico/tng/episodios/tng139-1.jpg]
[www.trekbrasilis.org/classico/tng/episodios/tng139-2.jpg]
[www.trekbrasilis.org/classico/tng/episodios/tng139-4.jpg]
[www.trekbrasilis.org/classico/tng/episodios/tng139-5.jpg]
[www.trekbrasilis.org/classico/tng/episodios/tng139.htm]
[www.trekbrasilis.org/classico/tng/episodios/tng140.jpg]
[www.trekbrasilis.org/classico/tng/episodios/tng140-1.jpg]
[www.trekbrasilis.org/classico/tng/episodios/tng140-2.jpg]
[www.trekbrasilis.org/classico/tng/episodios/tng140-3.jpg]
[www.trekbrasilis.org/classico/tng/episodios/tng140-4.jpg]
[www.trekbrasilis.org/classico/tng/episodios/tng140-5.jpg]
[www.trekbrasilis.org/classico/tng/episodios/tng140.htm]
[www.trekbrasilis.org/classico/tng/episodios/tng141.jpg]
[www.trekbrasilis.org/classico/tng/episodios/tng141-2.jpg]
[www.trekbrasilis.org/classico/tng/episodios/tng141-5.jpg]
[www.trekbrasilis.org/classico/tng/episodios/tng141.htm]
[www.trekbrasilis.org/classico/tng/episodios/tng142.jpg]
[www.trekbrasilis.org/classico/tng/episodios/tng142-1.jpg]
[www.trekbrasilis.org/classico/tng/episodios/tng142-2.jpg]
[www.trekbrasilis.org/classico/tng/episodios/tng142-4.jpg]
[www.trekbrasilis.org/classico/tng/episodios/tng142-3.jpg]
[www.trekbrasilis.org/classico/tng/episodios/tng142-5.jpg]
[www.trekbrasilis.org/classico/tng/episodios/tng142.htm]
[www.trekbrasilis.org/classico/tng/episodios/tng143.jpg]
[www.trekbrasilis.org/classico/tng/episodios/tng143-1.jpg]
[www.trekbrasilis.org/classico/tng/episodios/tng143-2.jpg]
[www.trekbrasilis.org/classico/tng/episodios/tng143-3.jpg]
[www.trekbrasilis.org/classico/tng/episodios/tng143-4.jpg]
[www.trekbrasilis.org/classico/tng/episodios/tng143-5.jpg]
[www.trekbrasilis.org/classico/tng/episodios/tng143.htm]
[www.trekbrasilis.org/classico/tng/episodios/tng144-1.jpg]
[www.trekbrasilis.org/classico/tng/episodios/tng144-3.jpg]
[www.trekbrasilis.org/classico/tng/episodios/tng144-4.jpg]
[www.trekbrasilis.org/classico/tng/episodios/tng144-5.jpg]
[www.trekbrasilis.org/classico/tng/episodios/tng144.htm]
[www.trekbrasilis.org/classico/tng/episodios/tng145.jpg]
[www.trekbrasilis.org/classico/tng/episodios/tng145-2.jpg]
[www.trekbrasilis.org/classico/tng/episodios/tng145-3.jpg]
[www.trekbrasilis.org/classico/tng/episodios/tng145-5.jpg]
[www.trekbrasilis.org/classico/tng/episodios/tng145.htm]
[www.trekbrasilis.org/classico/tng/episodios/tng146.jpg]
[www.trekbrasilis.org/classico/tng/episodios/tng146-2.jpg]
[www.trekbrasilis.org/classico/tng/episodios/tng146-3.jpg]
[www.trekbrasilis.org/classico/tng/episodios/tng146-4.jpg]
[www.trekbrasilis.org/classico/tng/episodios/tng146-5.jpg]
[www.trekbrasilis.org/classico/tng/episodios/tng146.htm]
[www.trekbrasilis.org/classico/tng/producao/diario1-1.jpg]
[www.trekbrasilis.org/classico/tng/producao/diario1-2.jpg]
[www.trekbrasilis.org/classico/tng/producao/diario1-3.jpg]
[www.trekbrasilis.org/classico/tng/producao/diario1.htm]
[www.trekbrasilis.org/classico/tng/producao/diario3-1.jpg]
[www.trekbrasilis.org/classico/tng/producao/diario3-2.jpg]
[www.trekbrasilis.org/classico/tng/producao/diario3-3.jpg]
[www.trekbrasilis.org/classico/tng/producao/diario3-7.jpg]
[www.trekbrasilis.org/classico/tng/producao/diario3.htm]
[www.trekbrasilis.org/classico/tng/producao/diario4-2.jpg]
[www.trekbrasilis.org/classico/tng/producao/diario4-4.jpg]
[www.trekbrasilis.org/classico/tng/producao/diario4-5.jpg]
[www.trekbrasilis.org/classico/tng/producao/diario4-6.jpg]
[www.trekbrasilis.org/classico/tng/producao/diario4.htm]
[www.trekbrasilis.org/classico/tng/producao/diario5-1.jpg]
[www.trekbrasilis.org/classico/tng/producao/diario5-2.jpg]
[www.trekbrasilis.org/classico/tng/producao/diario5-3.jpg]
[www.trekbrasilis.org/classico/tng/producao/diario5-4.jpg]
[www.trekbrasilis.org/classico/tng/producao/diario5-10.jpg]
[www.trekbrasilis.org/classico/tng/producao/diario5-5.jpg]
[www.trekbrasilis.org/classico/tng/producao/diario5-7.jpg]
[www.trekbrasilis.org/classico/tng/producao/diario5-8.jpg]
[www.trekbrasilis.org/classico/tng/producao/diario5-9.jpg]
[www.trekbrasilis.org/classico/tng/producao/diario5-11.jpg]
[www.trekbrasilis.org/classico/tng/producao/diario5.htm]
[www.trekbrasilis.org/classico/tng/producao/uniforme-1.jpg]
[www.trekbrasilis.org/classico/tng/producao/uniforme-2.jpg]
[www.trekbrasilis.org/classico/tng/producao/uniforme-3.jpg]
[www.trekbrasilis.org/classico/tng/producao/uniforme-5.jpg]
[www.trekbrasilis.org/classico/tng/producao/uniforme-11.jpg]
[www.trekbrasilis.org/classico/tng/producao/uniforme-6.jpg]
[www.trekbrasilis.org/classico/tng/producao/uniforme-7.jpg]
[www.trekbrasilis.org/classico/tng/producao/uniformes.htm]
[www.trekbrasilis.org/classico/tng/producao/picard2.jpg]
[www.trekbrasilis.org/classico/tng/producao/picard3.jpg]
[www.trekbrasilis.org/classico/tng/producao/picard.htm]
[www.trekbrasilis.org/classico/tng/producao/relics1.jpg]
[www.trekbrasilis.org/classico/tng/producao/relics2.jpg]
[www.trekbrasilis.org/classico/tng/producao/relics3.jpg]
[www.trekbrasilis.org/classico/tng/producao/relics5.jpg]
[www.trekbrasilis.org/classico/tng/producao/relics4.jpg]
[www.trekbrasilis.org/classico/tng/producao/relics6.jpg]
[www.trekbrasilis.org/classico/tng/producao/relics.htm]
[www.trekbrasilis.org/classico/tng/producao/sarek1.jpg]
[www.trekbrasilis.org/classico/tng/producao/sarek3.jpg]
[www.trekbrasilis.org/classico/tng/producao/sarek5.jpg]
[www.trekbrasilis.org/classico/tng/producao/sarek6.jpg]
[www.trekbrasilis.org/classico/tng/producao/sarek.htm]
[www.trekbrasilis.org/classico/tng/producao/borg3.jpg]
[www.trekbrasilis.org/classico/tng/producao/borg4.jpg]
[www.trekbrasilis.org/classico/tng/producao/borg5.jpg]
[www.trekbrasilis.org/classico/tng/producao/borg6.jpg]
[www.trekbrasilis.org/classico/tng/producao/borg7.jpg]
[www.trekbrasilis.org/classico/tng/producao/borg8.jpg]
[www.trekbrasilis.org/classico/tng/producao/borg9.jpg]
[www.trekbrasilis.org/classico/tng/producao/borg.htm]
[www.trekbrasilis.org/classico/tng/producao/pegasus1.jpg]
[www.trekbrasilis.org/classico/tng/producao/pegasus3.jpg]
[www.trekbrasilis.org/classico/tng/producao/pegasus2.jpg]
[www.trekbrasilis.org/classico/tng/producao/pegasus4.jpg]
[www.trekbrasilis.org/classico/tng/producao/pegasus5.jpg]
[www.trekbrasilis.org/classico/tng/producao/pegasus7.jpg]
[www.trekbrasilis.org/classico/tng/producao/pegasus8.jpg]
[www.trekbrasilis.org/classico/tng/producao/pegasus6.jpg]
[www.trekbrasilis.org/classico/tng/producao/pegasus.htm]
[www.trekbrasilis.org/classico/tng/ficcao/index.f82.delayed]
[www.trekbrasilis.org/classico/tng/universo/tecnologia/index.html]
[www.trekbrasilis.org/classico/tng/universo/tecnologia/dobra.htm]
[www.trekbrasilis.org/classico/tng/especiais/tng15anos2.jpg]
[www.trekbrasilis.org/classico/tng/especiais/tng15anos3.jpg]
[www.trekbrasilis.org/classico/tng/especiais/tng15anos4.jpg]
[www.trekbrasilis.org/classico/tng/especiais/tng15anos.htm]
[www.trekbrasilis.org/classico/ds9/episodios/ds9066.jpg]
[www.trekbrasilis.org/classico/ds9/episodios/ds9066-3.f8d.delayed]
[www.trekbrasilis.org/classico/ds9/episodios/ds9066-4.jpg]
[www.trekbrasilis.org/classico/ds9/episodios/ds9066-5.jpg]
[www.trekbrasilis.org/classico/ds9/episodios/ds9066.htm]
[www.trekbrasilis.org/classico/ds9/episodios/ds9067-1.jpg]
[www.trekbrasilis.org/classico/ds9/episodios/ds9067-2.jpg]
[www.trekbrasilis.org/classico/ds9/episodios/ds9067-4.jpg]
[www.trekbrasilis.org/classico/ds9/episodios/ds9067-5.jpg]
[www.trekbrasilis.org/classico/ds9/episodios/ds9067.htm]
[www.trekbrasilis.org/classico/ds9/bashir.gif]
[www.trekbrasilis.org/classico/ds9/coluna/index.htm]
[www.trekbrasilis.org/classico/ds9/coluna/index.htm]
[www.trekbrasilis.org/classico/ds9/coluna/coluna14.htm]
[www.trekbrasilis.org/classico/ds9/coluna/coluna13-1.jpg]
[www.trekbrasilis.org/classico/ds9/coluna/coluna13-2.jpg]
[www.trekbrasilis.org/classico/ds9/coluna/coluna13-3.jpg]
[www.trekbrasilis.org/classico/ds9/coluna/coluna13-4.jpg]
[www.trekbrasilis.org/classico/ds9/coluna/coluna13-5.jpg]
[www.trekbrasilis.org/classico/ds9/coluna/coluna13-6.jpg]
[www.trekbrasilis.org/classico/ds9/coluna/coluna13-7.jpg]
[www.trekbrasilis.org/classico/ds9/coluna/coluna13-8.jpg]
[www.trekbrasilis.org/classico/ds9/coluna/coluna13-9.jpg]
[www.trekbrasilis.org/classico/ds9/coluna/coluna13-10.jpg]
[www.trekbrasilis.org/classico/ds9/coluna/coluna13.htm]
[www.trekbrasilis.org/classico/ds9/coluna/coluna12-2.jpg]
[www.trekbrasilis.org/classico/ds9/coluna/coluna12-3.jpg]
[www.trekbrasilis.org/classico/ds9/coluna/coluna12-4.jpg]
[www.trekbrasilis.org/classico/ds9/coluna/coluna12-5.jpg]
[www.trekbrasilis.org/classico/ds9/coluna/coluna12-6.jpg]
[www.trekbrasilis.org/classico/ds9/coluna/coluna12-8.jpg]
[www.trekbrasilis.org/classico/ds9/episodios/ds9143.htm]
[www.trekbrasilis.org/classico/ds9/coluna/coluna12-10.jpg]
[www.trekbrasilis.org/classico/ds9/coluna/coluna12-11.jpg]
[www.trekbrasilis.org/classico/ds9/coluna/coluna12-1.jpg]
[www.trekbrasilis.org/classico/ds9/coluna/coluna12.htm]
[www.trekbrasilis.org/classico/ds9/coluna/coluna11titulo.html]
[www.trekbrasilis.org/classico/ds9/coluna/coluna11-1.jpg]
[www.trekbrasilis.org/classico/ds9/coluna/coluna11-2.jpg]
[www.trekbrasilis.org/classico/ds9/coluna/coluna11-8.jpg]
[www.trekbrasilis.org/classico/ds9/coluna/coluna11-6.jpg]
[www.trekbrasilis.org/classico/ds9/coluna/coluna11-11.jpg]
[www.trekbrasilis.org/classico/ds9/coluna/coluna11-4.jpg]
[www.trekbrasilis.org/classico/ds9/coluna/coluna11.htm]
[www.trekbrasilis.org/classico/ds9/coluna/coluna9-1.jpg]
[www.trekbrasilis.org/classico/ds9/coluna/coluna9-2.jpg]
[www.trekbrasilis.org/classico/ds9/coluna/coluna9-3.jpg]
[www.trekbrasilis.org/classico/ds9/coluna/coluna9.htm]
[www.trekbrasilis.org/classico/ds9/coluna/coluna8-1.jpg]
[www.trekbrasilis.org/classico/ds9/coluna/coluna8-2.jpg]
[www.trekbrasilis.org/classico/ds9/coluna/coluna8-4.jpg]
[www.trekbrasilis.org/classico/ds9/coluna/coluna8-5.jpg]
[www.trekbrasilis.org/classico/ds9/coluna/coluna8-6.jpg]
[www.trekbrasilis.org/classico/ds9/coluna/coluna8-7.jpg]
[www.trekbrasilis.org/classico/ds9/coluna/coluna8-8.jpg]
[www.trekbrasilis.org/classico/ds9/coluna/coluna8-9.jpg]
[www.trekbrasilis.org/classico/ds9/coluna/coluna8-10.jpg]
[www.trekbrasilis.org/classico/ds9/coluna/coluna8-11.jpg]
[www.trekbrasilis.org/classico/ds9/coluna/coluna8-12.jpg]
[www.trekbrasilis.org/classico/ds9/coluna/coluna8-13.jpg]
[www.trekbrasilis.org/classico/ds9/coluna/coluna8.htm]
[www.trekbrasilis.org/classico/ds9/coluna/coluna7-1.jpg]
[www.trekbrasilis.org/classico/ds9/coluna/coluna7-2.jpg]
[www.trekbrasilis.org/classico/ds9/coluna/coluna7-3.jpg]
[www.trekbrasilis.org/classico/ds9/coluna/coluna7-4.jpg]
[www.trekbrasilis.org/classico/ds9/coluna/coluna7-5.jpg]
[www.trekbrasilis.org/classico/ds9/coluna/coluna7-6.jpg]
[www.trekbrasilis.org/classico/ds9/coluna/coluna7-7.jpg]
[www.trekbrasilis.org/classico/ds9/coluna/coluna7-8.jpg]
[www.trekbrasilis.org/classico/ds9/coluna/coluna7-9.jpg]
[www.trekbrasilis.org/classico/ds9/coluna/coluna7-10.jpg]
[www.trekbrasilis.org/classico/ds9/coluna/coluna7.htm]
[www.trekbrasilis.org/classico/ds9/coluna/coluna6-1.jpg]
[www.trekbrasilis.org/classico/ds9/coluna/coluna6-3.jpg]
[www.trekbrasilis.org/classico/ds9/coluna/coluna6-4.jpg]
[www.trekbrasilis.org/classico/ds9/coluna/coluna6.htm]
[www.trekbrasilis.org/classico/ds9/coluna/coluna5.htm]
[www.trekbrasilis.org/classico/ds9/coluna/coluna4-1.jpg]
[www.trekbrasilis.org/classico/ds9/coluna/coluna4-2.jpg]
[www.trekbrasilis.org/classico/ds9/coluna/coluna4-3.jpg]
[www.trekbrasilis.org/classico/ds9/coluna/coluna4.htm]
[www.trekbrasilis.org/classico/ds9/coluna/coluna3.htm]
[www.trekbrasilis.org/classico/ds9/coluna/coluna2-1.jpg]
[www.trekbrasilis.org/classico/ds9/coluna/coluna2-2.jpg]
[www.trekbrasilis.org/classico/ds9/coluna/coluna2-3.jpg]
[www.trekbrasilis.org/classico/ds9/coluna/coluna2-4.jpg]
[www.trekbrasilis.org/classico/ds9/coluna/coluna2.htm]
[www.trekbrasilis.org/classico/ds9/coluna/coluna1-1.jpg]
[www.trekbrasilis.org/classico/ds9/coluna/coluna1-2.jpg]
[www.trekbrasilis.org/classico/ds9/coluna/coluna1-3.jpg]
[www.trekbrasilis.org/classico/ds9/coluna/coluna1.htm]
[www.trekbrasilis.org/classico/ds9/episodios/temp1-1.jpg]
[www.trekbrasilis.org/classico/ds9/episodios/temp1-2.jpg]
[www.trekbrasilis.org/classico/ds9/episodios/temp1-3.jpg]
[www.trekbrasilis.org/classico/ds9/episodios/temp1-6.jpg]
[www.trekbrasilis.org/classico/ds9/episodios/temp1-7.jpg]
[www.trekbrasilis.org/classico/ds9/episodios/temp1-8.jpg]
[www.trekbrasilis.org/classico/ds9/episodios/temp1-9.jpg]
[www.trekbrasilis.org/classico/ds9/episodios/temp1-10.jpg]
[www.trekbrasilis.org/classico/ds9/episodios/temp1-11.jpg]
[www.trekbrasilis.org/classico/ds9/episodios/temp1.htm]
[www.trekbrasilis.org/classico/ds9/episodios/temp2-8.jpg]
[www.trekbrasilis.org/classico/ds9/episodios/estrela.jpg]
[www.trekbrasilis.org/classico/ds9/episodios/temp2-1.jpg]
[www.trekbrasilis.org/classico/ds9/episodios/temp2-3.jpg]
[www.trekbrasilis.org/classico/ds9/episodios/temp2-5.jpg]
[www.trekbrasilis.org/classico/ds9/episodios/temp2-6.jpg]
[www.trekbrasilis.org/classico/ds9/episodios/temp2-4.jpg]
[www.trekbrasilis.org/classico/ds9/episodios/temp2-7.jpg]
[www.trekbrasilis.org/classico/ds9/episodios/temp2-2.jpg]
[www.trekbrasilis.org/classico/ds9/episodios/temp2.htm]
[www.trekbrasilis.org/classico/ds9/episodios/temp3.htm]
[www.trekbrasilis.org/classico/ds9/episodios/temp4.htm]
[www.trekbrasilis.org/classico/ds9/episodios/temp5.htm]
[www.trekbrasilis.org/classico/ds9/episodios/temp6.htm]
[www.trekbrasilis.org/classico/ds9/episodios/temp7.htm]
[www.trekbrasilis.org/classico/ds9/episodios/ds9073.jpg]
[www.trekbrasilis.org/classico/ds9/episodios/ds9073-1.jpg]
[www.trekbrasilis.org/classico/ds9/episodios/ds9073-2.jpg]
[www.trekbrasilis.org/classico/ds9/episodios/ds9073-3.jpg]
[www.trekbrasilis.org/classico/ds9/episodios/ds9073-4.jpg]
[www.trekbrasilis.org/classico/ds9/episodios/ds9073-5.jpg]
[www.trekbrasilis.org/classico/ds9/episodios/ds9073-7.jpg]
[www.trekbrasilis.org/classico/ds9/episodios/ds9073-8.jpg]
[www.trekbrasilis.org/classico/ds9/episodios/ds9073-9.jpg]
[www.trekbrasilis.org/classico/ds9/episodios/ds9073-10.jpg]
[www.trekbrasilis.org/classico/ds9/episodios/ds9073-11.jpg]
[www.trekbrasilis.org/classico/ds9/episodios/ds9073.htm]
[www.trekbrasilis.org/classico/ds9/episodios/ds9004.jpg]
[www.trekbrasilis.org/classico/ds9/episodios/ds9004-2.jpg]
[www.trekbrasilis.org/classico/ds9/episodios/ds9004-1.jpg]
[www.trekbrasilis.org/classico/ds9/episodios/ds9004-3.jpg]
[www.trekbrasilis.org/classico/ds9/episodios/ds9003.htm]
[www.trekbrasilis.org/classico/ds9/episodios/ds9003.jpg]
[www.trekbrasilis.org/classico/ds9/episodios/ds9003-1.jpg]
[www.trekbrasilis.org/classico/ds9/episodios/ds9003-3.jpg]
[www.trekbrasilis.org/classico/ds9/episodios/ds9004.htm]
[www.trekbrasilis.org/classico/ds9/episodios/ds9005-2.jpg]
[www.trekbrasilis.org/classico/ds9/episodios/ds9005-1.jpg]
[www.trekbrasilis.org/classico/ds9/episodios/ds9005.htm]
[www.trekbrasilis.org/classico/ds9/episodios/ds9006.jpg]
[www.trekbrasilis.org/classico/ds9/episodios/ds9006-2.jpg]
[www.trekbrasilis.org/classico/ds9/episodios/ds9006-3.jpg]
[www.trekbrasilis.org/classico/ds9/episodios/ds9006.htm]
[www.trekbrasilis.org/classico/ds9/episodios/ds9007.jpg]
[www.trekbrasilis.org/classico/ds9/episodios/ds9007-2.jpg]
[www.trekbrasilis.org/classico/ds9/episodios/ds9007.htm]
[www.trekbrasilis.org/classico/ds9/episodios/ds9009.jpg]
[www.trekbrasilis.org/classico/ds9/episodios/ds9009-2.jpg]
[www.trekbrasilis.org/classico/ds9/episodios/ds9009.htm]
[www.trekbrasilis.org/classico/ds9/episodios/ds9010.jpg]
[www.trekbrasilis.org/classico/ds9/episodios/ds9010-2.jpg]
[www.trekbrasilis.org/classico/ds9/episodios/ds9010.htm]
[www.trekbrasilis.org/classico/ds9/episodios/ds9011-1.jpg]
[www.trekbrasilis.org/classico/ds9/episodios/ds9011.htm]
[www.trekbrasilis.org/classico/ds9/episodios/ds9012.jpg]
[www.trekbrasilis.org/classico/ds9/episodios/ds9012-1.jpg]
[www.trekbrasilis.org/classico/ds9/episodios/ds9012-2.jpg]
[www.trekbrasilis.org/classico/ds9/episodios/ds9012.htm]
[www.trekbrasilis.org/classico/ds9/episodios/ds9013.jpg]
[www.trekbrasilis.org/classico/ds9/episodios/ds9013-3.jpg]
[www.trekbrasilis.org/classico/ds9/episodios/ds9013.htm]
[www.trekbrasilis.org/classico/ds9/episodios/ds9014-1.jpg]
[www.trekbrasilis.org/classico/ds9/episodios/ds9014-2.jpg]
[www.trekbrasilis.org/classico/ds9/episodios/ds9014.htm]
[www.trekbrasilis.org/classico/ds9/episodios/ds9015.jpg]
[www.trekbrasilis.org/classico/ds9/episodios/ds9015-1.jpg]
[www.trekbrasilis.org/classico/ds9/episodios/ds9015-2.jpg]
[www.trekbrasilis.org/classico/ds9/episodios/ds9015.htm]
[www.trekbrasilis.org/classico/ds9/episodios/ds9016.jpg]
[www.trekbrasilis.org/classico/ds9/episodios/ds9016.htm]
[www.trekbrasilis.org/classico/ds9/episodios/ds9017.jpg]
[www.trekbrasilis.org/classico/ds9/episodios/ds9017.htm]
[www.trekbrasilis.org/classico/ds9/episodios/ds9018.jpg]
[www.trekbrasilis.org/classico/ds9/episodios/ds9018-1.jpg]
[www.trekbrasilis.org/classico/ds9/episodios/ds9018.htm]
[www.trekbrasilis.org/classico/ds9/episodios/ds9019.jpg]
[www.trekbrasilis.org/classico/ds9/episodios/ds9019-1.jpg]
[www.trekbrasilis.org/classico/ds9/episodios/ds9019.htm]
[www.trekbrasilis.org/classico/ds9/episodios/ds9020.jpg]
[www.trekbrasilis.org/classico/ds9/episodios/ds9020.htm]
[www.trekbrasilis.org/classico/ds9/episodios/ds9021.jpg]
[www.trekbrasilis.org/classico/ds9/episodios/ds9021-3.jpg]
[www.trekbrasilis.org/classico/ds9/episodios/ds9021-4.jpg]
[www.trekbrasilis.org/classico/ds9/episodios/ds9021.htm]
[www.trekbrasilis.org/classico/ds9/episodios/ds9022.jpg]
[www.trekbrasilis.org/classico/ds9/episodios/ds9022-1.jpg]
[www.trekbrasilis.org/classico/ds9/episodios/ds9022-2.jpg]
[www.trekbrasilis.org/classico/ds9/episodios/ds9022-3.jpg]
[www.trekbrasilis.org/classico/ds9/episodios/ds9022-4.jpg]
[www.trekbrasilis.org/classico/ds9/episodios/ds9022-5.jpg]
[www.trekbrasilis.org/classico/ds9/episodios/ds9022.htm]
[www.trekbrasilis.org/classico/ds9/episodios/ds9023.jpg]
[www.trekbrasilis.org/classico/ds9/episodios/ds9023-1.jpg]
[www.trekbrasilis.org/classico/ds9/episodios/ds9023-2.jpg]
[www.trekbrasilis.org/classico/ds9/episodios/ds9023-3.jpg]
[www.trekbrasilis.org/classico/ds9/episodios/ds9023-4.jpg]
[www.trekbrasilis.org/classico/ds9/episodios/ds9023-5.jpg]
[www.trekbrasilis.org/classico/ds9/episodios/ds9023.htm]
[www.trekbrasilis.org/classico/ds9/episodios/ds9024-1.jpg]
[www.trekbrasilis.org/classico/ds9/episodios/ds9024-2.jpg]
[www.trekbrasilis.org/classico/ds9/episodios/ds9024-4.jpg]
[www.trekbrasilis.org/classico/ds9/episodios/ds9024-5.jpg]
[www.trekbrasilis.org/classico/ds9/episodios/ds9024.htm]
[www.trekbrasilis.org/classico/ds9/episodios/ds9025.jpg]
[www.trekbrasilis.org/classico/ds9/episodios/ds9025-1.jpg]
[www.trekbrasilis.org/classico/ds9/episodios/ds9025-2.jpg]
[www.trekbrasilis.org/classico/ds9/episodios/ds9025-3.jpg]
[www.trekbrasilis.org/classico/ds9/episodios/ds9025-4.jpg]
[www.trekbrasilis.org/classico/ds9/episodios/ds9025.htm]
[www.trekbrasilis.org/classico/ds9/episodios/ds9027.jpg]
[www.trekbrasilis.org/classico/ds9/episodios/ds9027-1.jpg]
[www.trekbrasilis.org/classico/ds9/episodios/ds9027-2.jpg]
[www.trekbrasilis.org/classico/ds9/episodios/ds9027-4.jpg]
[www.trekbrasilis.org/classico/ds9/episodios/ds9027.htm]
[www.trekbrasilis.org/classico/ds9/episodios/ds9029.jpg]
[www.trekbrasilis.org/classico/ds9/episodios/ds9029-1.jpg]
[www.trekbrasilis.org/classico/ds9/episodios/ds9029-2.jpg]
[www.trekbrasilis.org/classico/ds9/episodios/ds9029-3.jpg]
[www.trekbrasilis.org/classico/ds9/episodios/ds9029-4.jpg]
[www.trekbrasilis.org/classico/ds9/episodios/ds9029-5.jpg]
[www.trekbrasilis.org/classico/ds9/episodios/ds9029.htm]
[www.trekbrasilis.org/classico/ds9/episodios/ds9030.jpg]
[www.trekbrasilis.org/classico/ds9/episodios/ds9030-1.jpg]
[www.trekbrasilis.org/classico/ds9/episodios/ds9030-2.jpg]
[www.trekbrasilis.org/classico/ds9/episodios/ds9030-3.jpg]
[www.trekbrasilis.org/classico/ds9/episodios/ds9030.htm]
[www.trekbrasilis.org/classico/ds9/episodios/ds9031.jpg]
[www.trekbrasilis.org/classico/ds9/episodios/ds9031-1.jpg]
[www.trekbrasilis.org/classico/ds9/episodios/ds9031-3.jpg]
[www.trekbrasilis.org/classico/ds9/episodios/ds9031-4.jpg]
[www.trekbrasilis.org/classico/ds9/episodios/ds9031-5.jpg]
[www.trekbrasilis.org/classico/ds9/episodios/ds9031.htm]
[www.trekbrasilis.org/classico/ds9/episodios/ds9032.jpg]
[www.trekbrasilis.org/classico/ds9/episodios/ds9032-1.jpg]
[www.trekbrasilis.org/classico/ds9/episodios/ds9032-2.jpg]
[www.trekbrasilis.org/classico/ds9/episodios/ds9032-3.jpg]
[www.trekbrasilis.org/classico/ds9/episodios/ds9032-4.jpg]
[www.trekbrasilis.org/classico/ds9/episodios/ds9032-5.jpg]
[www.trekbrasilis.org/classico/ds9/episodios/ds9032.htm]
[www.trekbrasilis.org/classico/ds9/episodios/ds9033.jpg]
[www.trekbrasilis.org/classico/ds9/episodios/ds9033-1.jpg]
[www.trekbrasilis.org/classico/ds9/episodios/ds9033-2.jpg]
[www.trekbrasilis.org/classico/ds9/episodios/ds9033-4.jpg]
[www.trekbrasilis.org/classico/ds9/episodios/ds9033.htm]
[www.trekbrasilis.org/classico/ds9/episodios/ds9034.jpg]
[www.trekbrasilis.org/classico/ds9/episodios/ds9034-1.jpg]
[www.trekbrasilis.org/classico/ds9/episodios/ds9034-2.jpg]
[www.trekbrasilis.org/classico/ds9/episodios/ds9034-3.jpg]
[www.trekbrasilis.org/classico/ds9/episodios/ds9034-4.jpg]
[www.trekbrasilis.org/classico/ds9/episodios/ds9034.htm]
[www.trekbrasilis.org/classico/ds9/episodios/ds9035.jpg]
[www.trekbrasilis.org/classico/ds9/episodios/ds9035-1.jpg]
[www.trekbrasilis.org/classico/ds9/episodios/ds9035-2.jpg]
[www.trekbrasilis.org/classico/ds9/episodios/ds9035-3.jpg]
[www.trekbrasilis.org/classico/ds9/episodios/ds9035-4.jpg]
[www.trekbrasilis.org/classico/ds9/episodios/ds9035-5.jpg]
[www.trekbrasilis.org/classico/ds9/episodios/ds9035.htm]
[www.trekbrasilis.org/classico/ds9/episodios/ds9036.jpg]
[www.trekbrasilis.org/classico/ds9/episodios/ds9036-1.jpg]
[www.trekbrasilis.org/classico/ds9/episodios/ds9036-2.jpg]
[www.trekbrasilis.org/classico/ds9/episodios/ds9036-4.jpg]
[www.trekbrasilis.org/classico/ds9/episodios/ds9036-5.jpg]
[www.trekbrasilis.org/classico/ds9/episodios/ds9036.htm]
[www.trekbrasilis.org/classico/ds9/episodios/ds9037-1.jpg]
[www.trekbrasilis.org/classico/ds9/episodios/ds9037-2.jpg]
[www.trekbrasilis.org/classico/ds9/episodios/ds9037-4.jpg]
[www.trekbrasilis.org/classico/ds9/episodios/ds9037-5.jpg]
[www.trekbrasilis.org/classico/ds9/episodios/ds9037.htm]
[www.trekbrasilis.org/classico/ds9/episodios/ds9038.jpg]
[www.trekbrasilis.org/classico/ds9/episodios/ds9038-1.jpg]
[www.trekbrasilis.org/classico/ds9/episodios/ds9038-2.jpg]
[www.trekbrasilis.org/classico/ds9/episodios/ds9038-3.jpg]
[www.trekbrasilis.org/classico/ds9/episodios/ds9038-4.jpg]
[www.trekbrasilis.org/classico/ds9/episodios/ds9038-5.jpg]
[www.trekbrasilis.org/classico/ds9/episodios/ds9038.htm]
[www.trekbrasilis.org/classico/ds9/episodios/ds9039.jpg]
[www.trekbrasilis.org/classico/ds9/episodios/ds9039-1.jpg]
[www.trekbrasilis.org/classico/ds9/episodios/ds9039-2.jpg]
[www.trekbrasilis.org/classico/ds9/episodios/ds9039-4.jpg]
[www.trekbrasilis.org/classico/ds9/episodios/ds9039.htm]
[www.trekbrasilis.org/classico/ds9/episodios/ds9040.jpg]
[www.trekbrasilis.org/classico/ds9/episodios/ds9040-2.jpg]
[www.trekbrasilis.org/classico/ds9/episodios/ds9040-3.jpg]
[www.trekbrasilis.org/classico/ds9/episodios/ds9040-4.jpg]
[www.trekbrasilis.org/classico/ds9/episodios/ds9040.htm]
[www.trekbrasilis.org/classico/ds9/episodios/ds9041.jpg]
[www.trekbrasilis.org/classico/ds9/episodios/ds9041-1.jpg]
[www.trekbrasilis.org/classico/ds9/episodios/ds9041-2.jpg]
[www.trekbrasilis.org/classico/ds9/episodios/ds9041-3.jpg]
[www.trekbrasilis.org/classico/ds9/episodios/ds9041-4.jpg]
[www.trekbrasilis.org/classico/ds9/episodios/ds9041-5.jpg]
[www.trekbrasilis.org/classico/ds9/episodios/ds9041.htm]
[www.trekbrasilis.org/classico/ds9/episodios/ds9042.jpg]
[www.trekbrasilis.org/classico/ds9/episodios/ds9042-1.jpg]
[www.trekbrasilis.org/classico/ds9/episodios/ds9042-2.jpg]
[www.trekbrasilis.org/classico/ds9/episodios/ds9042-4.jpg]
[www.trekbrasilis.org/classico/ds9/episodios/ds9042-5.jpg]
[www.trekbrasilis.org/classico/ds9/episodios/ds9042.htm]
[www.trekbrasilis.org/classico/ds9/episodios/ds9043.jpg]
[www.trekbrasilis.org/classico/ds9/episodios/ds9043-1.jpg]
[www.trekbrasilis.org/classico/ds9/episodios/ds9043-2.jpg]
[www.trekbrasilis.org/classico/ds9/episodios/ds9043-3.jpg]
[www.trekbrasilis.org/classico/ds9/episodios/ds9043-4.jpg]
[www.trekbrasilis.org/classico/ds9/episodios/ds9043.htm]
[www.trekbrasilis.org/classico/ds9/episodios/ds9044.jpg]
[www.trekbrasilis.org/classico/ds9/episodios/ds9044-2.jpg]
[www.trekbrasilis.org/classico/ds9/episodios/ds9044-3.jpg]
[www.trekbrasilis.org/classico/ds9/episodios/ds9044-4.jpg]
[www.trekbrasilis.org/classico/ds9/episodios/ds9044-5.jpg]
[www.trekbrasilis.org/classico/ds9/episodios/ds9044.htm]
[www.trekbrasilis.org/classico/ds9/episodios/ds9045.jpg]
[www.trekbrasilis.org/classico/ds9/episodios/ds9045-1.jpg]
[www.trekbrasilis.org/classico/ds9/episodios/ds9045-2.jpg]
[www.trekbrasilis.org/classico/ds9/episodios/ds9045-3.jpg]
[www.trekbrasilis.org/classico/ds9/episodios/ds9045-4.jpg]
[www.trekbrasilis.org/classico/ds9/episodios/ds9045-5.jpg]
[www.trekbrasilis.org/classico/ds9/episodios/ds9045.htm]
[www.trekbrasilis.org/classico/ds9/episodios/ds9046.jpg]
[www.trekbrasilis.org/classico/ds9/episodios/ds9046-1.jpg]
[www.trekbrasilis.org/classico/ds9/episodios/ds9046-3.jpg]
[www.trekbrasilis.org/classico/ds9/episodios/ds9046-4.jpg]
[www.trekbrasilis.org/classico/ds9/episodios/ds9046-5.jpg]
[www.trekbrasilis.org/classico/ds9/episodios/ds9046-6.jpg]
[www.trekbrasilis.org/classico/ds9/episodios/ds9046-7.jpg]
[www.trekbrasilis.org/classico/ds9/episodios/ds9046.htm]
[www.trekbrasilis.org/classico/ds9/episodios/ds9047.jpg]
[www.trekbrasilis.org/classico/ds9/episodios/ds9047-2.jpg]
[www.trekbrasilis.org/classico/ds9/episodios/ds9047-4.jpg]
[www.trekbrasilis.org/classico/ds9/episodios/ds9047-5.jpg]
[www.trekbrasilis.org/classico/ds9/episodios/ds9047.htm]
[www.trekbrasilis.org/classico/ds9/episodios/ds9048.jpg]
[www.trekbrasilis.org/classico/ds9/episodios/ds9048-1.jpg]
[www.trekbrasilis.org/classico/ds9/episodios/ds9048-2.jpg]
[www.trekbrasilis.org/classico/ds9/episodios/ds9048-3.jpg]
[www.trekbrasilis.org/classico/ds9/episodios/ds9048-4.jpg]
[www.trekbrasilis.org/classico/ds9/episodios/ds9048-5.jpg]
[www.trekbrasilis.org/classico/ds9/episodios/ds9048.htm]
[www.trekbrasilis.org/classico/ds9/episodios/ds9049.jpg]
[www.trekbrasilis.org/classico/ds9/episodios/ds9049-1.jpg]
[www.trekbrasilis.org/classico/ds9/episodios/ds9049-2.jpg]
[www.trekbrasilis.org/classico/ds9/episodios/ds9049-3.jpg]
[www.trekbrasilis.org/classico/ds9/episodios/ds9049-4.jpg]
[www.trekbrasilis.org/classico/ds9/episodios/ds9049.htm]
[www.trekbrasilis.org/classico/ds9/episodios/ds9050.jpg]
[www.trekbrasilis.org/classico/ds9/episodios/ds9050-1.jpg]
[www.trekbrasilis.org/classico/ds9/episodios/ds9050-4.jpg]
[www.trekbrasilis.org/classico/ds9/episodios/ds9050-5.jpg]
[www.trekbrasilis.org/classico/ds9/episodios/ds9050.htm]
[www.trekbrasilis.org/classico/ds9/episodios/ds9051.jpg]
[www.trekbrasilis.org/classico/ds9/episodios/ds9051-1.jpg]
[www.trekbrasilis.org/classico/ds9/episodios/ds9051-2.jpg]
[www.trekbrasilis.org/classico/ds9/episodios/ds9051-3.jpg]
[www.trekbrasilis.org/classico/ds9/episodios/ds9051-4.jpg]
[www.trekbrasilis.org/classico/ds9/episodios/ds9051-5.jpg]
[www.trekbrasilis.org/classico/ds9/episodios/ds9051.htm]
[www.trekbrasilis.org/classico/ds9/episodios/ds9052.jpg]
[www.trekbrasilis.org/classico/ds9/episodios/ds9052-1.jpg]
[www.trekbrasilis.org/classico/ds9/episodios/ds9052-2.jpg]
[www.trekbrasilis.org/classico/ds9/episodios/ds9052-4.jpg]
[www.trekbrasilis.org/classico/ds9/episodios/ds9052.htm]
[www.trekbrasilis.org/classico/ds9/episodios/ds9053.jpg]
[www.trekbrasilis.org/classico/ds9/episodios/ds9053-1.jpg]
[www.trekbrasilis.org/classico/ds9/episodios/ds9053-2.jpg]
[www.trekbrasilis.org/classico/ds9/episodios/ds9053-3.jpg]
[www.trekbrasilis.org/classico/ds9/episodios/ds9053-4.jpg]
[www.trekbrasilis.org/classico/ds9/episodios/ds9053-5.jpg]
[www.trekbrasilis.org/classico/ds9/episodios/ds9053.htm]
[www.trekbrasilis.org/classico/ds9/episodios/ds9054.jpg]
[www.trekbrasilis.org/classico/ds9/episodios/ds9054-1.jpg]
[www.trekbrasilis.org/classico/ds9/episodios/ds9054-2.jpg]
[www.trekbrasilis.org/classico/ds9/episodios/ds9054-3.jpg]
[www.trekbrasilis.org/classico/ds9/episodios/ds9054-4.jpg]
[www.trekbrasilis.org/classico/ds9/episodios/ds9054-5.jpg]
[www.trekbrasilis.org/classico/ds9/episodios/ds9054.htm]
[www.trekbrasilis.org/classico/ds9/episodios/ds9055.jpg]
[www.trekbrasilis.org/classico/ds9/episodios/ds9055-1.jpg]
[www.trekbrasilis.org/classico/ds9/episodios/ds9055-3.jpg]
[www.trekbrasilis.org/classico/ds9/episodios/ds9055-4.jpg]
[www.trekbrasilis.org/classico/ds9/episodios/ds9055-5.jpg]
[www.trekbrasilis.org/classico/ds9/episodios/ds9055.htm]
[www.trekbrasilis.org/classico/ds9/episodios/ds9057-1.jpg]
[www.trekbrasilis.org/classico/ds9/episodios/ds9057-2.jpg]
[www.trekbrasilis.org/classico/ds9/episodios/ds9057-3.jpg]
[www.trekbrasilis.org/classico/ds9/episodios/ds9057-4.jpg]
[www.trekbrasilis.org/classico/ds9/episodios/ds9057.htm]
[www.trekbrasilis.org/classico/ds9/episodios/ds9059.jpg]
[www.trekbrasilis.org/classico/ds9/episodios/ds9059-1.jpg]
[www.trekbrasilis.org/classico/ds9/episodios/ds9059-2.jpg]
[www.trekbrasilis.org/classico/ds9/episodios/ds9059-4.jpg]
[www.trekbrasilis.org/classico/ds9/episodios/ds9059.htm]
[www.trekbrasilis.org/classico/ds9/episodios/ds9060.jpg]
[www.trekbrasilis.org/classico/ds9/episodios/ds9060-2.jpg]
[www.trekbrasilis.org/classico/ds9/episodios/ds9060-4.jpg]
[www.trekbrasilis.org/classico/ds9/episodios/ds9060-5.jpg]
[www.trekbrasilis.org/classico/ds9/episodios/ds9060.htm]
[www.trekbrasilis.org/classico/ds9/episodios/ds9061.jpg]
[www.trekbrasilis.org/classico/ds9/episodios/ds9061-1.jpg]
[www.trekbrasilis.org/classico/ds9/episodios/ds9061-2.jpg]
[www.trekbrasilis.org/classico/ds9/episodios/ds9061-3.jpg]
[www.trekbrasilis.org/classico/ds9/episodios/ds9061-4.jpg]
[www.trekbrasilis.org/classico/ds9/episodios/ds9061-5.jpg]
[www.trekbrasilis.org/classico/ds9/episodios/ds9061.htm]
[www.trekbrasilis.org/classico/ds9/episodios/ds9062.jpg]
[www.trekbrasilis.org/classico/ds9/episodios/ds9062-1.jpg]
[www.trekbrasilis.org/classico/ds9/episodios/ds9062-2.jpg]
[www.trekbrasilis.org/classico/ds9/episodios/ds9062-3.jpg]
[www.trekbrasilis.org/classico/ds9/episodios/ds9062-4.jpg]
[www.trekbrasilis.org/classico/ds9/episodios/ds9062-5.jpg]
[www.trekbrasilis.org/classico/ds9/episodios/ds9062.htm]
[www.trekbrasilis.org/classico/ds9/episodios/ds9063-1.jpg]
[www.trekbrasilis.org/classico/ds9/episodios/ds9063-2.jpg]
[www.trekbrasilis.org/classico/ds9/episodios/ds9063-4.jpg]
[www.trekbrasilis.org/classico/ds9/episodios/ds9063-5.jpg]
[www.trekbrasilis.org/classico/ds9/episodios/ds9063.htm]
[www.trekbrasilis.org/classico/ds9/episodios/ds9064.jpg]
[www.trekbrasilis.org/classico/ds9/episodios/ds9064-1.jpg]
[www.trekbrasilis.org/classico/ds9/episodios/ds9064-2.jpg]
[www.trekbrasilis.org/classico/ds9/episodios/ds9064-3.jpg]
[www.trekbrasilis.org/classico/ds9/episodios/ds9064-4.jpg]
[www.trekbrasilis.org/classico/ds9/episodios/ds9064-5.jpg]
[www.trekbrasilis.org/classico/ds9/episodios/ds9064.htm]
[www.trekbrasilis.org/classico/ds9/episodios/ds9065-1.jpg]
[www.trekbrasilis.org/classico/ds9/episodios/ds9065-2.jpg]
[www.trekbrasilis.org/classico/ds9/episodios/ds9065-4.jpg]
[www.trekbrasilis.org/classico/ds9/episodios/ds9065-5.jpg]
[www.trekbrasilis.org/classico/ds9/episodios/ds9065.htm]
[www.trekbrasilis.org/classico/ds9/episodios/ds9068.jpg]
[www.trekbrasilis.org/classico/ds9/episodios/ds9068-1.jpg]
[www.trekbrasilis.org/classico/ds9/episodios/ds9068-2.jpg]
[www.trekbrasilis.org/classico/ds9/episodios/ds9068-3.jpg]
[www.trekbrasilis.org/classico/ds9/episodios/ds9068.htm]
[www.trekbrasilis.org/classico/ds9/episodios/ds9069.jpg]
[www.trekbrasilis.org/classico/ds9/episodios/ds9069-2.jpg]
[www.trekbrasilis.org/classico/ds9/episodios/ds9069-3.jpg]
[www.trekbrasilis.org/classico/ds9/episodios/ds9069-4.jpg]
[www.trekbrasilis.org/classico/ds9/episodios/ds9069-5.jpg]
[www.trekbrasilis.org/classico/ds9/episodios/ds9069.htm]
[www.trekbrasilis.org/classico/ds9/episodios/ds9075.jpg]
[www.trekbrasilis.org/classico/ds9/episodios/ds9075-2.jpg]
[www.trekbrasilis.org/classico/ds9/episodios/ds9075-5.jpg]
[www.trekbrasilis.org/classico/ds9/episodios/ds9075-1.jpg]
[www.trekbrasilis.org/classico/ds9/episodios/ds9075-3.jpg]
[www.trekbrasilis.org/classico/ds9/episodios/ds9075.htm]
[www.trekbrasilis.org/classico/ds9/producao/diario1-1.jpg]
[www.trekbrasilis.org/classico/ds9/producao/diario1-5.jpg]
[www.trekbrasilis.org/classico/ds9/producao/diario1-4.jpg]
[www.trekbrasilis.org/classico/ds9/producao/diario1-6.jpg]
[www.trekbrasilis.org/classico/ds9/producao/diario1-7.jpg]
[www.trekbrasilis.org/classico/ds9/producao/diario1-8.jpg]
[www.trekbrasilis.org/classico/ds9/producao/diario1.htm]
[www.trekbrasilis.org/classico/ds9/producao/defiant2.jpg]
[www.trekbrasilis.org/classico/ds9/producao/defiant3.jpg]
[www.trekbrasilis.org/classico/ds9/producao/defiant5.jpg]
[www.trekbrasilis.org/classico/ds9/producao/defiant6.jpg]
[www.trekbrasilis.org/classico/ds9/producao/defiant7.jpg]
[www.trekbrasilis.org/classico/ds9/producao/defiant9.jpg]
[www.trekbrasilis.org/classico/ds9/producao/defiant.htm]
[www.trekbrasilis.org/classico/ds9/producao/verdadesmentiras2.jpg]
[www.trekbrasilis.org/classico/ds9/producao/verdadesmentiras4.jpg]
[www.trekbrasilis.org/classico/ds9/producao/verdadesmentiras5.jpg]
[www.trekbrasilis.org/classico/ds9/producao/verdadesmentiras8.jpg]
[www.trekbrasilis.org/classico/ds9/producao/verdadesmentiras11.jpg]
[www.trekbrasilis.org/classico/ds9/producao/verdadesmentiras.htm]
[www.trekbrasilis.org/classico/ds9/ficcao/index.1155.delayed]
[www.trekbrasilis.org/classico/ds9/universo/tecnologia/defiant.htm]
[www.trekbrasilis.org/classico/ds9/universo/tecnologia/runabouts.htm]
[www.trekbrasilis.org/classico/ds9/universo/tecnologia/index.html]
[www.trekbrasilis.org/classico/ds9/universo/biografias/sisko.htm]
[www.trekbrasilis.org/classico/ds9/universo/biografias/odo.htm]
[www.trekbrasilis.org/classico/ds9/universo/biografias/index.html]
[www.trekbrasilis.org/classico/ds9/especiais/iniciods99.jpg]
[www.trekbrasilis.org/classico/ds9/especiais/iniciods94.jpg]
[www.trekbrasilis.org/classico/ds9/especiais/iniciods98.jpg]
[www.trekbrasilis.org/classico/ds9/especiais/iniciods92.jpg]
[www.trekbrasilis.org/classico/ds9/especiais/iniciods96.jpg]
[www.trekbrasilis.org/classico/ds9/especiais/iniciods91.jpg]
[www.trekbrasilis.org/classico/ds9/especiais/iniciods9.htm]
[www.trekbrasilis.org/classico/ds9/especiais/paraiso.htm]
[www.trekbrasilis.org/classico/ds9/especiais/nana3.jpg]
[www.trekbrasilis.org/classico/ds9/especiais/nana2.jpg]
[www.trekbrasilis.org/classico/ds9/especiais/nana1.jpg]
[www.trekbrasilis.org/classico/ds9/especiais/nanavisitor2.htm]
[www.trekbrasilis.org/classico/ds9/especiais/direitocardassiano.htm]
[www.trekbrasilis.org/classico/ds9/especiais/10anos2.jpg]
[www.trekbrasilis.org/classico/ds9/especiais/10anos4.jpg]
[www.trekbrasilis.org/classico/ds9/especiais/10anos6.jpg]
[www.trekbrasilis.org/classico/ds9/especiais/10anos8.jpg]
[www.trekbrasilis.org/classico/ds9/especiais/10anos9.jpg]
[www.trekbrasilis.org/classico/ds9/especiais/10anos.htm]
[www.trekbrasilis.org/classico/ds9/especiais/continuidade3.jpg]
[www.trekbrasilis.org/classico/ds9/especiais/continuidade5.jpg]
[www.trekbrasilis.org/classico/ds9/especiais/continuidade6.jpg]
[www.trekbrasilis.org/classico/ds9/especiais/continuidade7.jpg]
[www.trekbrasilis.org/classico/ds9/especiais/continuidade8.jpg]
[www.trekbrasilis.org/classico/ds9/especiais/continuidade.htm]
[www.trekbrasilis.org/classico/ds9/especiais/dormindo1.jpg]
[www.trekbrasilis.org/classico/ds9/especiais/dormindo2.jpg]
[www.trekbrasilis.org/classico/ds9/especiais/dormindo3.jpg]
[www.trekbrasilis.org/classico/ds9/especiais/dormindo4.jpg]
[www.trekbrasilis.org/classico/ds9/especiais/dormindo5.jpg]
[www.trekbrasilis.org/classico/ds9/especiais/dormindo.htm]
[www.trekbrasilis.org/classico/ds9/especiais/nanavisitor1.jpg]
[www.trekbrasilis.org/classico/ds9/especiais/nanavisitor4.jpg]
[www.trekbrasilis.org/classico/ds9/especiais/nanavisitor5.jpg]
[www.trekbrasilis.org/classico/ds9/especiais/nanavisitor.htm]
[www.trekbrasilis.org/classico/ds9/especiais/depenando2.jpg]
[www.trekbrasilis.org/classico/ds9/especiais/depenando3.jpg]
[www.trekbrasilis.org/classico/ds9/especiais/depenando5.jpg]
[www.trekbrasilis.org/classico/ds9/especiais/depenando6.jpg]
[www.trekbrasilis.org/classico/ds9/especiais/depenando.htm]
[www.trekbrasilis.org/classico/voy/index.htm]
[www.trekbrasilis.org/classico/voy/coluna/index.htm]
[www.trekbrasilis.org/classico/voy/coluna/index.htm]
[www.trekbrasilis.org/classico/voy/coluna/coluna21.htm]
[www.trekbrasilis.org/classico/voy/coluna/coluna20-1.jpg]
[www.trekbrasilis.org/classico/voy/episodios/voy003-4.jpg]
[www.trekbrasilis.org/classico/voy/episodios/voy006-4.jpg]
[www.trekbrasilis.org/classico/voy/episodios/voy013-2.jpg]
[www.trekbrasilis.org/classico/voy/episodios/voy016-4.jpg]
[www.trekbrasilis.org/classico/voy/coluna/coluna20-2.jpg]
[www.trekbrasilis.org/classico/voy/coluna/coluna20.htm]
[www.trekbrasilis.org/classico/voy/coluna/coluna18.htm]
[www.trekbrasilis.org/classico/voy/coluna/coluna17-3.jpg]
[www.trekbrasilis.org/classico/voy/coluna/coluna17-4.jpg]
[www.trekbrasilis.org/classico/voy/coluna/coluna17-2.jpg]
[www.trekbrasilis.org/classico/voy/coluna/coluna17-5.jpg]
[www.trekbrasilis.org/classico/voy/coluna/coluna17-6.jpg]
[www.trekbrasilis.org/classico/voy/coluna/coluna17-7.jpg]
[www.trekbrasilis.org/classico/voy/coluna/coluna17.htm]
[www.trekbrasilis.org/classico/voy/coluna/coluna16-5.jpg]
[www.trekbrasilis.org/classico/voy/coluna/coluna16-4.jpg]
[www.trekbrasilis.org/classico/voy/coluna/coluna16-6.jpg]
[www.trekbrasilis.org/classico/voy/coluna/coluna16-7.jpg]
[www.trekbrasilis.org/classico/voy/coluna/coluna16-8.jpg]
[www.trekbrasilis.org/classico/voy/coluna/coluna16-9.jpg]
[www.trekbrasilis.org/classico/voy/coluna/coluna16-1.jpg]
[www.trekbrasilis.org/classico/voy/coluna/coluna16-2.jpg]
[www.trekbrasilis.org/classico/voy/coluna/coluna16-3.jpg]
[www.trekbrasilis.org/classico/voy/coluna/coluna16-10.jpg]
[www.trekbrasilis.org/classico/voy/coluna/coluna16-12.jpg]
[www.trekbrasilis.org/classico/voy/coluna/coluna16-13.jpg]
[www.trekbrasilis.org/classico/voy/coluna/coluna16-14.jpg]
[www.trekbrasilis.org/classico/voy/coluna/coluna16-11.jpg]
[www.trekbrasilis.org/classico/voy/coluna/coluna16.htm]
[www.trekbrasilis.org/classico/voy/coluna/coluna15-1.jpg]
[www.trekbrasilis.org/classico/voy/coluna/coluna15-1t.jpg]
[www.trekbrasilis.org/classico/voy/coluna/coluna15-2.jpg]
[www.trekbrasilis.org/classico/voy/coluna/coluna6-4.jpg]
[www.trekbrasilis.org/classico/voy/coluna/coluna15-3.jpg]
[www.trekbrasilis.org/classico/voy/coluna/coluna15-3t.jpg]
[www.trekbrasilis.org/classico/voy/coluna/coluna15-4.jpg]
[www.trekbrasilis.org/classico/voy/coluna/coluna15-5.jpg]
[www.trekbrasilis.org/classico/voy/coluna/coluna15-6.jpg]
[www.trekbrasilis.org/classico/voy/coluna/coluna15.htm]
[www.trekbrasilis.org/classico/voy/coluna/coluna14-2.jpg]
[www.trekbrasilis.org/classico/voy/coluna/coluna14-1.jpg]
[www.trekbrasilis.org/classico/voy/coluna/coluna14-3.jpg]
[www.trekbrasilis.org/classico/voy/coluna/coluna14-5.jpg]
[www.trekbrasilis.org/classico/voy/coluna/coluna14-6.jpg]
[www.trekbrasilis.org/classico/voy/coluna/coluna14-7.jpg]
[www.trekbrasilis.org/classico/voy/coluna/coluna14.htm]
[www.trekbrasilis.org/classico/voy/coluna/coluna13-1.jpg]
[www.trekbrasilis.org/classico/voy/coluna/coluna13-3.jpg]
[www.trekbrasilis.org/classico/voy/coluna/coluna13-4.jpg]
[www.trekbrasilis.org/classico/voy/coluna/coluna13-5.jpg]
[www.trekbrasilis.org/classico/voy/coluna/coluna13-6.jpg]
[www.trekbrasilis.org/classico/voy/coluna/coluna13-7.jpg]
[www.trekbrasilis.org/classico/voy/coluna/coluna13-8.jpg]
[www.trekbrasilis.org/classico/voy/coluna/coluna13.htm]
[www.trekbrasilis.org/classico/voy/coluna/coluna12-1.jpg]
[www.trekbrasilis.org/classico/voy/coluna/coluna12-2.jpg]
[www.trekbrasilis.org/classico/voy/coluna/coluna12-3.jpg]
[www.trekbrasilis.org/classico/voy/coluna/coluna12-5.jpg]
[www.trekbrasilis.org/classico/voy/coluna/coluna12-6.jpg]
[www.trekbrasilis.org/classico/voy/coluna/coluna12-7.jpg]
[www.trekbrasilis.org/classico/voy/coluna/coluna12.htm]
[www.trekbrasilis.org/classico/voy/coluna/coluna11-1.jpg]
[www.trekbrasilis.org/classico/voy/coluna/coluna11-2.jpg]
[www.trekbrasilis.org/classico/voy/coluna/coluna11-3.jpg]
[www.trekbrasilis.org/classico/voy/coluna/coluna11-4.jpg]
[www.trekbrasilis.org/classico/voy/coluna/coluna11-5.jpg]
[www.trekbrasilis.org/classico/voy/coluna/coluna11-7.jpg]
[www.trekbrasilis.org/classico/voy/coluna/coluna11-6.jpg]
[www.trekbrasilis.org/classico/voy/coluna/coluna11.htm]
[www.trekbrasilis.org/classico/voy/coluna/coluna5-3.jpg]
[www.trekbrasilis.org/classico/voy/coluna/coluna10.htm]
[www.trekbrasilis.org/classico/voy/coluna/coluna4-3.jpg]
[www.trekbrasilis.org/classico/voy/coluna/coluna4-1.jpg]
[www.trekbrasilis.org/classico/voy/coluna/coluna9.htm]
[www.trekbrasilis.org/classico/voy/coluna/coluna8-1.jpg]
[www.trekbrasilis.org/classico/voy/coluna/coluna8-2.jpg]
[www.trekbrasilis.org/classico/voy/coluna/coluna8.htm]
[www.trekbrasilis.org/classico/voy/coluna/coluna7-2.jpg]
[www.trekbrasilis.org/classico/voy/coluna/coluna7-3.jpg]
[www.trekbrasilis.org/classico/voy/coluna/coluna7-4.jpg]
[www.trekbrasilis.org/classico/voy/coluna/coluna7-5.jpg]
[www.trekbrasilis.org/classico/voy/coluna/coluna7.htm]
[www.trekbrasilis.org/classico/voy/coluna/coluna6-1.jpg]
[www.trekbrasilis.org/classico/voy/coluna/coluna6-2.jpg]
[www.trekbrasilis.org/classico/voy/coluna/coluna6-3.jpg]
[www.trekbrasilis.org/classico/voy/coluna/coluna6-5.jpg]
[www.trekbrasilis.org/classico/voy/coluna/coluna6-6.jpg]
[www.trekbrasilis.org/classico/voy/coluna/coluna6.htm]
[www.trekbrasilis.org/classico/voy/coluna/coluna5-2.jpg]
[www.trekbrasilis.org/classico/voy/coluna/coluna5-4.jpg]
[www.trekbrasilis.org/classico/voy/coluna/coluna5-5.jpg]
[www.trekbrasilis.org/classico/voy/coluna/coluna5-6.jpg]
[www.trekbrasilis.org/classico/voy/coluna/coluna5.htm]
[www.trekbrasilis.org/classico/voy/coluna/coluna4-40.jpg]
[www.trekbrasilis.org/classico/voy/coluna/coluna4-2.jpg]
[www.trekbrasilis.org/classico/voy/coluna/coluna4.htm]
[www.trekbrasilis.org/classico/voy/coluna/coluna3-1.jpg]
[www.trekbrasilis.org/classico/voy/coluna/coluna3-4.jpg]
[www.trekbrasilis.org/classico/voy/coluna/coluna3.htm]
[www.trekbrasilis.org/classico/voy/coluna/coluna2.htm]
[www.trekbrasilis.org/classico/voy/episodios/estrela.jpg]
[www.trekbrasilis.org/classico/voy/episodios/meia.jpg]
[www.trekbrasilis.org/classico/voy/episodios/temp1.htm]
[www.trekbrasilis.org/classico/voy/episodios/temp2.htm]
[www.trekbrasilis.org/classico/voy/episodios/temp3.htm]
[www.trekbrasilis.org/classico/voy/episodios/temp4.htm]
[www.trekbrasilis.org/classico/voy/episodios/temp5.htm]
[www.trekbrasilis.org/classico/voy/episodios/temp6.htm]
[www.trekbrasilis.org/classico/voy/episodios/temp7.htm]
[www.trekbrasilis.org/classico/voy/episodios/voy001.jpg]
[www.trekbrasilis.org/classico/voy/episodios/voy001-1.jpg]
[www.trekbrasilis.org/classico/voy/episodios/voy001-2.jpg]
[www.trekbrasilis.org/classico/voy/episodios/voy001-3.jpg]
[www.trekbrasilis.org/classico/voy/episodios/voy001-4.jpg]
[www.trekbrasilis.org/classico/voy/episodios/voy001-5.jpg]
[www.trekbrasilis.org/classico/voy/episodios/voy001.htm]
[www.trekbrasilis.org/classico/voy/episodios/voy003-1.jpg]
[www.trekbrasilis.org/classico/voy/episodios/voy003-2.jpg]
[www.trekbrasilis.org/classico/voy/episodios/voy003-3.jpg]
[www.trekbrasilis.org/classico/voy/episodios/voy003-5.jpg]
[www.trekbrasilis.org/classico/voy/episodios/voy003-6.jpg]
[www.trekbrasilis.org/classico/voy/episodios/voy003.htm]
[www.trekbrasilis.org/classico/voy/episodios/voy004.jpg]
[www.trekbrasilis.org/classico/voy/episodios/voy004-1.jpg]
[www.trekbrasilis.org/classico/voy/episodios/voy004-2.jpg]
[www.trekbrasilis.org/classico/voy/episodios/voy004-3.jpg]
[www.trekbrasilis.org/classico/voy/episodios/voy004-4.jpg]
[www.trekbrasilis.org/classico/voy/episodios/voy004-5.jpg]
[www.trekbrasilis.org/classico/voy/episodios/voy004.htm]
[www.trekbrasilis.org/classico/voy/episodios/voy005.jpg]
[www.trekbrasilis.org/classico/voy/episodios/voy005-3.jpg]
[www.trekbrasilis.org/classico/voy/episodios/voy005-4.jpg]
[www.trekbrasilis.org/classico/voy/episodios/voy005-2.jpg]
[www.trekbrasilis.org/classico/voy/episodios/voy005-6.jpg]
[www.trekbrasilis.org/classico/voy/episodios/voy005-1.jpg]
[www.trekbrasilis.org/classico/voy/episodios/voy005-7.jpg]
[www.trekbrasilis.org/classico/voy/episodios/voy005.htm]
[www.trekbrasilis.org/classico/voy/episodios/voy006.jpg]
[www.trekbrasilis.org/classico/voy/episodios/voy006-2.jpg]
[www.trekbrasilis.org/classico/voy/episodios/voy006-1.jpg]
[www.trekbrasilis.org/classico/voy/episodios/voy006.htm]
[www.trekbrasilis.org/classico/voy/episodios/voy007.jpg]
[www.trekbrasilis.org/classico/voy/episodios/voy007-1.jpg]
[www.trekbrasilis.org/classico/voy/episodios/voy007-2.jpg]
[www.trekbrasilis.org/classico/voy/episodios/voy007-3.jpg]
[www.trekbrasilis.org/classico/voy/episodios/voy007.htm]
[www.trekbrasilis.org/classico/voy/episodios/voy008.jpg]
[www.trekbrasilis.org/classico/voy/episodios/voy008-1.jpg]
[www.trekbrasilis.org/classico/voy/episodios/voy008-2.jpg]
[www.trekbrasilis.org/classico/voy/episodios/voy008-4.jpg]
[www.trekbrasilis.org/classico/voy/episodios/voy008.htm]
[www.trekbrasilis.org/classico/voy/episodios/voy009.jpg]
[www.trekbrasilis.org/classico/voy/episodios/voy009-2.jpg]
[www.trekbrasilis.org/classico/voy/episodios/voy009-3.jpg]
[www.trekbrasilis.org/classico/voy/episodios/voy009-4.jpg]
[www.trekbrasilis.org/classico/voy/episodios/voy009.htm]
[www.trekbrasilis.org/classico/voy/episodios/voy010.jpg]
[www.trekbrasilis.org/classico/voy/episodios/voy010-1.jpg]
[www.trekbrasilis.org/classico/voy/episodios/voy010-6.jpg]
[www.trekbrasilis.org/classico/voy/episodios/voy010-2.jpg]
[www.trekbrasilis.org/classico/voy/episodios/voy010-4.jpg]
[www.trekbrasilis.org/classico/voy/episodios/voy010-5.jpg]
[www.trekbrasilis.org/classico/voy/episodios/voy010.htm]
[www.trekbrasilis.org/classico/voy/episodios/voy011-4.jpg]
[www.trekbrasilis.org/classico/voy/episodios/voy011-1.jpg]
[www.trekbrasilis.org/classico/voy/episodios/voy011-6.jpg]
[www.trekbrasilis.org/classico/voy/episodios/voy011-2.jpg]
[www.trekbrasilis.org/classico/voy/episodios/voy011-3.jpg]
[www.trekbrasilis.org/classico/voy/episodios/voy011.htm]
[www.trekbrasilis.org/classico/voy/episodios/voy012.jpg]
[www.trekbrasilis.org/classico/voy/episodios/voy012-1.jpg]
[www.trekbrasilis.org/classico/voy/episodios/voy012-2.jpg]
[www.trekbrasilis.org/classico/voy/episodios/voy012-3.jpg]
[www.trekbrasilis.org/classico/voy/episodios/voy012-4.jpg]
[www.trekbrasilis.org/classico/voy/episodios/voy012-5.jpg]
[www.trekbrasilis.org/classico/voy/episodios/voy012.htm]
[www.trekbrasilis.org/classico/voy/episodios/voy013.jpg]
[www.trekbrasilis.org/classico/voy/episodios/voy013-1.jpg]
[www.trekbrasilis.org/classico/voy/episodios/voy013-4.jpg]
[www.trekbrasilis.org/classico/voy/episodios/voy013-5.jpg]
[www.trekbrasilis.org/classico/voy/episodios/voy013.htm]
[www.trekbrasilis.org/classico/voy/episodios/voy014.jpg]
[www.trekbrasilis.org/classico/voy/episodios/voy014-2.jpg]
[www.trekbrasilis.org/classico/voy/episodios/voy014-1.jpg]
[www.trekbrasilis.org/classico/voy/episodios/voy014-3.jpg]
[www.trekbrasilis.org/classico/voy/episodios/voy014-4.jpg]
[www.trekbrasilis.org/classico/voy/episodios/voy014-5.jpg]
[www.trekbrasilis.org/classico/voy/episodios/voy014.htm]
[www.trekbrasilis.org/classico/voy/episodios/voy015.jpg]
[www.trekbrasilis.org/classico/voy/episodios/voy015-1.jpg]
[www.trekbrasilis.org/classico/voy/episodios/voy015-2.jpg]
[www.trekbrasilis.org/classico/voy/episodios/voy015-4.jpg]
[www.trekbrasilis.org/classico/voy/episodios/voy015.htm]
[www.trekbrasilis.org/classico/voy/episodios/voy016.jpg]
[www.trekbrasilis.org/classico/voy/episodios/voy016-1.jpg]
[www.trekbrasilis.org/classico/voy/episodios/voy016-2.jpg]
[www.trekbrasilis.org/classico/voy/episodios/voy016-3.jpg]
[www.trekbrasilis.org/classico/voy/episodios/voy016-5.jpg]
[www.trekbrasilis.org/classico/voy/episodios/voy016.htm]
[www.trekbrasilis.org/classico/voy/episodios/voy017.jpg]
[www.trekbrasilis.org/classico/voy/episodios/voy017-1.jpg]
[www.trekbrasilis.org/classico/voy/episodios/voy017-2.jpg]
[www.trekbrasilis.org/classico/voy/episodios/voy017-3.jpg]
[www.trekbrasilis.org/classico/voy/episodios/voy017-4.jpg]
[www.trekbrasilis.org/classico/voy/episodios/voy017-5.jpg]
[www.trekbrasilis.org/classico/voy/episodios/voy017-6.jpg]
[www.trekbrasilis.org/classico/voy/episodios/voy017.htm]
[www.trekbrasilis.org/classico/voy/episodios/voy018.jpg]
[www.trekbrasilis.org/classico/voy/episodios/voy018-1.jpg]
[www.trekbrasilis.org/classico/voy/episodios/voy018-4.jpg]
[www.trekbrasilis.org/classico/voy/episodios/voy018-2.jpg]
[www.trekbrasilis.org/classico/voy/episodios/voy018-3.jpg]
[www.trekbrasilis.org/classico/voy/episodios/voy018.htm]
[www.trekbrasilis.org/classico/voy/episodios/voy019.jpg]
[www.trekbrasilis.org/classico/voy/episodios/voy019-1.jpg]
[www.trekbrasilis.org/classico/voy/episodios/voy019-3.jpg]
[www.trekbrasilis.org/classico/voy/episodios/voy019-4.jpg]
[www.trekbrasilis.org/classico/voy/episodios/voy019-5.jpg]
[www.trekbrasilis.org/classico/voy/episodios/voy019.htm]
[www.trekbrasilis.org/classico/voy/episodios/voy020.jpg]
[www.trekbrasilis.org/classico/voy/episodios/voy020-1.jpg]
[www.trekbrasilis.org/classico/voy/episodios/voy020-2.jpg]
[www.trekbrasilis.org/classico/voy/episodios/voy020-3.jpg]
[www.trekbrasilis.org/classico/voy/episodios/voy020-4.jpg]
[www.trekbrasilis.org/classico/voy/episodios/voy020.htm]
[www.trekbrasilis.org/classico/voy/episodios/voy021.jpg]
[www.trekbrasilis.org/classico/voy/episodios/voy021-2.jpg]
[www.trekbrasilis.org/classico/voy/episodios/voy021-3.jpg]
[www.trekbrasilis.org/classico/voy/episodios/voy021-4.jpg]
[www.trekbrasilis.org/classico/voy/episodios/voy021.htm]
[www.trekbrasilis.org/classico/voy/episodios/voy022.jpg]
[www.trekbrasilis.org/classico/voy/episodios/voy022-1.jpg]
[www.trekbrasilis.org/classico/voy/episodios/voy022-2.jpg]
[www.trekbrasilis.org/classico/voy/episodios/voy022-4.jpg]
[www.trekbrasilis.org/classico/voy/episodios/voy022-5.jpg]
[www.trekbrasilis.org/classico/voy/episodios/voy022.htm]
[www.trekbrasilis.org/classico/voy/episodios/voy023.jpg]
[www.trekbrasilis.org/classico/voy/episodios/voy023-1.jpg]
[www.trekbrasilis.org/classico/voy/episodios/voy023-5.jpg]
[www.trekbrasilis.org/classico/voy/episodios/voy023-3.jpg]
[www.trekbrasilis.org/classico/voy/episodios/voy023-6.jpg]
[www.trekbrasilis.org/classico/voy/episodios/voy023-4.jpg]
[www.trekbrasilis.org/classico/voy/episodios/voy023.htm]
[www.trekbrasilis.org/classico/voy/episodios/voy024.jpg]
[www.trekbrasilis.org/classico/voy/episodios/voy024-1.jpg]
[www.trekbrasilis.org/classico/voy/episodios/voy024-2.jpg]
[www.trekbrasilis.org/classico/voy/episodios/voy024-4.jpg]
[www.trekbrasilis.org/classico/voy/episodios/voy024-5.jpg]
[www.trekbrasilis.org/classico/voy/episodios/voy024.htm]
[www.trekbrasilis.org/classico/voy/episodios/voy025.jpg]
[www.trekbrasilis.org/classico/voy/episodios/voy025-1.jpg]
[www.trekbrasilis.org/classico/voy/episodios/voy025-6.jpg]
[www.trekbrasilis.org/classico/voy/episodios/voy025-2.jpg]
[www.trekbrasilis.org/classico/voy/episodios/voy025-3.jpg]
[www.trekbrasilis.org/classico/voy/episodios/voy025-4.jpg]
[www.trekbrasilis.org/classico/voy/episodios/voy025-5.jpg]
[www.trekbrasilis.org/classico/voy/episodios/voy025.htm]
[www.trekbrasilis.org/classico/voy/episodios/voy026-1.jpg]
[www.trekbrasilis.org/classico/voy/episodios/voy026-2.jpg]
[www.trekbrasilis.org/classico/voy/episodios/voy026-3.jpg]
[www.trekbrasilis.org/classico/voy/episodios/voy026-4.jpg]
[www.trekbrasilis.org/classico/voy/episodios/voy026-5.jpg]
[www.trekbrasilis.org/classico/voy/episodios/voy026.htm]
[www.trekbrasilis.org/classico/voy/episodios/voy027.jpg]
[www.trekbrasilis.org/classico/voy/episodios/voy027-1.jpg]
[www.trekbrasilis.org/classico/voy/episodios/voy027-2.jpg]
[www.trekbrasilis.org/classico/voy/episodios/voy027-3.jpg]
[www.trekbrasilis.org/classico/voy/episodios/voy027-4.jpg]
[www.trekbrasilis.org/classico/voy/episodios/voy027-5.jpg]
[www.trekbrasilis.org/classico/voy/episodios/voy027.htm]
[www.trekbrasilis.org/classico/voy/episodios/voy028.jpg]
[www.trekbrasilis.org/classico/voy/episodios/voy028-1.jpg]
[www.trekbrasilis.org/classico/voy/episodios/voy028-2.jpg]
[www.trekbrasilis.org/classico/voy/episodios/voy028-4.jpg]
[www.trekbrasilis.org/classico/voy/episodios/voy028-5.jpg]
[www.trekbrasilis.org/classico/voy/episodios/voy028.htm]
[www.trekbrasilis.org/classico/voy/episodios/voy029.jpg]
[www.trekbrasilis.org/classico/voy/episodios/voy029-2.jpg]
[www.trekbrasilis.org/classico/voy/episodios/voy029-3.jpg]
[www.trekbrasilis.org/classico/voy/episodios/voy029-4.jpg]
[www.trekbrasilis.org/classico/voy/episodios/voy029-5.jpg]
[www.trekbrasilis.org/classico/voy/episodios/voy029.htm]
[www.trekbrasilis.org/classico/voy/episodios/voy030.1292.delayed]
[www.trekbrasilis.org/classico/voy/episodios/voy030-1.jpg]
[www.trekbrasilis.org/classico/voy/episodios/voy030-2.1294.delayed]
[www.trekbrasilis.org/classico/voy/episodios/voy030-6.jpg]
[www.trekbrasilis.org/classico/voy/episodios/voy030-3.jpg]
[www.trekbrasilis.org/classico/voy/episodios/voy030-4.jpg]
[www.trekbrasilis.org/classico/voy/episodios/voy030-5.jpg]
[www.trekbrasilis.org/classico/voy/episodios/voy030.htm]
[www.trekbrasilis.org/classico/voy/episodios/voy031.1299.delayed]
[www.trekbrasilis.org/classico/voy/episodios/voy031-1.129a.delayed]
[www.trekbrasilis.org/classico/voy/episodios/voy031-2.129b.delayed]
[www.trekbrasilis.org/classico/voy/episodios/voy031-3.129c.delayed]
[www.trekbrasilis.org/classico/voy/episodios/voy031-4.129d.delayed]
[www.trekbrasilis.org/classico/voy/episodios/voy031-5.129e.delayed]
[www.trekbrasilis.org/classico/voy/episodios/voy031-6.129f.delayed]
[www.trekbrasilis.org/classico/voy/episodios/voy031-7.12a0.delayed]
[www.trekbrasilis.org/classico/voy/episodios/voy031.htm]
[www.trekbrasilis.org/classico/voy/episodios/voy032.12a1.delayed]
[www.trekbrasilis.org/classico/voy/episodios/voy032-1.12a2.delayed]
[www.trekbrasilis.org/classico/voy/episodios/voy032-2.12a3.delayed]
[www.trekbrasilis.org/classico/voy/episodios/voy032-3.12a4.delayed]
[www.trekbrasilis.org/classico/voy/episodios/voy032-4.12a5.delayed]
[www.trekbrasilis.org/classico/voy/episodios/voy032.htm]
[www.trekbrasilis.org/classico/voy/episodios/voy033.12a6.delayed]
[www.trekbrasilis.org/classico/voy/episodios/voy033-1.12a7.delayed]
[www.trekbrasilis.org/classico/voy/episodios/voy033-2.12a8.delayed]
[www.trekbrasilis.org/classico/voy/episodios/voy033-3.12a9.delayed]
[www.trekbrasilis.org/classico/voy/episodios/voy033-6.12aa.delayed]
[www.trekbrasilis.org/classico/voy/episodios/voy033-4.12ab.delayed]
[www.trekbrasilis.org/classico/voy/episodios/voy033-5.12ac.delayed]
[www.trekbrasilis.org/classico/voy/episodios/voy033-7.12ad.delayed]
[www.trekbrasilis.org/classico/voy/episodios/voy033-8.12ae.delayed]
[www.trekbrasilis.org/classico/voy/episodios/voy033.htm]
[www.trekbrasilis.org/classico/voy/episodios/voy034.jpg]
[www.trekbrasilis.org/classico/voy/episodios/voy034-1.12b0.delayed]
[www.trekbrasilis.org/classico/voy/episodios/voy034-2.12b1.delayed]
[www.trekbrasilis.org/classico/voy/episodios/voy034-7.jpg]
[www.trekbrasilis.org/classico/voy/episodios/voy034-4.jpg]
[www.trekbrasilis.org/classico/voy/episodios/voy034-5.jpg]
[www.trekbrasilis.org/classico/voy/episodios/voy034-6.jpg]
[www.trekbrasilis.org/classico/voy/episodios/voy034.htm]
[www.trekbrasilis.org/classico/voy/episodios/voy035.jpg]
[www.trekbrasilis.org/classico/voy/episodios/voy035-1.jpg]
[www.trekbrasilis.org/classico/voy/episodios/voy035-2.jpg]
[www.trekbrasilis.org/classico/voy/episodios/voy035-4.jpg]
[www.trekbrasilis.org/classico/voy/episodios/voy035.htm]
[www.trekbrasilis.org/classico/voy/episodios/voy036-1.jpg]
[www.trekbrasilis.org/classico/voy/episodios/voy036-2.jpg]
[www.trekbrasilis.org/classico/voy/episodios/voy036-3.jpg]
[www.trekbrasilis.org/classico/voy/episodios/voy036-6.jpg]
[www.trekbrasilis.org/classico/voy/episodios/voy036-4.jpg]
[www.trekbrasilis.org/classico/voy/episodios/voy036-5.jpg]
[www.trekbrasilis.org/classico/voy/episodios/voy036.htm]
[www.trekbrasilis.org/classico/voy/episodios/voy037.jpg]
[www.trekbrasilis.org/classico/voy/episodios/voy037-1.jpg]
[www.trekbrasilis.org/classico/voy/episodios/voy037-6.jpg]
[www.trekbrasilis.org/classico/voy/episodios/voy037-7.jpg]
[www.trekbrasilis.org/classico/voy/episodios/voy037-2.jpg]
[www.trekbrasilis.org/classico/voy/episodios/voy037-3.jpg]
[www.trekbrasilis.org/classico/voy/episodios/voy037-4.jpg]
[www.trekbrasilis.org/classico/voy/episodios/voy037-5.jpg]
[www.trekbrasilis.org/classico/voy/episodios/voy037-8.jpg]
[www.trekbrasilis.org/classico/voy/episodios/voy037.htm]
[www.trekbrasilis.org/classico/voy/episodios/voy038.jpg]
[www.trekbrasilis.org/classico/voy/episodios/voy038-7.jpg]
[www.trekbrasilis.org/classico/voy/episodios/voy038-2.jpg]
[www.trekbrasilis.org/classico/voy/episodios/voy038-4.jpg]
[www.trekbrasilis.org/classico/voy/episodios/voy038-3.jpg]
[www.trekbrasilis.org/classico/voy/episodios/voy038-5.jpg]
[www.trekbrasilis.org/classico/voy/episodios/voy038-6.jpg]
[www.trekbrasilis.org/classico/voy/episodios/voy038.htm]
[www.trekbrasilis.org/classico/voy/episodios/voy039.jpg]
[www.trekbrasilis.org/classico/voy/episodios/voy039-1.jpg]
[www.trekbrasilis.org/classico/voy/episodios/voy039-2.jpg]
[www.trekbrasilis.org/classico/voy/episodios/voy039-3.jpg]
[www.trekbrasilis.org/classico/voy/episodios/voy039-4.jpg]
[www.trekbrasilis.org/classico/voy/episodios/voy039-6.jpg]
[www.trekbrasilis.org/classico/voy/episodios/voy039.htm]
[www.trekbrasilis.org/classico/voy/episodios/voy040.jpg]
[www.trekbrasilis.org/classico/voy/episodios/voy040-1.jpg]
[www.trekbrasilis.org/classico/voy/episodios/voy040-4.jpg]
[www.trekbrasilis.org/classico/voy/episodios/voy040-5.jpg]
[www.trekbrasilis.org/classico/voy/episodios/voy040-6.jpg]
[www.trekbrasilis.org/classico/voy/episodios/voy040.htm]
[www.trekbrasilis.org/classico/voy/episodios/voy041.jpg]
[www.trekbrasilis.org/classico/voy/episodios/voy041-1.jpg]
[www.trekbrasilis.org/classico/voy/episodios/voy041-2.jpg]
[www.trekbrasilis.org/classico/voy/episodios/voy041-3.jpg]
[www.trekbrasilis.org/classico/voy/episodios/voy041-4.jpg]
[www.trekbrasilis.org/classico/voy/episodios/voy041-5.jpg]
[www.trekbrasilis.org/classico/voy/episodios/voy041.htm]
[www.trekbrasilis.org/classico/voy/episodios/voy042.jpg]
[www.trekbrasilis.org/classico/voy/episodios/voy042-1.jpg]
[www.trekbrasilis.org/classico/voy/episodios/voy042-2.jpg]
[www.trekbrasilis.org/classico/voy/episodios/voy042-4.jpg]
[www.trekbrasilis.org/classico/voy/episodios/voy042-6.jpg]
[www.trekbrasilis.org/classico/voy/episodios/voy042-7.jpg]
[www.trekbrasilis.org/classico/voy/episodios/voy042-5.jpg]
[www.trekbrasilis.org/classico/voy/episodios/voy042.htm]
[www.trekbrasilis.org/classico/voy/episodios/voy043.jpg]
[www.trekbrasilis.org/classico/voy/episodios/voy043-1.jpg]
[www.trekbrasilis.org/classico/voy/episodios/voy043-2.jpg]
[www.trekbrasilis.org/classico/voy/episodios/voy043-3.jpg]
[www.trekbrasilis.org/classico/voy/episodios/voy043-4.jpg]
[www.trekbrasilis.org/classico/voy/episodios/voy043-6.jpg]
[www.trekbrasilis.org/classico/voy/episodios/voy043-8.jpg]
[www.trekbrasilis.org/classico/voy/episodios/voy043-5.jpg]
[www.trekbrasilis.org/classico/voy/episodios/voy043.htm]
[www.trekbrasilis.org/classico/voy/episodios/voy044.jpg]
[www.trekbrasilis.org/classico/voy/episodios/voy044-1.jpg]
[www.trekbrasilis.org/classico/voy/episodios/voy044-4.jpg]
[www.trekbrasilis.org/classico/voy/episodios/voy044-5.jpg]
[www.trekbrasilis.org/classico/voy/episodios/voy044-2.jpg]
[www.trekbrasilis.org/classico/voy/episodios/voy044-3.jpg]
[www.trekbrasilis.org/classico/voy/episodios/voy044.htm]
[www.trekbrasilis.org/classico/voy/episodios/voy045.jpg]
[www.trekbrasilis.org/classico/voy/episodios/voy045-1.jpg]
[www.trekbrasilis.org/classico/voy/episodios/voy045-2.1302.delayed]
[www.trekbrasilis.org/classico/voy/episodios/voy045.htm]
[www.trekbrasilis.org/classico/voy/episodios/voy046-2.jpg]
[www.trekbrasilis.org/classico/voy/episodios/voy046-8.jpg]
[www.trekbrasilis.org/classico/voy/episodios/voy046-6.jpg]
[www.trekbrasilis.org/classico/voy/episodios/voy046-1.jpg]
[www.trekbrasilis.org/classico/voy/episodios/voy046-7.jpg]
[www.trekbrasilis.org/classico/voy/episodios/voy046-3.jpg]
[www.trekbrasilis.org/classico/voy/episodios/voy046-4.jpg]
[www.trekbrasilis.org/classico/voy/episodios/voy046-5.jpg]
[www.trekbrasilis.org/classico/voy/episodios/voy046.htm]
[www.trekbrasilis.org/classico/voy/episodios/voy047.jpg]
[www.trekbrasilis.org/classico/voy/episodios/voy047-1.jpg]
[www.trekbrasilis.org/classico/voy/episodios/voy047-2.jpg]
[www.trekbrasilis.org/classico/voy/episodios/voy047-3.jpg]
[www.trekbrasilis.org/classico/voy/episodios/voy047-4.jpg]
[www.trekbrasilis.org/classico/voy/episodios/voy047-5.jpg]
[www.trekbrasilis.org/classico/voy/episodios/voy047.htm]
[www.trekbrasilis.org/classico/voy/episodios/voy048.jpg]
[www.trekbrasilis.org/classico/voy/episodios/voy048-6.jpg]
[www.trekbrasilis.org/classico/voy/episodios/voy048-2.jpg]
[www.trekbrasilis.org/classico/voy/episodios/voy048-3.jpg]
[www.trekbrasilis.org/classico/voy/episodios/voy048-5.jpg]
[www.trekbrasilis.org/classico/voy/episodios/voy048-1.jpg]
[www.trekbrasilis.org/classico/voy/episodios/voy048-4.jpg]
[www.trekbrasilis.org/classico/voy/episodios/voy048.htm]
[www.trekbrasilis.org/classico/voy/episodios/voy049.jpg]
[www.trekbrasilis.org/classico/voy/episodios/voy049-7.jpg]
[www.trekbrasilis.org/classico/voy/episodios/voy049-5.jpg]
[www.trekbrasilis.org/classico/voy/episodios/voy049-6.jpg]
[www.trekbrasilis.org/classico/voy/episodios/voy049-3.jpg]
[www.trekbrasilis.org/classico/voy/episodios/voy049-4.jpg]
[www.trekbrasilis.org/classico/voy/episodios/voy049-2.jpg]
[www.trekbrasilis.org/classico/voy/episodios/voy049-1.jpg]
[www.trekbrasilis.org/classico/voy/episodios/voy049-8.jpg]
[www.trekbrasilis.org/classico/voy/episodios/voy049.htm]
[www.trekbrasilis.org/classico/voy/episodios/voy050.jpg]
[www.trekbrasilis.org/classico/voy/episodios/voy050-8.jpg]
[www.trekbrasilis.org/classico/voy/episodios/voy050-9.jpg]
[www.trekbrasilis.org/classico/voy/episodios/voy050-10.jpg]
[www.trekbrasilis.org/classico/voy/episodios/voy050-4.1328.delayed]
[www.trekbrasilis.org/classico/voy/episodios/voy050-6.1329.delayed]
[www.trekbrasilis.org/classico/voy/episodios/voy050-3.132a.delayed]
[www.trekbrasilis.org/classico/voy/episodios/voy050-1.jpg]
[www.trekbrasilis.org/classico/voy/episodios/voy050-7.jpg]
[www.trekbrasilis.org/classico/voy/episodios/voy050.htm]
[www.trekbrasilis.org/classico/voy/episodios/voy051-3.jpg]
[www.trekbrasilis.org/classico/voy/episodios/voy051-9.jpg]
[www.trekbrasilis.org/classico/voy/episodios/voy051-10.jpg]
[www.trekbrasilis.org/classico/voy/episodios/voy051-2.jpg]
[www.trekbrasilis.org/classico/voy/episodios/voy051-8.jpg]
[www.trekbrasilis.org/classico/voy/episodios/voy051-5.jpg]
[www.trekbrasilis.org/classico/voy/episodios/voy051-4.jpg]
[www.trekbrasilis.org/classico/voy/episodios/voy051-1.jpg]
[www.trekbrasilis.org/classico/voy/episodios/voy051-6.jpg]
[www.trekbrasilis.org/classico/voy/episodios/voy051-7.jpg]
[www.trekbrasilis.org/classico/voy/episodios/voy051-12.133a.delayed]
[www.trekbrasilis.org/classico/voy/episodios/voy051.htm]
[www.trekbrasilis.org/classico/voy/episodios/voy052.jpg]
[www.trekbrasilis.org/classico/voy/episodios/voy052-4.jpg]
[www.trekbrasilis.org/classico/voy/episodios/voy052-3.jpg]
[www.trekbrasilis.org/classico/voy/episodios/voy052-5.jpg]
[www.trekbrasilis.org/classico/voy/episodios/voy052-2.jpg]
[www.trekbrasilis.org/classico/voy/episodios/voy052.htm]
[www.trekbrasilis.org/classico/voy/episodios/voy053.jpg]
[www.trekbrasilis.org/classico/voy/episodios/voy053-6.jpg]
[www.trekbrasilis.org/classico/voy/episodios/voy053-2.jpg]
[www.trekbrasilis.org/classico/voy/episodios/voy053-3.jpg]
[www.trekbrasilis.org/classico/voy/episodios/voy053-5.jpg]
[www.trekbrasilis.org/classico/voy/episodios/voy053-4.jpg]
[www.trekbrasilis.org/classico/voy/episodios/voy053-1.1347.delayed]
[www.trekbrasilis.org/classico/voy/episodios/voy053.htm]
[www.trekbrasilis.org/classico/voy/episodios/voy054.1348.delayed]
[www.trekbrasilis.org/classico/voy/episodios/voy054-2.jpg]
[www.trekbrasilis.org/classico/voy/episodios/voy054-6.jpg]
[www.trekbrasilis.org/classico/voy/episodios/voy054-1.jpg]
[www.trekbrasilis.org/classico/voy/episodios/voy054-5.jpg]
[www.trekbrasilis.org/classico/voy/episodios/voy054.htm]
[www.trekbrasilis.org/classico/voy/episodios/voy055.134f.delayed]
[www.trekbrasilis.org/classico/voy/episodios/voy055-6.jpg]
[www.trekbrasilis.org/classico/voy/episodios/voy055-5.1351.delayed]
[www.trekbrasilis.org/classico/voy/episodios/voy055-4.jpg]
[www.trekbrasilis.org/classico/voy/episodios/voy055-1.jpg]
[www.trekbrasilis.org/classico/voy/episodios/voy055-3.jpg]
[www.trekbrasilis.org/classico/voy/episodios/voy055-2.jpg]
[www.trekbrasilis.org/classico/voy/episodios/voy055-7.jpg]
[www.trekbrasilis.org/classico/voy/episodios/voy055.htm]
[www.trekbrasilis.org/classico/voy/episodios/voy056.jpg]
[www.trekbrasilis.org/classico/voy/episodios/voy056-3.jpg]
[www.trekbrasilis.org/classico/voy/episodios/voy056-5.jpg]
[www.trekbrasilis.org/classico/voy/episodios/voy056-2.jpg]
[www.trekbrasilis.org/classico/voy/episodios/voy056-4.jpg]
[www.trekbrasilis.org/classico/voy/episodios/voy056.htm]
[www.trekbrasilis.org/classico/voy/episodios/voy057.jpg]
[www.trekbrasilis.org/classico/voy/episodios/voy057-7.135e.delayed]
[www.trekbrasilis.org/classico/voy/episodios/voy057-1.135f.delayed]
[www.trekbrasilis.org/classico/voy/episodios/voy057-4.jpg]
[www.trekbrasilis.org/classico/voy/episodios/voy057-5.jpg]
[www.trekbrasilis.org/classico/voy/episodios/voy057-6.jpg]
[www.trekbrasilis.org/classico/voy/episodios/voy057-2.jpg]
[www.trekbrasilis.org/classico/voy/episodios/voy057.htm]
[www.trekbrasilis.org/classico/voy/episodios/voy058.1365.delayed]
[www.trekbrasilis.org/classico/voy/episodios/voy058-1.jpg]
[www.trekbrasilis.org/classico/voy/episodios/voy058-4.jpg]
[www.trekbrasilis.org/classico/voy/episodios/voy058-3.jpg]
[www.trekbrasilis.org/classico/voy/episodios/voy058-7.1369.delayed]
[www.trekbrasilis.org/classico/voy/episodios/voy058-6.136a.delayed]
[www.trekbrasilis.org/classico/voy/episodios/voy058-2.jpg]
[www.trekbrasilis.org/classico/voy/episodios/voy058-5.136c.delayed]
[www.trekbrasilis.org/classico/voy/episodios/voy058-8.136d.delayed]
[www.trekbrasilis.org/classico/voy/episodios/voy058-9.136e.delayed]
[www.trekbrasilis.org/classico/voy/episodios/voy058.htm]
[www.trekbrasilis.org/classico/voy/episodios/voy059.136f.delayed]
[www.trekbrasilis.org/classico/voy/episodios/voy059-4.jpg]
[www.trekbrasilis.org/classico/voy/episodios/voy059-5.jpg]
[www.trekbrasilis.org/classico/voy/episodios/voy059-9.1372.delayed]
[www.trekbrasilis.org/classico/voy/episodios/voy059-2.jpg]
[www.trekbrasilis.org/classico/voy/episodios/voy059-3.1374.delayed]
[www.trekbrasilis.org/classico/voy/episodios/voy059-10.1375.delayed]
[www.trekbrasilis.org/classico/voy/episodios/voy059-1.1376.delayed]
[www.trekbrasilis.org/classico/voy/episodios/voy059-7.1377.delayed]
[www.trekbrasilis.org/classico/voy/episodios/voy059-8.jpg]
[www.trekbrasilis.org/classico/voy/episodios/voy059-6.1379.delayed]
[www.trekbrasilis.org/classico/voy/episodios/voy059.htm]
[www.trekbrasilis.org/classico/voy/episodios/voy060.137a.delayed]
[www.trekbrasilis.org/classico/voy/episodios/voy060-1.137b.delayed]
[www.trekbrasilis.org/classico/voy/episodios/voy060-6.137c.delayed]
[www.trekbrasilis.org/classico/voy/episodios/voy060-2.137d.delayed]
[www.trekbrasilis.org/classico/voy/episodios/voy060-3.137e.delayed]
[www.trekbrasilis.org/classico/voy/episodios/voy060-5.137f.delayed]
[www.trekbrasilis.org/classico/voy/episodios/voy060-4.1380.delayed]
[www.trekbrasilis.org/classico/voy/episodios/voy060-7.1381.delayed]
[www.trekbrasilis.org/classico/voy/episodios/voy060.htm]
[www.trekbrasilis.org/classico/voy/episodios/voy061.1382.delayed]
[www.trekbrasilis.org/classico/voy/episodios/voy061-9.1383.delayed]
[www.trekbrasilis.org/classico/voy/episodios/voy061-2.1384.delayed]
[www.trekbrasilis.org/classico/voy/episodios/voy061-6.1385.delayed]
[www.trekbrasilis.org/classico/voy/episodios/voy061-5.1386.delayed]
[www.trekbrasilis.org/classico/voy/episodios/voy061-1.1387.delayed]
[www.trekbrasilis.org/classico/voy/episodios/voy061-4.1388.delayed]
[www.trekbrasilis.org/classico/voy/episodios/voy061-3.1389.delayed]
[www.trekbrasilis.org/classico/voy/episodios/voy061-8.138a.delayed]
[www.trekbrasilis.org/classico/voy/episodios/voy061-7.138b.delayed]
[www.trekbrasilis.org/classico/voy/episodios/voy061.htm]
[www.trekbrasilis.org/classico/voy/episodios/voy062.138c.delayed]
[www.trekbrasilis.org/classico/voy/episodios/voy062-9.138d.delayed]
[www.trekbrasilis.org/classico/voy/episodios/voy062-2.138e.delayed]
[www.trekbrasilis.org/classico/voy/episodios/voy062-5.138f.delayed]
[www.trekbrasilis.org/classico/voy/episodios/voy062-4.1390.delayed]
[www.trekbrasilis.org/classico/voy/episodios/voy062-3.1391.delayed]
[www.trekbrasilis.org/classico/voy/episodios/voy062-1.1392.delayed]
[www.trekbrasilis.org/classico/voy/episodios/voy062-7.1393.delayed]
[www.trekbrasilis.org/classico/voy/episodios/voy062-8.1394.delayed]
[www.trekbrasilis.org/classico/voy/episodios/voy062-6.1395.delayed]
[www.trekbrasilis.org/classico/voy/episodios/voy062.htm]
[www.trekbrasilis.org/classico/voy/episodios/voy063.1396.delayed]
[www.trekbrasilis.org/classico/voy/episodios/voy063-2.1397.delayed]
[www.trekbrasilis.org/classico/voy/episodios/voy063-6.1398.delayed]
[www.trekbrasilis.org/classico/voy/episodios/voy063-4.1399.delayed]
[www.trekbrasilis.org/classico/voy/episodios/voy063-3.139a.delayed]
[www.trekbrasilis.org/classico/voy/episodios/voy063-8.139b.delayed]
[www.trekbrasilis.org/classico/voy/episodios/voy063-1.139c.delayed]
[www.trekbrasilis.org/classico/voy/episodios/voy063-7.139d.delayed]
[www.trekbrasilis.org/classico/voy/episodios/voy063-9.139e.delayed]
[www.trekbrasilis.org/classico/voy/episodios/voy063-5.139f.delayed]
[www.trekbrasilis.org/classico/voy/episodios/voy063.htm]
[www.trekbrasilis.org/classico/voy/episodios/voy064.jpg]
[www.trekbrasilis.org/classico/voy/episodios/voy064-6.jpg]
[www.trekbrasilis.org/classico/voy/episodios/voy064-2.13a2.delayed]
[www.trekbrasilis.org/classico/voy/episodios/voy064-7.jpg]
[www.trekbrasilis.org/classico/voy/episodios/voy064-3.13a4.delayed]
[www.trekbrasilis.org/classico/voy/episodios/voy064-4.jpg]
[www.trekbrasilis.org/classico/voy/episodios/voy064-5.jpg]
[www.trekbrasilis.org/classico/voy/episodios/voy064-8.jpg]
[www.trekbrasilis.org/classico/voy/episodios/voy064-1.13a8.delayed]
[www.trekbrasilis.org/classico/voy/episodios/voy064.htm]
[www.trekbrasilis.org/classico/voy/episodios/voy066.jpg]
[www.trekbrasilis.org/classico/voy/episodios/voy066-3.jpg]
[www.trekbrasilis.org/classico/voy/episodios/voy066-4.jpg]
[www.trekbrasilis.org/classico/voy/episodios/voy066-1.jpg]
[www.trekbrasilis.org/classico/voy/episodios/voy066-2.jpg]
[www.trekbrasilis.org/classico/voy/episodios/voy066-5.jpg]
[www.trekbrasilis.org/classico/voy/episodios/voy066.htm]
[www.trekbrasilis.org/classico/voy/episodios/voy067.jpg]
[www.trekbrasilis.org/classico/voy/episodios/voy067-2.jpg]
[www.trekbrasilis.org/classico/voy/episodios/voy067-1.jpg]
[www.trekbrasilis.org/classico/voy/episodios/voy067-3.jpg]
[www.trekbrasilis.org/classico/voy/episodios/voy067-6.jpg]
[www.trekbrasilis.org/classico/voy/episodios/voy067-4.jpg]
[www.trekbrasilis.org/classico/voy/episodios/voy067-5.jpg]
[www.trekbrasilis.org/classico/voy/episodios/voy067.htm]
[www.trekbrasilis.org/classico/voy/episodios/voy068.jpg]
[www.trekbrasilis.org/classico/voy/episodios/voy068-2.jpg]
[www.trekbrasilis.org/classico/voy/episodios/voy068-12.jpg]
[www.trekbrasilis.org/classico/voy/episodios/voy068-11.jpg]
[www.trekbrasilis.org/classico/voy/episodios/voy068-8.jpg]
[www.trekbrasilis.org/classico/voy/episodios/voy068-9.jpg]
[www.trekbrasilis.org/classico/voy/episodios/voy068-1.jpg]
[www.trekbrasilis.org/classico/voy/episodios/voy068-6.jpg]
[www.trekbrasilis.org/classico/voy/episodios/voy068-13.jpg]
[www.trekbrasilis.org/classico/voy/episodios/voy068-14.jpg]
[www.trekbrasilis.org/classico/voy/episodios/voy068-15.jpg]
[www.trekbrasilis.org/classico/voy/episodios/voy068-3.jpg]
[www.trekbrasilis.org/classico/voy/episodios/voy068-7.jpg]
[www.trekbrasilis.org/classico/voy/episodios/voy068-5.jpg]
[www.trekbrasilis.org/classico/voy/episodios/voy068-4.jpg]
[www.trekbrasilis.org/classico/voy/episodios/voy068-10.jpg]
[www.trekbrasilis.org/classico/voy/episodios/voy068.htm]
[www.trekbrasilis.org/classico/voy/episodios/voy069.jpg]
[www.trekbrasilis.org/classico/voy/episodios/voy069-1.jpg]
[www.trekbrasilis.org/classico/voy/episodios/voy069-2.jpg]
[www.trekbrasilis.org/classico/voy/episodios/voy069-3.jpg]
[www.trekbrasilis.org/classico/voy/episodios/voy069-4.jpg]
[www.trekbrasilis.org/classico/voy/episodios/voy069-5.jpg]
[www.trekbrasilis.org/classico/voy/episodios/voy069-7.jpg]
[www.trekbrasilis.org/classico/voy/episodios/voy069.htm]
[www.trekbrasilis.org/classico/voy/episodios/voy070.jpg]
[www.trekbrasilis.org/classico/voy/episodios/voy070-1.jpg]
[www.trekbrasilis.org/classico/voy/episodios/voy070-3.jpg]
[www.trekbrasilis.org/classico/voy/episodios/voy070-4.jpg]
[www.trekbrasilis.org/classico/voy/episodios/voy070-5.jpg]
[www.trekbrasilis.org/classico/voy/episodios/voy070.htm]
[www.trekbrasilis.org/classico/voy/episodios/voy071.jpg]
[www.trekbrasilis.org/classico/voy/episodios/voy071-1.jpg]
[www.trekbrasilis.org/classico/voy/episodios/voy071-2.jpg]
[www.trekbrasilis.org/classico/voy/episodios/voy071-3.jpg]
[www.trekbrasilis.org/classico/voy/episodios/voy071-4.jpg]
[www.trekbrasilis.org/classico/voy/episodios/voy071-5.jpg]
[www.trekbrasilis.org/classico/voy/episodios/voy071.htm]
[www.trekbrasilis.org/classico/voy/episodios/voy072-1.jpg]
[www.trekbrasilis.org/classico/voy/episodios/voy072-2.jpg]
[www.trekbrasilis.org/classico/voy/episodios/voy072-3.jpg]
[www.trekbrasilis.org/classico/voy/episodios/voy072-4.jpg]
[www.trekbrasilis.org/classico/voy/episodios/voy072-5.jpg]
[www.trekbrasilis.org/classico/voy/episodios/voy072.htm]
[www.trekbrasilis.org/classico/voy/episodios/voy073.jpg]
[www.trekbrasilis.org/classico/voy/episodios/voy073-1.jpg]
[www.trekbrasilis.org/classico/voy/episodios/voy073-2.jpg]
[www.trekbrasilis.org/classico/voy/episodios/voy073-3.jpg]
[www.trekbrasilis.org/classico/voy/episodios/voy073-5.jpg]
[www.trekbrasilis.org/classico/voy/episodios/voy073.htm]
[www.trekbrasilis.org/classico/voy/episodios/voy074-1.jpg]
[www.trekbrasilis.org/classico/voy/episodios/voy074-4.jpg]
[www.trekbrasilis.org/classico/voy/episodios/voy074-5.jpg]
[www.trekbrasilis.org/classico/voy/episodios/voy074.htm]
[www.trekbrasilis.org/classico/voy/episodios/voy075.jpg]
[www.trekbrasilis.org/classico/voy/episodios/voy075-2.jpg]
[www.trekbrasilis.org/classico/voy/episodios/voy075-5.jpg]
[www.trekbrasilis.org/classico/voy/episodios/voy075.htm]
[www.trekbrasilis.org/classico/voy/episodios/voy076-2.jpg]
[www.trekbrasilis.org/classico/voy/episodios/voy076-3.jpg]
[www.trekbrasilis.org/classico/voy/episodios/voy076-4.jpg]
[www.trekbrasilis.org/classico/voy/episodios/voy076-5.jpg]
[www.trekbrasilis.org/classico/voy/episodios/voy076-7.jpg]
[www.trekbrasilis.org/classico/voy/episodios/voy076-10.jpg]
[www.trekbrasilis.org/classico/voy/episodios/voy076.htm]
[www.trekbrasilis.org/classico/voy/episodios/voy077.jpg]
[www.trekbrasilis.org/classico/voy/episodios/voy077-2.jpg]
[www.trekbrasilis.org/classico/voy/episodios/voy077-7.jpg]
[www.trekbrasilis.org/classico/voy/episodios/voy077-9.jpg]
[www.trekbrasilis.org/classico/voy/episodios/voy077-8.jpg]
[www.trekbrasilis.org/classico/voy/episodios/voy077.htm]
[www.trekbrasilis.org/classico/voy/episodios/voy078.jpg]
[www.trekbrasilis.org/classico/voy/episodios/voy078-2.jpg]
[www.trekbrasilis.org/classico/voy/episodios/voy078-4.jpg]
[www.trekbrasilis.org/classico/voy/episodios/voy078.htm]
[www.trekbrasilis.org/classico/voy/episodios/voy079.jpg]
[www.trekbrasilis.org/classico/voy/episodios/voy079-2.jpg]
[www.trekbrasilis.org/classico/voy/episodios/voy079-5.jpg]
[www.trekbrasilis.org/classico/voy/episodios/voy079.htm]
[www.trekbrasilis.org/classico/voy/episodios/voy080-2.jpg]
[www.trekbrasilis.org/classico/voy/episodios/voy080-3.jpg]
[www.trekbrasilis.org/classico/voy/episodios/voy080-4.jpg]
[www.trekbrasilis.org/classico/voy/episodios/voy080-6.jpg]
[www.trekbrasilis.org/classico/voy/episodios/voy080.htm]
[www.trekbrasilis.org/classico/voy/episodios/voy081.jpg]
[www.trekbrasilis.org/classico/voy/episodios/voy081-2.jpg]
[www.trekbrasilis.org/classico/voy/episodios/voy081-3.jpg]
[www.trekbrasilis.org/classico/voy/episodios/voy081.htm]
[www.trekbrasilis.org/classico/voy/episodios/voy082-2.jpg]
[www.trekbrasilis.org/classico/voy/episodios/voy082-1.jpg]
[www.trekbrasilis.org/classico/voy/episodios/voy082-5.jpg]
[www.trekbrasilis.org/classico/voy/episodios/voy082-6.jpg]
[www.trekbrasilis.org/classico/voy/episodios/voy082.htm]
[www.trekbrasilis.org/classico/voy/episodios/voy083-2.jpg]
[www.trekbrasilis.org/classico/voy/episodios/voy083-3.jpg]
[www.trekbrasilis.org/classico/voy/episodios/voy083-5.jpg]
[www.trekbrasilis.org/classico/voy/episodios/voy083-4.jpg]
[www.trekbrasilis.org/classico/voy/episodios/voy083.htm]
[www.trekbrasilis.org/classico/voy/episodios/voy084-2.jpg]
[www.trekbrasilis.org/classico/voy/episodios/voy084-3.jpg]
[www.trekbrasilis.org/classico/voy/episodios/voy084-5.jpg]
[www.trekbrasilis.org/classico/voy/episodios/voy084-7.jpg]
[www.trekbrasilis.org/classico/voy/episodios/voy084.htm]
[www.trekbrasilis.org/classico/voy/episodios/voy085-4.jpg]
[www.trekbrasilis.org/classico/voy/episodios/voy085-3.jpg]
[www.trekbrasilis.org/classico/voy/episodios/voy085-5.jpg]
[www.trekbrasilis.org/classico/voy/episodios/voy085.htm]
[www.trekbrasilis.org/classico/voy/episodios/voy086.jpg]
[www.trekbrasilis.org/classico/voy/episodios/voy086-2.jpg]
[www.trekbrasilis.org/classico/voy/episodios/voy086-4.jpg]
[www.trekbrasilis.org/classico/voy/episodios/voy086.htm]
[www.trekbrasilis.org/classico/voy/episodios/voy087.jpg]
[www.trekbrasilis.org/classico/voy/episodios/voy087-1.jpg]
[www.trekbrasilis.org/classico/voy/episodios/voy087-3.jpg]
[www.trekbrasilis.org/classico/voy/episodios/voy087-5.jpg]
[www.trekbrasilis.org/classico/voy/episodios/voy087-7.jpg]
[www.trekbrasilis.org/classico/voy/episodios/voy087.htm]
[www.trekbrasilis.org/classico/voy/episodios/voy088-1.jpg]
[www.trekbrasilis.org/classico/voy/episodios/voy088-3.jpg]
[www.trekbrasilis.org/classico/voy/episodios/voy088.htm]
[www.trekbrasilis.org/classico/voy/episodios/voy089.jpg]
[www.trekbrasilis.org/classico/voy/episodios/voy089-3.jpg]
[www.trekbrasilis.org/classico/voy/episodios/voy089-4.jpg]
[www.trekbrasilis.org/classico/voy/episodios/voy089-5.jpg]
[www.trekbrasilis.org/classico/voy/episodios/voy089.htm]
[www.trekbrasilis.org/classico/voy/episodios/voy090.jpg]
[www.trekbrasilis.org/classico/voy/episodios/voy090-5.jpg]
[www.trekbrasilis.org/classico/voy/episodios/voy090-2.jpg]
[www.trekbrasilis.org/classico/voy/episodios/voy090-4.jpg]
[www.trekbrasilis.org/classico/voy/episodios/voy090.htm]
[www.trekbrasilis.org/classico/voy/episodios/voy091-1.jpg]
[www.trekbrasilis.org/classico/voy/episodios/voy091-3.jpg]
[www.trekbrasilis.org/classico/voy/episodios/voy091-5.jpg]
[www.trekbrasilis.org/classico/voy/episodios/voy091.htm]
[www.trekbrasilis.org/classico/voy/episodios/voy092.jpg]
[www.trekbrasilis.org/classico/voy/episodios/voy092-2.jpg]
[www.trekbrasilis.org/classico/voy/episodios/voy092-4.jpg]
[www.trekbrasilis.org/classico/voy/episodios/voy092-6.jpg]
[www.trekbrasilis.org/classico/voy/episodios/voy092.htm]
[www.trekbrasilis.org/classico/voy/episodios/voy093-1.jpg]
[www.trekbrasilis.org/classico/voy/episodios/voy093-4.jpg]
[www.trekbrasilis.org/classico/voy/episodios/voy093-6.jpg]
[www.trekbrasilis.org/classico/voy/episodios/voy093-5.jpg]
[www.trekbrasilis.org/classico/voy/episodios/voy093.htm]
[www.trekbrasilis.org/classico/voy/episodios/voy094-1.jpg]
[www.trekbrasilis.org/classico/voy/episodios/voy094-3.jpg]
[www.trekbrasilis.org/classico/voy/episodios/voy094-4.jpg]
[www.trekbrasilis.org/classico/voy/episodios/voy094-6.jpg]
[www.trekbrasilis.org/classico/voy/episodios/voy094.htm]
[www.trekbrasilis.org/classico/voy/episodios/voy122.jpg]
[www.trekbrasilis.org/classico/voy/episodios/voy122-8.jpg]
[www.trekbrasilis.org/classico/voy/episodios/voy122-3.jpg]
[www.trekbrasilis.org/classico/voy/episodios/voy122-4.jpg]
[www.trekbrasilis.org/classico/voy/episodios/voy122-5.jpg]
[www.trekbrasilis.org/classico/voy/episodios/voy122-6.jpg]
[www.trekbrasilis.org/classico/voy/episodios/voy122.htm]
[www.trekbrasilis.org/classico/voy/episodios.jpg]
[www.trekbrasilis.org/classico/voy/producao/interior2-3.jpg]
[www.trekbrasilis.org/classico/voy/producao/interior2-2.jpg]
[www.trekbrasilis.org/classico/voy/producao/interior2-5.jpg]
[www.trekbrasilis.org/classico/voy/producao/interior2-4.jpg]
[www.trekbrasilis.org/classico/voy/producao/interior2-7.jpg]
[www.trekbrasilis.org/classico/voy/producao/interior2-6.jpg]
[www.trekbrasilis.org/classico/voy/producao/interior2-9.jpg]
[www.trekbrasilis.org/classico/voy/producao/interior2-10.jpg]
[www.trekbrasilis.org/classico/voy/producao/interior2-12.jpg]
[www.trekbrasilis.org/classico/voy/producao/interior2-17.jpg]
[www.trekbrasilis.org/classico/voy/producao/interior2-18.jpg]
[www.trekbrasilis.org/classico/voy/producao/interior2-19.jpg]
[www.trekbrasilis.org/classico/voy/producao/interior2-20.jpg]
[www.trekbrasilis.org/classico/voy/producao/interiores2.htm]
[www.trekbrasilis.org/classico/voy/producao/interior1-4.jpg]
[www.trekbrasilis.org/classico/voy/producao/interior1-3.jpg]
[www.trekbrasilis.org/classico/voy/producao/interior1-1.jpg]
[www.trekbrasilis.org/classico/voy/producao/interiores1.htm]
[www.trekbrasilis.org/classico/voy/producao/seven4.jpg]
[www.trekbrasilis.org/classico/voy/producao/seven5.jpg]
[www.trekbrasilis.org/classico/voy/producao/seven3.jpg]
[www.trekbrasilis.org/classico/voy/producao/seven2.jpg]
[www.trekbrasilis.org/classico/voy/producao/seven8.jpg]
[www.trekbrasilis.org/classico/voy/producao/seven.htm]
[www.trekbrasilis.org/classico/voy/producao/mulgrew1.jpg]
[www.trekbrasilis.org/classico/voy/producao/mulgrew4.jpg]
[www.trekbrasilis.org/classico/voy/producao/mulgrew6.jpg]
[www.trekbrasilis.org/classico/voy/producao/mulgrew.htm]
[www.trekbrasilis.org/classico/voy/producao/bujold1.jpg]
[www.trekbrasilis.org/classico/voy/producao/bujold2.jpg]
[www.trekbrasilis.org/classico/voy/producao/bujold4.jpg]
[www.trekbrasilis.org/classico/voy/producao/bujold.htm]
[www.trekbrasilis.org/classico/voy/universo.gif]
[www.trekbrasilis.org/classico/voy/ficcao/index.14b6.delayed]
[www.trekbrasilis.org/classico/voy/universo/especies/nacenes.htm]
[www.trekbrasilis.org/classico/voy/universo/especies/kazons.htm]
[www.trekbrasilis.org/classico/voy/universo/especies/ocampas.htm]
[www.trekbrasilis.org/classico/voy/universo/especies/vidiians.htm]
[www.trekbrasilis.org/classico/voy/universo/especies/index.htm]
[www.trekbrasilis.org/classico/voy/especiais/endgame1.jpg]
[www.trekbrasilis.org/classico/voy/especiais/endgame5.jpg]
[www.trekbrasilis.org/classico/voy/especiais/endgame3.jpg]
[www.trekbrasilis.org/classico/voy/especiais/endgame12.jpg]
[www.trekbrasilis.org/classico/voy/especiais/endgame7.jpg]
[www.trekbrasilis.org/classico/voy/especiais/endgame2.jpg]
[www.trekbrasilis.org/classico/voy/especiais/endgame8.jpg]
[www.trekbrasilis.org/classico/voy/especiais/endgame10.jpg]
[www.trekbrasilis.org/classico/voy/especiais/endgame13.jpg]
[www.trekbrasilis.org/classico/voy/especiais/endgame14.jpg]
[www.trekbrasilis.org/classico/voy/especiais/endgame15.jpg]
[www.trekbrasilis.org/classico/voy/especiais/endgame16.jpg]
[www.trekbrasilis.org/classico/voy/especiais/endgame17.jpg]
[www.trekbrasilis.org/classico/voy/especiais/endgame18.jpg]
[www.trekbrasilis.org/classico/voy/especiais/endgame19.jpg]
[www.trekbrasilis.org/classico/voy/especiais/endgame20.jpg]
[www.trekbrasilis.org/classico/voy/especiais/endgame21.jpg]
[www.trekbrasilis.org/classico/voy/especiais/endgame22.jpg]
[www.trekbrasilis.org/classico/voy/especiais/endgame23.jpg]
[www.trekbrasilis.org/classico/voy/especiais/endgame24.jpg]
[www.trekbrasilis.org/classico/voy/especiais/endgame25.jpg]
[www.trekbrasilis.org/classico/voy/especiais/endgame26.jpg]
[www.trekbrasilis.org/classico/voy/especiais/endgame.htm]
[www.trekbrasilis.org/classico/ent/tpol.gif]
[www.trekbrasilis.org/classico/ent/coluna/coluna17.htm]
[www.trekbrasilis.org/classico/ent/coluna/coluna16-1.jpg]
[www.trekbrasilis.org/classico/ent/coluna/coluna16-5.jpg]
[www.trekbrasilis.org/classico/ent/coluna/coluna16-4.jpg]
[www.trekbrasilis.org/classico/ent/coluna/coluna16-2.jpg]
[www.trekbrasilis.org/classico/ent/coluna/coluna16-3.jpg]
[www.trekbrasilis.org/classico/ent/coluna/coluna16.htm]
[www.trekbrasilis.org/classico/ent/coluna/coluna15-3.jpg]
[www.trekbrasilis.org/classico/ent/coluna/coluna15-5.jpg]
[www.trekbrasilis.org/classico/ent/coluna/coluna15-1.jpg]
[www.trekbrasilis.org/classico/ent/coluna/coluna15-2.jpg]
[www.trekbrasilis.org/classico/ent/coluna/coluna15-6.jpg]
[www.trekbrasilis.org/classico/ent/coluna/coluna15.htm]
[www.trekbrasilis.org/classico/ent/coluna/coluna14-1.jpg]
[www.trekbrasilis.org/classico/ent/coluna/coluna14.htm]
[www.trekbrasilis.org/classico/ent/coluna/coluna13-2.jpg]
[www.trekbrasilis.org/classico/ent/coluna/coluna13.htm]
[www.trekbrasilis.org/classico/ent/coluna/coluna12.htm]
[www.trekbrasilis.org/classico/ent/coluna/coluna11-1.jpg]
[www.trekbrasilis.org/classico/ent/coluna/coluna11-2.jpg]
[www.trekbrasilis.org/classico/ent/coluna/coluna11-3.jpg]
[www.trekbrasilis.org/classico/ent/coluna/coluna11-4.jpg]
[www.trekbrasilis.org/classico/ent/coluna/coluna11-5.jpg]
[www.trekbrasilis.org/classico/ent/coluna/coluna11.htm]
[www.trekbrasilis.org/classico/ent/coluna/coluna10-1.jpg]
[www.trekbrasilis.org/classico/ent/coluna/coluna10-2.jpg]
[www.trekbrasilis.org/classico/ent/coluna/coluna10.htm]
[www.trekbrasilis.org/classico/ent/coluna/coluna9-1.jpg]
[www.trekbrasilis.org/classico/ent/coluna/coluna9-2.jpg]
[www.trekbrasilis.org/classico/ent/coluna/opening.14ee.delayed]
[www.trekbrasilis.org/classico/ent/coluna/coluna9-3.jpg]
[www.trekbrasilis.org/classico/ent/coluna/coluna9-7.jpg]
[www.trekbrasilis.org/classico/ent/coluna/coluna9-8.jpg]
[www.trekbrasilis.org/classico/ent/coluna/coluna9-9.jpg]
[www.trekbrasilis.org/classico/ent/coluna/coluna9-10.jpg]
[www.trekbrasilis.org/classico/ent/coluna/coluna9-11.jpg]
[www.trekbrasilis.org/classico/ent/coluna/coluna9-12.jpg]
[www.trekbrasilis.org/classico/ent/coluna/coluna9-13.jpg]
[www.trekbrasilis.org/classico/ent/coluna/coluna9-14.jpg]
[www.trekbrasilis.org/classico/ent/coluna/coluna9-15.jpg]
[www.trekbrasilis.org/classico/ent/coluna/coluna9-16.jpg]
[www.trekbrasilis.org/classico/ent/coluna/coluna9-17.jpg]
[www.trekbrasilis.org/classico/ent/coluna/coluna9-19.jpg]
[www.trekbrasilis.org/classico/ent/coluna/coluna9-21.jpg]
[www.trekbrasilis.org/classico/ent/coluna/coluna9-22.jpg]
[www.trekbrasilis.org/classico/ent/coluna/coluna9-23.jpg]
[www.trekbrasilis.org/classico/ent/coluna/coluna9-24.jpg]
[www.trekbrasilis.org/classico/ent/coluna/coluna9-25.jpg]
[www.trekbrasilis.org/classico/ent/coluna/coluna9-26.jpg]
[www.trekbrasilis.org/classico/ent/coluna/coluna9-27.jpg]
[www.trekbrasilis.org/classico/ent/coluna/coluna9-28.jpg]
[www.trekbrasilis.org/classico/ent/coluna/coluna9-29.jpg]
[www.trekbrasilis.org/classico/ent/coluna/coluna9-30.jpg]
[www.trekbrasilis.org/classico/ent/coluna/coluna9-31.jpg]
[www.trekbrasilis.org/classico/ent/coluna/coluna9-33.jpg]
[www.trekbrasilis.org/classico/ent/coluna/coluna9-34.jpg]
[www.trekbrasilis.org/classico/ent/coluna/coluna9-36.jpg]
[www.trekbrasilis.org/classico/ent/coluna/coluna9-37.jpg]
[www.trekbrasilis.org/classico/ent/coluna/coluna9-38.jpg]
[www.trekbrasilis.org/classico/ent/coluna/coluna9-39.jpg]
[www.trekbrasilis.org/classico/ent/coluna/coluna9-40.jpg]
[www.trekbrasilis.org/classico/ent/coluna/coluna9-42.jpg]
[www.trekbrasilis.org/classico/ent/coluna/coluna9.htm]
[www.trekbrasilis.org/classico/ent/coluna/coluna8-1.jpg]
[www.trekbrasilis.org/classico/ent/coluna/coluna8-4.jpg]
[www.trekbrasilis.org/classico/ent/coluna/coluna8-3.jpg]
[www.trekbrasilis.org/classico/ent/coluna/coluna8-7.jpg]
[www.trekbrasilis.org/classico/ent/coluna/coluna8-6.jpg]
[www.trekbrasilis.org/classico/ent/coluna/coluna8.htm]
[www.trekbrasilis.org/classico/ent/coluna/coluna7-1.jpg]
[www.trekbrasilis.org/classico/ent/coluna/coluna7-3.jpg]
[www.trekbrasilis.org/classico/ent/coluna/coluna7-2.jpg]
[www.trekbrasilis.org/classico/ent/coluna/coluna7-5.jpg]
[www.trekbrasilis.org/classico/ent/coluna/coluna7-4.jpg]
[www.trekbrasilis.org/classico/ent/coluna/coluna7-6.jpg]
[www.trekbrasilis.org/classico/ent/coluna/coluna7.htm]
[www.trekbrasilis.org/classico/ent/coluna/coluna6-1.jpg]
[www.trekbrasilis.org/classico/ent/coluna/coluna6-2.jpg]
[www.trekbrasilis.org/classico/ent/coluna/coluna6-3.jpg]
[www.trekbrasilis.org/classico/ent/coluna/coluna6.htm]
[www.trekbrasilis.org/classico/ent/coluna/coluna5-1.jpg]
[www.trekbrasilis.org/classico/ent/coluna/coluna5-3.jpg]
[www.trekbrasilis.org/classico/ent/coluna/coluna5.htm]
[www.trekbrasilis.org/classico/ent/coluna/coluna4-1.jpg]
[www.trekbrasilis.org/classico/ent/coluna/coluna4-3.jpg]
[www.trekbrasilis.org/classico/ent/coluna/coluna4.htm]
[www.trekbrasilis.org/classico/ent/coluna/coluna3.htm]
[www.trekbrasilis.org/classico/ent/coluna/coluna2-1.jpg]
[www.trekbrasilis.org/classico/ent/coluna/coluna2-2.jpg]
[www.trekbrasilis.org/classico/ent/coluna/coluna2-4.jpg]
[www.trekbrasilis.org/classico/ent/coluna/coluna2-3.jpg]
[www.trekbrasilis.org/classico/ent/coluna/coluna2.htm]
[www.trekbrasilis.org/classico/ent/coluna/coluna1-2.jpg]
[www.trekbrasilis.org/classico/ent/coluna/coluna1-1.jpg]
[www.trekbrasilis.org/classico/ent/coluna/coluna1-3.jpg]
[www.trekbrasilis.org/classico/ent/coluna/coluna1.htm]
[www.trekbrasilis.org/classico/ent/episodios/temp1.htm]
[www.trekbrasilis.org/classico/ent/episodios/temp2.htm]
[www.trekbrasilis.org/classico/ent/episodios/temp3.htm]
[www.trekbrasilis.org/classico/ent/episodios/temp4.htm]
[www.trekbrasilis.org/classico/ent/episodios/ent003.jpg]
[www.trekbrasilis.org/classico/ent/episodios/ent003-2.jpg]
[www.trekbrasilis.org/classico/ent/episodios/ent003-7.jpg]
[www.trekbrasilis.org/classico/ent/episodios/ent003-1.jpg]
[www.trekbrasilis.org/classico/ent/episodios/ent003-5.jpg]
[www.trekbrasilis.org/classico/ent/episodios/ent003-6.jpg]
[www.trekbrasilis.org/classico/ent/episodios/ent003-4.jpg]
[www.trekbrasilis.org/classico/ent/episodios/ent003-3.jpg]
[www.trekbrasilis.org/classico/ent/episodios/ent003-8.jpg]
[www.trekbrasilis.org/classico/ent/episodios/ent003.htm]
[www.trekbrasilis.org/classico/ent/episodios/ent004.jpg]
[www.trekbrasilis.org/classico/ent/episodios/ent004-1.jpg]
[www.trekbrasilis.org/classico/ent/episodios/ent004-2.jpg]
[www.trekbrasilis.org/classico/ent/episodios/ent004-3.jpg]
[www.trekbrasilis.org/classico/ent/episodios/ent004-4.jpg]
[www.trekbrasilis.org/classico/ent/episodios/ent004-6.jpg]
[www.trekbrasilis.org/classico/ent/episodios/ent004-8.jpg]
[www.trekbrasilis.org/classico/ent/episodios/ent004-9.jpg]
[www.trekbrasilis.org/classico/ent/episodios/ent004.htm]
[www.trekbrasilis.org/classico/ent/episodios/ent006.jpg]
[www.trekbrasilis.org/classico/ent/episodios/ent006-2.jpg]
[www.trekbrasilis.org/classico/ent/episodios/ent006-3.jpg]
[www.trekbrasilis.org/classico/ent/episodios/ent006-4.jpg]
[www.trekbrasilis.org/classico/ent/episodios/ent006-5.jpg]
[www.trekbrasilis.org/classico/ent/episodios/ent006.htm]
[www.trekbrasilis.org/classico/ent/episodios/ent008-1.jpg]
[www.trekbrasilis.org/classico/ent/episodios/ent008-2.jpg]
[www.trekbrasilis.org/classico/ent/episodios/ent008-3.jpg]
[www.trekbrasilis.org/classico/ent/episodios/ent008-4.jpg]
[www.trekbrasilis.org/classico/ent/episodios/ent008-5.jpg]
[www.trekbrasilis.org/classico/ent/episodios/ent008-6.jpg]
[www.trekbrasilis.org/classico/ent/episodios/ent008-7.jpg]
[www.trekbrasilis.org/classico/ent/episodios/ent008-8.jpg]
[www.trekbrasilis.org/classico/ent/episodios/ent008-9.jpg]
[www.trekbrasilis.org/classico/ent/episodios/ent008.htm]
[www.trekbrasilis.org/classico/ent/episodios/ent009.jpg]
[www.trekbrasilis.org/classico/ent/episodios/ent009-1.jpg]
[www.trekbrasilis.org/classico/ent/episodios/ent009-2.jpg]
[www.trekbrasilis.org/classico/ent/episodios/ent009-3.jpg]
[www.trekbrasilis.org/classico/ent/episodios/ent009-4.jpg]
[www.trekbrasilis.org/classico/ent/episodios/ent009-6.jpg]
[www.trekbrasilis.org/classico/ent/episodios/ent009.htm]
[www.trekbrasilis.org/classico/ent/episodios/ent011-1.jpg]
[www.trekbrasilis.org/classico/ent/episodios/ent011-3.jpg]
[www.trekbrasilis.org/classico/ent/episodios/ent011-6.jpg]
[www.trekbrasilis.org/classico/ent/episodios/ent011-7.jpg]
[www.trekbrasilis.org/classico/ent/episodios/ent011-5.jpg]
[www.trekbrasilis.org/classico/ent/episodios/ent011.htm]
[www.trekbrasilis.org/classico/ent/episodios/ent014.jpg]
[www.trekbrasilis.org/classico/ent/episodios/ent014-1.jpg]
[www.trekbrasilis.org/classico/ent/episodios/ent014-2.jpg]
[www.trekbrasilis.org/classico/ent/episodios/ent014-3.jpg]
[www.trekbrasilis.org/classico/ent/episodios/ent014-4.jpg]
[www.trekbrasilis.org/classico/ent/episodios/ent014.htm]
[www.trekbrasilis.org/classico/ent/episodios/ent015.jpg]
[www.trekbrasilis.org/classico/ent/episodios/ent015-3.jpg]
[www.trekbrasilis.org/classico/ent/episodios/ent015-4.jpg]
[www.trekbrasilis.org/classico/ent/episodios/ent015-7.jpg]
[www.trekbrasilis.org/classico/ent/episodios/ent015.htm]
[www.trekbrasilis.org/classico/ent/episodios/ent016.jpg]
[www.trekbrasilis.org/classico/ent/episodios/ent016-1.jpg]
[www.trekbrasilis.org/classico/ent/episodios/ent016-2.jpg]
[www.trekbrasilis.org/classico/ent/episodios/ent016-3.jpg]
[www.trekbrasilis.org/classico/ent/episodios/ent016-4.jpg]
[www.trekbrasilis.org/classico/ent/episodios/ent016-5.jpg]
[www.trekbrasilis.org/classico/ent/episodios/ent016.htm]
[www.trekbrasilis.org/classico/ent/episodios/ent018.jpg]
[www.trekbrasilis.org/classico/ent/episodios/ent018-2.jpg]
[www.trekbrasilis.org/classico/ent/episodios/ent018-3.jpg]
[www.trekbrasilis.org/classico/ent/episodios/ent018-4.jpg]
[www.trekbrasilis.org/classico/ent/episodios/ent018-5.jpg]
[www.trekbrasilis.org/classico/ent/episodios/ent018-6.jpg]
[www.trekbrasilis.org/classico/ent/episodios/ent018-7.jpg]
[www.trekbrasilis.org/classico/ent/episodios/ent018.htm]
[www.trekbrasilis.org/classico/ent/episodios/ent019.jpg]
[www.trekbrasilis.org/classico/ent/episodios/ent019-1.jpg]
[www.trekbrasilis.org/classico/ent/episodios/ent019-3.jpg]
[www.trekbrasilis.org/classico/ent/episodios/ent019-4.jpg]
[www.trekbrasilis.org/classico/ent/episodios/ent019-5.jpg]
[www.trekbrasilis.org/classico/ent/episodios/ent019-6.jpg]
[www.trekbrasilis.org/classico/ent/episodios/ent019-7.jpg]
[www.trekbrasilis.org/classico/ent/episodios/ent019.htm]
[www.trekbrasilis.org/classico/ent/episodios/ent020.jpg]
[www.trekbrasilis.org/classico/ent/episodios/ent020-1.jpg]
[www.trekbrasilis.org/classico/ent/episodios/ent020-2.jpg]
[www.trekbrasilis.org/classico/ent/episodios/ent020-4.jpg]
[www.trekbrasilis.org/classico/ent/episodios/ent020-6.jpg]
[www.trekbrasilis.org/classico/ent/episodios/ent020-7.jpg]
[www.trekbrasilis.org/classico/ent/episodios/ent020-8.jpg]
[www.trekbrasilis.org/classico/ent/episodios/ent020-9.jpg]
[www.trekbrasilis.org/classico/ent/episodios/ent020.htm]
[www.trekbrasilis.org/classico/ent/episodios/ent021.jpg]
[www.trekbrasilis.org/classico/ent/episodios/ent021-1.jpg]
[www.trekbrasilis.org/classico/ent/episodios/ent021-2.jpg]
[www.trekbrasilis.org/classico/ent/episodios/ent021-3.jpg]
[www.trekbrasilis.org/classico/ent/episodios/ent021-4.jpg]
[www.trekbrasilis.org/classico/ent/episodios/ent021-5.jpg]
[www.trekbrasilis.org/classico/ent/episodios/ent021-6.jpg]
[www.trekbrasilis.org/classico/ent/episodios/ent021-7.jpg]
[www.trekbrasilis.org/classico/ent/episodios/ent021-8.jpg]
[www.trekbrasilis.org/classico/ent/episodios/ent021-9.jpg]
[www.trekbrasilis.org/classico/ent/episodios/ent021.htm]
[www.trekbrasilis.org/classico/ent/episodios/ent022.jpg]
[www.trekbrasilis.org/classico/ent/episodios/ent022-2.jpg]
[www.trekbrasilis.org/classico/ent/episodios/ent022-3.jpg]
[www.trekbrasilis.org/classico/ent/episodios/ent022-4.jpg]
[www.trekbrasilis.org/classico/ent/episodios/ent022-5.jpg]
[www.trekbrasilis.org/classico/ent/episodios/ent022-6.jpg]
[www.trekbrasilis.org/classico/ent/episodios/ent022-7.jpg]
[www.trekbrasilis.org/classico/ent/episodios/ent022-8.jpg]
[www.trekbrasilis.org/classico/ent/episodios/ent022.htm]
[www.trekbrasilis.org/classico/ent/episodios/ent023.jpg]
[www.trekbrasilis.org/classico/ent/episodios/ent023-1.jpg]
[www.trekbrasilis.org/classico/ent/episodios/ent023-2.jpg]
[www.trekbrasilis.org/classico/ent/episodios/ent023-4.jpg]
[www.trekbrasilis.org/classico/ent/episodios/ent023-5.jpg]
[www.trekbrasilis.org/classico/ent/episodios/ent023-6.jpg]
[www.trekbrasilis.org/classico/ent/episodios/ent023-7.jpg]
[www.trekbrasilis.org/classico/ent/episodios/ent023.htm]
[www.trekbrasilis.org/classico/ent/episodios/ent024-1.jpg]
[www.trekbrasilis.org/classico/ent/episodios/ent024-3.jpg]
[www.trekbrasilis.org/classico/ent/episodios/ent024-5.jpg]
[www.trekbrasilis.org/classico/ent/episodios/ent024-6.jpg]
[www.trekbrasilis.org/classico/ent/episodios/ent024-7.jpg]
[www.trekbrasilis.org/classico/ent/episodios/ent024-8.jpg]
[www.trekbrasilis.org/classico/ent/episodios/ent024-9.jpg]
[www.trekbrasilis.org/classico/ent/episodios/ent024.htm]
[www.trekbrasilis.org/classico/ent/episodios/ent025.jpg]
[www.trekbrasilis.org/classico/ent/episodios/ent025-1.jpg]
[www.trekbrasilis.org/classico/ent/episodios/ent025-2.jpg]
[www.trekbrasilis.org/classico/ent/episodios/ent025-4.jpg]
[www.trekbrasilis.org/classico/ent/episodios/ent025-5.jpg]
[www.trekbrasilis.org/classico/ent/episodios/ent025-7.jpg]
[www.trekbrasilis.org/classico/ent/episodios/ent025-6.jpg]
[www.trekbrasilis.org/classico/ent/episodios/ent025.htm]
[www.trekbrasilis.org/classico/ent/episodios/ent026-2.jpg]
[www.trekbrasilis.org/classico/ent/episodios/ent026-4.jpg]
[www.trekbrasilis.org/classico/ent/episodios/ent026-5.jpg]
[www.trekbrasilis.org/classico/ent/episodios/ent026-6.jpg]
[www.trekbrasilis.org/classico/ent/episodios/ent026.htm]
[www.trekbrasilis.org/classico/ent/episodios/ent027.jpg]
[www.trekbrasilis.org/classico/ent/episodios/ent027-1.jpg]
[www.trekbrasilis.org/classico/ent/episodios/ent027-2.jpg]
[www.trekbrasilis.org/classico/ent/episodios/ent027-3.jpg]
[www.trekbrasilis.org/classico/ent/episodios/ent027.htm]
[www.trekbrasilis.org/classico/ent/episodios/ent028.jpg]
[www.trekbrasilis.org/classico/ent/episodios/ent028-1.jpg]
[www.trekbrasilis.org/classico/ent/episodios/ent028-2.jpg]
[www.trekbrasilis.org/classico/ent/episodios/ent028-7.jpg]
[www.trekbrasilis.org/classico/ent/episodios/ent028-8.jpg]
[www.trekbrasilis.org/classico/ent/episodios/ent028.htm]
[www.trekbrasilis.org/classico/ent/episodios/ent029.jpg]
[www.trekbrasilis.org/classico/ent/episodios/ent029-1.jpg]
[www.trekbrasilis.org/classico/ent/episodios/ent029-2.jpg]
[www.trekbrasilis.org/classico/ent/episodios/ent029-3.jpg]
[www.trekbrasilis.org/classico/ent/episodios/ent029.htm]
[www.trekbrasilis.org/classico/ent/episodios/ent030.jpg]
[www.trekbrasilis.org/classico/ent/episodios/ent030-1.jpg]
[www.trekbrasilis.org/classico/ent/episodios/ent030-2.jpg]
[www.trekbrasilis.org/classico/ent/episodios/ent030-3.jpg]
[www.trekbrasilis.org/classico/ent/episodios/ent030.htm]
[www.trekbrasilis.org/classico/ent/episodios/ent031.jpg]
[www.trekbrasilis.org/classico/ent/episodios/ent031-1.jpg]
[www.trekbrasilis.org/classico/ent/episodios/ent031-2.jpg]
[www.trekbrasilis.org/classico/ent/episodios/ent031-3.jpg]
[www.trekbrasilis.org/classico/ent/episodios/ent031-4.jpg]
[www.trekbrasilis.org/classico/ent/episodios/ent031-6.jpg]
[www.trekbrasilis.org/classico/ent/episodios/ent031.htm]
[www.trekbrasilis.org/classico/ent/episodios/ent032-1.jpg]
[www.trekbrasilis.org/classico/ent/episodios/ent032-3.jpg]
[www.trekbrasilis.org/classico/ent/episodios/ds9068.15f0.delayed]
[www.trekbrasilis.org/classico/ent/episodios/tng140.15f1.delayed]
[www.trekbrasilis.org/classico/ent/episodios/ent032.htm]
[www.trekbrasilis.org/classico/ent/episodios/ent033.jpg]
[www.trekbrasilis.org/classico/ent/episodios/ent033-1.jpg]
[www.trekbrasilis.org/classico/ent/episodios/ent033-2.jpg]
[www.trekbrasilis.org/classico/ent/episodios/ent033-3.jpg]
[www.trekbrasilis.org/classico/ent/episodios/ent033-4.jpg]
[www.trekbrasilis.org/classico/ent/episodios/ent033-5.jpg]
[www.trekbrasilis.org/classico/ent/episodios/ent033.htm]
[www.trekbrasilis.org/classico/ent/episodios/ent034.jpg]
[www.trekbrasilis.org/classico/ent/episodios/ent034-1.jpg]
[www.trekbrasilis.org/classico/ent/episodios/ent034-3.jpg]
[www.trekbrasilis.org/classico/ent/episodios/ent034.htm]
[www.trekbrasilis.org/classico/ent/episodios/ent035-2.jpg]
[www.trekbrasilis.org/classico/ent/episodios/ent035.htm]
[www.trekbrasilis.org/classico/ent/episodios/ent036.jpg]
[www.trekbrasilis.org/classico/ent/episodios/ent036-1.jpg]
[www.trekbrasilis.org/classico/ent/episodios/ent036-2.jpg]
[www.trekbrasilis.org/classico/ent/episodios/ent036-3.jpg]
[www.trekbrasilis.org/classico/ent/episodios/ent036.htm]
[www.trekbrasilis.org/classico/ent/episodios/ent037.jpg]
[www.trekbrasilis.org/classico/ent/episodios/ent037-1.jpg]
[www.trekbrasilis.org/classico/ent/episodios/ent037-2.jpg]
[www.trekbrasilis.org/classico/ent/episodios/ent037.htm]
[www.trekbrasilis.org/classico/ent/episodios/ent039.jpg]
[www.trekbrasilis.org/classico/ent/episodios/ent039-1.jpg]
[www.trekbrasilis.org/classico/ent/episodios/ent039.htm]
[www.trekbrasilis.org/classico/ent/episodios/ent040.jpg]
[www.trekbrasilis.org/classico/ent/episodios/ent040-2.jpg]
[www.trekbrasilis.org/classico/ent/episodios/ent040.htm]
[www.trekbrasilis.org/classico/ent/episodios/ent041.jpg]
[www.trekbrasilis.org/classico/ent/episodios/ent041-1.jpg]
[www.trekbrasilis.org/classico/ent/episodios/ent041-2.jpg]
[www.trekbrasilis.org/classico/ent/episodios/ent041.htm]
[www.trekbrasilis.org/classico/ent/episodios/ent042.jpg]
[www.trekbrasilis.org/classico/ent/episodios/ent042-3.jpg]
[www.trekbrasilis.org/classico/ent/episodios/ent042.htm]
[www.trekbrasilis.org/classico/ent/episodios/ent043.jpg]
[www.trekbrasilis.org/classico/ent/episodios/ent043-1.jpg]
[www.trekbrasilis.org/classico/ent/episodios/ent043-2.jpg]
[www.trekbrasilis.org/classico/ent/episodios/ent043.htm]
[www.trekbrasilis.org/classico/ent/episodios/ent044.jpg]
[www.trekbrasilis.org/classico/ent/episodios/ent044-1.jpg]
[www.trekbrasilis.org/classico/ent/episodios/ent044-2.jpg]
[www.trekbrasilis.org/classico/ent/episodios/ent044-3.jpg]
[www.trekbrasilis.org/classico/ent/episodios/ent044.htm]
[www.trekbrasilis.org/classico/ent/episodios/ent045-1.jpg]
[www.trekbrasilis.org/classico/ent/episodios/ent045-2.jpg]
[www.trekbrasilis.org/classico/ent/episodios/ent045-3.jpg]
[www.trekbrasilis.org/classico/ent/episodios/ent045-4.jpg]
[www.trekbrasilis.org/classico/ent/episodios/ent045-5.jpg]
[www.trekbrasilis.org/classico/ent/episodios/ent045.htm]
[www.trekbrasilis.org/classico/ent/episodios/ent046.jpg]
[www.trekbrasilis.org/classico/ent/episodios/ent046-1.jpg]
[www.trekbrasilis.org/classico/ent/episodios/ent046-3.jpg]
[www.trekbrasilis.org/classico/ent/episodios/ent046-4.jpg]
[www.trekbrasilis.org/classico/ent/episodios/ent046.htm]
[www.trekbrasilis.org/classico/ent/episodios/ent047.jpg]
[www.trekbrasilis.org/classico/ent/episodios/ent047-1.jpg]
[www.trekbrasilis.org/classico/ent/episodios/ent047-2.jpg]
[www.trekbrasilis.org/classico/ent/episodios/ent047.htm]
[www.trekbrasilis.org/classico/ent/episodios/ent048-1.jpg]
[www.trekbrasilis.org/classico/ent/episodios/ent048-2.jpg]
[www.trekbrasilis.org/classico/ent/episodios/ent048-3.jpg]
[www.trekbrasilis.org/classico/ent/episodios/ent048.htm]
[www.trekbrasilis.org/classico/ent/episodios/ent049.jpg]
[www.trekbrasilis.org/classico/ent/episodios/ent049-1.jpg]
[www.trekbrasilis.org/classico/ent/episodios/ent049-2.jpg]
[www.trekbrasilis.org/classico/ent/episodios/ent049.htm]
[www.trekbrasilis.org/classico/ent/episodios/ent050.jpg]
[www.trekbrasilis.org/classico/ent/episodios/ent050-1.jpg]
[www.trekbrasilis.org/classico/ent/episodios/ent050.htm]
[www.trekbrasilis.org/classico/ent/episodios/ent051.jpg]
[www.trekbrasilis.org/classico/ent/episodios/ent051-2.jpg]
[www.trekbrasilis.org/classico/ent/episodios/ent051-3.jpg]
[www.trekbrasilis.org/classico/ent/episodios/ent051.htm]
[www.trekbrasilis.org/classico/ent/episodios/ent052.jpg]
[www.trekbrasilis.org/classico/ent/episodios/ent052-1.jpg]
[www.trekbrasilis.org/classico/ent/episodios/ent052-2.jpg]
[www.trekbrasilis.org/classico/ent/episodios/ent052-3.jpg]
[www.trekbrasilis.org/classico/ent/episodios/ent052.htm]
[www.trekbrasilis.org/classico/ent/episodios/ent053.jpg]
[www.trekbrasilis.org/classico/ent/episodios/ent053-1.jpg]
[www.trekbrasilis.org/classico/ent/episodios/ent053-3.jpg]
[www.trekbrasilis.org/classico/ent/episodios/ent053-4.jpg]
[www.trekbrasilis.org/classico/ent/episodios/ent053.htm]
[www.trekbrasilis.org/classico/ent/episodios/ent054.jpg]
[www.trekbrasilis.org/classico/ent/episodios/ent054-1.jpg]
[www.trekbrasilis.org/classico/ent/episodios/ent054-2.jpg]
[www.trekbrasilis.org/classico/ent/episodios/ent054-3.jpg]
[www.trekbrasilis.org/classico/ent/episodios/ent054.htm]
[www.trekbrasilis.org/classico/ent/episodios/ent055.jpg]
[www.trekbrasilis.org/classico/ent/episodios/ent055-1.jpg]
[www.trekbrasilis.org/classico/ent/episodios/ent055-3.jpg]
[www.trekbrasilis.org/classico/ent/episodios/ent055.htm]
[www.trekbrasilis.org/classico/ent/episodios/ent056.jpg]
[www.trekbrasilis.org/classico/ent/episodios/ent056-1.jpg]
[www.trekbrasilis.org/classico/ent/episodios/ent056-3.jpg]
[www.trekbrasilis.org/classico/ent/episodios/ent056-4.jpg]
[www.trekbrasilis.org/classico/ent/episodios/ent056.htm]
[www.trekbrasilis.org/classico/ent/episodios/ent057-1.jpg]
[www.trekbrasilis.org/classico/ent/episodios/ent057-2.jpg]
[www.trekbrasilis.org/classico/ent/episodios/ent057-3.jpg]
[www.trekbrasilis.org/classico/ent/episodios/ent057-5.jpg]
[www.trekbrasilis.org/classico/ent/episodios/ent057.htm]
[www.trekbrasilis.org/classico/ent/episodios/ent058.jpg]
[www.trekbrasilis.org/classico/ent/episodios/ent058-1.jpg]
[www.trekbrasilis.org/classico/ent/episodios/ent058-2.jpg]
[www.trekbrasilis.org/classico/ent/episodios/ent058-4.jpg]
[www.trekbrasilis.org/classico/ent/episodios/ent058-6.jpg]
[www.trekbrasilis.org/classico/ent/episodios/ent058.htm]
[www.trekbrasilis.org/classico/ent/episodios/ent059.jpg]
[www.trekbrasilis.org/classico/ent/episodios/ent059-1.jpg]
[www.trekbrasilis.org/classico/ent/episodios/ent059-2.jpg]
[www.trekbrasilis.org/classico/ent/episodios/ent059-3.jpg]
[www.trekbrasilis.org/classico/ent/episodios/ent059.htm]
[www.trekbrasilis.org/classico/ent/episodios/ent060.jpg]
[www.trekbrasilis.org/classico/ent/episodios/ent060-2.jpg]
[www.trekbrasilis.org/classico/ent/episodios/ent060-3.jpg]
[www.trekbrasilis.org/classico/ent/episodios/ent060-4.jpg]
[www.trekbrasilis.org/classico/ent/episodios/ent060.htm]
[www.trekbrasilis.org/classico/ent/episodios/ent061.jpg]
[www.trekbrasilis.org/classico/ent/episodios/ent061-1.jpg]
[www.trekbrasilis.org/classico/ent/episodios/ent061-2.jpg]
[www.trekbrasilis.org/classico/ent/episodios/ent061-3.jpg]
[www.trekbrasilis.org/classico/ent/episodios/ent061-5.jpg]
[www.trekbrasilis.org/classico/ent/episodios/ent061.htm]
[www.trekbrasilis.org/classico/ent/episodios/ent062-2.jpg]
[www.trekbrasilis.org/classico/ent/episodios/ent062-3.jpg]
[www.trekbrasilis.org/classico/ent/episodios/ent062.htm]
[www.trekbrasilis.org/classico/ent/episodios/ent064.jpg]
[www.trekbrasilis.org/classico/ent/episodios/ent064-1.jpg]
[www.trekbrasilis.org/classico/ent/episodios/ent064-2.jpg]
[www.trekbrasilis.org/classico/ent/episodios/ent064-3.jpg]
[www.trekbrasilis.org/classico/ent/episodios/ent064.htm]
[www.trekbrasilis.org/classico/ent/episodios/ent065.jpg]
[www.trekbrasilis.org/classico/ent/episodios/ent065-3.jpg]
[www.trekbrasilis.org/classico/ent/episodios/ent065-4.jpg]
[www.trekbrasilis.org/classico/ent/episodios/ent065.htm]
[www.trekbrasilis.org/classico/ent/episodios/ent066.jpg]
[www.trekbrasilis.org/classico/ent/episodios/ent066-1.jpg]
[www.trekbrasilis.org/classico/ent/episodios/ent066-2.jpg]
[www.trekbrasilis.org/classico/ent/episodios/ent066-3.jpg]
[www.trekbrasilis.org/classico/ent/episodios/ent066.htm]
[www.trekbrasilis.org/classico/ent/episodios/ent067.jpg]
[www.trekbrasilis.org/classico/ent/episodios/ent067-1.jpg]
[www.trekbrasilis.org/classico/ent/episodios/ent067-2.jpg]
[www.trekbrasilis.org/classico/ent/episodios/ent067-3.jpg]
[www.trekbrasilis.org/classico/ent/episodios/ent067-4.jpg]
[www.trekbrasilis.org/classico/ent/episodios/ent067.htm]
[www.trekbrasilis.org/classico/ent/episodios/ent068.jpg]
[www.trekbrasilis.org/classico/ent/episodios/ent068-1.jpg]
[www.trekbrasilis.org/classico/ent/episodios/ent068-4.jpg]
[www.trekbrasilis.org/classico/ent/episodios/ent068.htm]
[www.trekbrasilis.org/classico/ent/episodios/ent069.jpg]
[www.trekbrasilis.org/classico/ent/episodios/ent069-1.jpg]
[www.trekbrasilis.org/classico/ent/episodios/ent069-2.jpg]
[www.trekbrasilis.org/classico/ent/episodios/ent069-3.jpg]
[www.trekbrasilis.org/classico/ent/episodios/ent069-4.jpg]
[www.trekbrasilis.org/classico/ent/episodios/ent069-5.jpg]
[www.trekbrasilis.org/classico/ent/episodios/ent069.htm]
[www.trekbrasilis.org/classico/ent/episodios/ent070.jpg]
[www.trekbrasilis.org/classico/ent/episodios/ent070-1.jpg]
[www.trekbrasilis.org/classico/ent/episodios/ent070-2.jpg]
[www.trekbrasilis.org/classico/ent/episodios/ent070-4.jpg]
[www.trekbrasilis.org/classico/ent/episodios/ent070-5.jpg]
[www.trekbrasilis.org/classico/ent/episodios/ent070.htm]
[www.trekbrasilis.org/classico/ent/episodios/ent071.jpg]
[www.trekbrasilis.org/classico/ent/episodios/ent071-1.jpg]
[www.trekbrasilis.org/classico/ent/episodios/ent071-2.jpg]
[www.trekbrasilis.org/classico/ent/episodios/ent071-3.jpg]
[www.trekbrasilis.org/classico/ent/episodios/ent071-4.jpg]
[www.trekbrasilis.org/classico/ent/episodios/ent071.htm]
[www.trekbrasilis.org/classico/ent/episodios/ent072.jpg]
[www.trekbrasilis.org/classico/ent/episodios/ent072-2.jpg]
[www.trekbrasilis.org/classico/ent/episodios/ent072-3.jpg]
[www.trekbrasilis.org/classico/ent/episodios/ent072-4.jpg]
[www.trekbrasilis.org/classico/ent/episodios/ent072-5.jpg]
[www.trekbrasilis.org/classico/ent/episodios/ent072.htm]
[www.trekbrasilis.org/classico/ent/episodios/ent073.jpg]
[www.trekbrasilis.org/classico/ent/episodios/ent073-1.jpg]
[www.trekbrasilis.org/classico/ent/episodios/ent073-3.jpg]
[www.trekbrasilis.org/classico/ent/episodios/ent073-4.jpg]
[www.trekbrasilis.org/classico/ent/episodios/ent073-6.jpg]
[www.trekbrasilis.org/classico/ent/episodios/ent073-7.jpg]
[www.trekbrasilis.org/classico/ent/episodios/ent073.htm]
[www.trekbrasilis.org/classico/ent/episodios/ent074-2.jpg]
[www.trekbrasilis.org/classico/ent/episodios/ent074-4.jpg]
[www.trekbrasilis.org/classico/ent/episodios/ent074-5.jpg]
[www.trekbrasilis.org/classico/ent/episodios/ent074-6.jpg]
[www.trekbrasilis.org/classico/ent/episodios/ent074.htm]
[www.trekbrasilis.org/classico/ent/episodios/ent075.jpg]
[www.trekbrasilis.org/classico/ent/episodios/ent075-2.jpg]
[www.trekbrasilis.org/classico/ent/episodios/ent075-4.jpg]
[www.trekbrasilis.org/classico/ent/episodios/ent075-6.jpg]
[www.trekbrasilis.org/classico/ent/episodios/ent075.htm]
[www.trekbrasilis.org/classico/ent/episodios/ent076-1.jpg]
[www.trekbrasilis.org/classico/ent/episodios/ent076-3.jpg]
[www.trekbrasilis.org/classico/ent/episodios/ent076.htm]
[www.trekbrasilis.org/classico/ent/episodios/ent077-1.jpg]
[www.trekbrasilis.org/classico/ent/episodios/ent077-3.jpg]
[www.trekbrasilis.org/classico/ent/episodios/ent077-5.jpg]
[www.trekbrasilis.org/classico/ent/episodios/ent077-7.jpg]
[www.trekbrasilis.org/classico/ent/episodios/ent077.htm]
[www.trekbrasilis.org/classico/ent/episodios/ent078-2.jpg]
[www.trekbrasilis.org/classico/ent/episodios/ent078-3.jpg]
[www.trekbrasilis.org/classico/ent/episodios/ent078-4.jpg]
[www.trekbrasilis.org/classico/ent/episodios/ent078.htm]
[www.trekbrasilis.org/classico/ent/episodios/ent079.jpg]
[www.trekbrasilis.org/classico/ent/episodios/ent079-2.jpg]
[www.trekbrasilis.org/classico/ent/episodios/ent079-5.jpg]
[www.trekbrasilis.org/classico/ent/episodios/ent079.htm]
[www.trekbrasilis.org/classico/ent/producao/diario1-1.jpg]
[www.trekbrasilis.org/classico/ent/producao/diario1-2.jpg]
[www.trekbrasilis.org/classico/ent/producao/diario1-3.jpg]
[www.trekbrasilis.org/classico/ent/producao/diario1-4.jpg]
[www.trekbrasilis.org/classico/ent/producao/diario1-5.jpg]
[www.trekbrasilis.org/classico/ent/producao/diario1-6.jpg]
[www.trekbrasilis.org/classico/ent/producao/diario1.htm]
[www.trekbrasilis.org/classico/ent/producao/diario2-2.jpg]
[www.trekbrasilis.org/classico/ent/producao/diario2-3.jpg]
[www.trekbrasilis.org/classico/ent/producao/diario2-4.jpg]
[www.trekbrasilis.org/classico/ent/producao/diario2-5.jpg]
[www.trekbrasilis.org/classico/ent/producao/diario2-6.jpg]
[www.trekbrasilis.org/classico/ent/producao/diario2-7.jpg]
[www.trekbrasilis.org/classico/ent/producao/diario2-8.jpg]
[www.trekbrasilis.org/classico/ent/producao/diario2-9.jpg]
[www.trekbrasilis.org/classico/ent/producao/diario2.htm]
[www.trekbrasilis.org/classico/ent/producao/diario3-1.jpg]
[www.trekbrasilis.org/classico/ent/producao/diario3-2.jpg]
[www.trekbrasilis.org/classico/ent/producao/diario3-3.jpg]
[www.trekbrasilis.org/classico/ent/producao/diario3-5.jpg]
[www.trekbrasilis.org/classico/ent/producao/diario3-6.jpg]
[www.trekbrasilis.org/classico/ent/producao/diario3-7.jpg]
[www.trekbrasilis.org/classico/ent/producao/diario3-8.jpg]
[www.trekbrasilis.org/classico/ent/producao/diario3-9.jpg]
[www.trekbrasilis.org/classico/ent/producao/diario3-10.jpg]
[www.trekbrasilis.org/classico/ent/producao/diario3.htm]
[www.trekbrasilis.org/classico/ent/producao/diario4-2.jpg]
[www.trekbrasilis.org/classico/ent/producao/diario4-4.jpg]
[www.trekbrasilis.org/classico/ent/producao/diario4.htm]
[www.trekbrasilis.org/classico/ent/producao/bakula1.jpg]
[www.trekbrasilis.org/classico/ent/producao/bakula2.jpg]
[www.trekbrasilis.org/classico/ent/producao/bakula.htm]
[www.trekbrasilis.org/classico/ent/producao/blalock2.jpg]
[www.trekbrasilis.org/classico/ent/producao/blalock.htm]
[www.trekbrasilis.org/classico/ent/producao/trinneer1.jpg]
[www.trekbrasilis.org/classico/ent/producao/trinneer2.jpg]
[www.trekbrasilis.org/classico/ent/producao/trinneer.htm]
[www.trekbrasilis.org/classico/ent/producao/keating2.jpg]
[www.trekbrasilis.org/classico/ent/producao/keating.htm]
[www.trekbrasilis.org/classico/ent/producao/billingsley1.jpg]
[www.trekbrasilis.org/classico/ent/producao/billingsley2.jpg]
[www.trekbrasilis.org/classico/ent/producao/billingsley.htm]
[www.trekbrasilis.org/classico/ent/producao/park2.jpg]
[www.trekbrasilis.org/classico/ent/producao/park.htm]
[www.trekbrasilis.org/classico/ent/producao/montgomery2.jpg]
[www.trekbrasilis.org/classico/ent/producao/montgomery.htm]
[www.trekbrasilis.org/classico/ent/especiais/threshold4.jpg]
[www.trekbrasilis.org/classico/ent/especiais/threshold1.jpg]
[www.trekbrasilis.org/classico/ent/especiais/threshold2.jpg]
[www.trekbrasilis.org/classico/ent/especiais/threshold5.jpg]
[www.trekbrasilis.org/classico/ent/especiais/threshold.htm]
[www.trekbrasilis.org/classico/ent/especiais/csi.htm]
[www.trekbrasilis.org/classico/ent/especiais/romulanos1.jpg]
[www.trekbrasilis.org/classico/ent/especiais/romulanos3.jpg]
[www.trekbrasilis.org/classico/ent/especiais/romulanos2.jpg]
[www.trekbrasilis.org/classico/ent/especiais/romulanos4.jpg]
[www.trekbrasilis.org/classico/ent/especiais/romulanos7.jpg]
[www.trekbrasilis.org/classico/ent/especiais/romulanos6.jpg]
[www.trekbrasilis.org/classico/ent/especiais/romulanos9.jpg]
[www.trekbrasilis.org/classico/ent/especiais/romulanos.htm]
[www.trekbrasilis.org/classico/ent/especiais/entdvd1-6.jpg]
[www.trekbrasilis.org/classico/ent/especiais/entdvd1-4.jpg]
[www.trekbrasilis.org/classico/ent/especiais/entdvd1-8.jpg]
[www.trekbrasilis.org/classico/ent/especiais/dvd1season.htm]
[www.trekbrasilis.org/classico/filmes/coluna/index.htm]
[www.trekbrasilis.org/classico/filmes/coluna/index.htm]
[www.trekbrasilis.org/classico/filmes/coluna/coluna26.htm]
[www.trekbrasilis.org/classico/filmes/coluna/coluna25.htm]
[www.trekbrasilis.org/classico/filmes/coluna/coluna24-2.jpg]
[www.trekbrasilis.org/classico/filmes/coluna/coluna24-4.jpg]
[www.trekbrasilis.org/classico/filmes/coluna/coluna24-5.jpg]
[www.trekbrasilis.org/classico/filmes/coluna/coluna24.htm]
[www.trekbrasilis.org/classico/filmes/coluna/coluna23-1.jpg]
[www.trekbrasilis.org/classico/filmes/coluna/coluna23-2.jpg]
[www.trekbrasilis.org/classico/filmes/coluna/coluna23-3.jpg]
[www.trekbrasilis.org/classico/filmes/coluna/coluna23-4.jpg]
[www.trekbrasilis.org/classico/filmes/coluna/coluna23.htm]
[www.trekbrasilis.org/classico/filmes/coluna/coluna22-1.jpg]
[www.trekbrasilis.org/classico/filmes/coluna/coluna22-2.jpg]
[www.trekbrasilis.org/classico/filmes/coluna/coluna22-3.jpg]
[www.trekbrasilis.org/classico/filmes/coluna/coluna22-4.jpg]
[www.trekbrasilis.org/classico/filmes/coluna/coluna22-5.jpg]
[www.trekbrasilis.org/classico/filmes/coluna/coluna22.htm]
[www.trekbrasilis.org/classico/filmes/coluna/coluna21-1.jpg]
[www.trekbrasilis.org/classico/filmes/coluna/coluna21-4.jpg]
[www.trekbrasilis.org/classico/filmes/coluna/coluna21-2.jpg]
[www.trekbrasilis.org/classico/filmes/coluna/coluna21-3.jpg]
[www.trekbrasilis.org/classico/filmes/coluna/coluna21.htm]
[www.trekbrasilis.org/classico/filmes/coluna/coluna20-2.jpg]
[www.trekbrasilis.org/classico/filmes/coluna/coluna20-3.jpg]
[www.trekbrasilis.org/classico/filmes/coluna/coluna20.htm]
[www.trekbrasilis.org/classico/filmes/coluna/coluna19-1.jpg]
[www.trekbrasilis.org/classico/filmes/coluna/coluna19-5.jpg]
[www.trekbrasilis.org/classico/filmes/coluna/coluna19-2.jpg]
[www.trekbrasilis.org/classico/filmes/coluna/coluna19-4.jpg]
[www.trekbrasilis.org/classico/filmes/coluna/coluna19-6.jpg]
[www.trekbrasilis.org/classico/filmes/coluna/coluna19.htm]
[www.trekbrasilis.org/classico/filmes/coluna/coluna18-1.jpg]
[www.trekbrasilis.org/classico/filmes/coluna/coluna18-2.jpg]
[www.trekbrasilis.org/classico/filmes/coluna/coluna18-3.jpg]
[www.trekbrasilis.org/classico/filmes/coluna/coluna18-5.jpg]
[www.trekbrasilis.org/classico/filmes/coluna/coluna18.htm]
[www.trekbrasilis.org/classico/filmes/coluna/coluna17-5.jpg]
[www.trekbrasilis.org/classico/filmes/coluna/coluna17-1.jpg]
[www.trekbrasilis.org/classico/filmes/coluna/coluna17-2.jpg]
[www.trekbrasilis.org/classico/filmes/coluna/coluna17.htm]
[www.trekbrasilis.org/classico/filmes/coluna/coluna16-2.jpg]
[www.trekbrasilis.org/classico/filmes/coluna/coluna16-3.jpg]
[www.trekbrasilis.org/classico/filmes/coluna/coluna16-4.jpg]
[www.trekbrasilis.org/classico/filmes/coluna/coluna16-5.jpg]
[www.trekbrasilis.org/classico/filmes/coluna/coluna16.htm]
[www.trekbrasilis.org/classico/filmes/coluna/coluna15-1.jpg]
[www.trekbrasilis.org/classico/filmes/coluna/coluna15-2.jpg]
[www.trekbrasilis.org/classico/filmes/coluna/coluna15-3.jpg]
[www.trekbrasilis.org/classico/filmes/coluna/coluna15-4.jpg]
[www.trekbrasilis.org/classico/filmes/coluna/coluna15-5.jpg]
[www.trekbrasilis.org/classico/filmes/coluna/coluna15.htm]
[www.trekbrasilis.org/classico/filmes/coluna/coluna14-1.jpg]
[www.trekbrasilis.org/classico/filmes/coluna/coluna14-2.jpg]
[www.trekbrasilis.org/classico/filmes/coluna/coluna14-3.jpg]
[www.trekbrasilis.org/classico/filmes/coluna/coluna14-5.jpg]
[www.trekbrasilis.org/classico/filmes/coluna/coluna14-6.jpg]
[www.trekbrasilis.org/classico/filmes/coluna/coluna14.htm]
[www.trekbrasilis.org/classico/filmes/coluna/coluna13-1.jpg]
[www.trekbrasilis.org/classico/filmes/coluna/coluna13-2.jpg]
[www.trekbrasilis.org/classico/filmes/coluna/coluna13-3.jpg]
[www.trekbrasilis.org/classico/filmes/coluna/coluna13.htm]
[www.trekbrasilis.org/classico/filmes/coluna/coluna12-2.jpg]
[www.trekbrasilis.org/classico/filmes/coluna/coluna12-1.jpg]
[www.trekbrasilis.org/classico/filmes/coluna/coluna12-3.jpg]
[www.trekbrasilis.org/classico/filmes/coluna/coluna12-4.jpg]
[www.trekbrasilis.org/classico/filmes/coluna/coluna12.htm]
[www.trekbrasilis.org/classico/filmes/coluna/coluna11.htm]
[www.trekbrasilis.org/classico/filmes/coluna/coluna10-1.jpg]
[www.trekbrasilis.org/classico/filmes/coluna/coluna10-2.jpg]
[www.trekbrasilis.org/classico/filmes/coluna/coluna10-3.jpg]
[www.trekbrasilis.org/classico/filmes/coluna/coluna10-4.jpg]
[www.trekbrasilis.org/classico/filmes/coluna/coluna10-5.jpg]
[www.trekbrasilis.org/classico/filmes/coluna/coluna10-6.jpg]
[www.trekbrasilis.org/classico/filmes/coluna/coluna10-8.jpg]
[www.trekbrasilis.org/classico/filmes/coluna/coluna10.htm]
[www.trekbrasilis.org/classico/filmes/coluna/coluna9-1.jpg]
[www.trekbrasilis.org/classico/filmes/coluna/coluna9-3.jpg]
[www.trekbrasilis.org/classico/filmes/coluna/coluna9-5.jpg]
[www.trekbrasilis.org/classico/filmes/coluna/coluna9-7.jpg]
[www.trekbrasilis.org/classico/filmes/coluna/coluna9-4.jpg]
[www.trekbrasilis.org/classico/filmes/coluna/coluna9.htm]
[www.trekbrasilis.org/classico/filmes/coluna/coluna8-1.jpg]
[www.trekbrasilis.org/classico/filmes/coluna/coluna8-2.jpg]
[www.trekbrasilis.org/classico/filmes/coluna/coluna8-4.jpg]
[www.trekbrasilis.org/classico/filmes/coluna/coluna8-5.jpg]
[www.trekbrasilis.org/classico/filmes/coluna/coluna8-6.jpg]
[www.trekbrasilis.org/classico/filmes/coluna/coluna8-7.jpg]
[www.trekbrasilis.org/classico/filmes/coluna/coluna8.htm]
[www.trekbrasilis.org/classico/filmes/coluna/coluna7-1.jpg]
[www.trekbrasilis.org/classico/filmes/coluna/coluna7-2.jpg]
[www.trekbrasilis.org/classico/filmes/coluna/coluna7-3.jpg]
[www.trekbrasilis.org/classico/filmes/coluna/coluna7.htm]
[www.trekbrasilis.org/classico/filmes/coluna/coluna6-1.jpg]
[www.trekbrasilis.org/classico/filmes/coluna/coluna6-5.jpg]
[www.trekbrasilis.org/classico/filmes/coluna/coluna6-6.jpg]
[www.trekbrasilis.org/classico/filmes/coluna/coluna6.htm]
[www.trekbrasilis.org/classico/filmes/coluna/coluna5-1.jpg]
[www.trekbrasilis.org/classico/filmes/coluna/coluna5-3.jpg]
[www.trekbrasilis.org/classico/filmes/coluna/coluna5-4.jpg]
[www.trekbrasilis.org/classico/filmes/coluna/coluna5-2.jpg]
[www.trekbrasilis.org/classico/filmes/coluna/coluna5-5.jpg]
[www.trekbrasilis.org/classico/filmes/coluna/coluna5-6.jpg]
[www.trekbrasilis.org/classico/filmes/coluna/coluna5-7.jpg]
[www.trekbrasilis.org/classico/filmes/coluna/coluna5.htm]
[www.trekbrasilis.org/classico/filmes/coluna/coluna4-1.jpg]
[www.trekbrasilis.org/classico/filmes/coluna/coluna4-2.jpg]
[www.trekbrasilis.org/classico/filmes/coluna/coluna4-3.jpg]
[www.trekbrasilis.org/classico/filmes/coluna/coluna4-4.jpg]
[www.trekbrasilis.org/classico/filmes/coluna/coluna4-5.jpg]
[www.trekbrasilis.org/classico/filmes/coluna/coluna4-6.jpg]
[www.trekbrasilis.org/classico/filmes/coluna/coluna4.htm]
[www.trekbrasilis.org/classico/filmes/coluna/coluna3-1.jpg]
[www.trekbrasilis.org/classico/filmes/coluna/coluna3-3.jpg]
[www.trekbrasilis.org/classico/filmes/coluna/coluna3-4.jpg]
[www.trekbrasilis.org/classico/filmes/coluna/coluna3.htm]
[www.trekbrasilis.org/classico/filmes/coluna/coluna2.htm]
[www.trekbrasilis.org/classico/filmes/coluna/coluna1.htm]
[www.trekbrasilis.org/classico/filmes/episodios/tmp/menu.jpg]
[www.trekbrasilis.org/classico/filmes/episodios/tmp/comentarios.htm]
[www.trekbrasilis.org/classico/filmes/episodios/tmp/citacoes.htm]
[www.trekbrasilis.org/classico/filmes/episodios/tmp/efeitos.htm]
[www.trekbrasilis.org/classico/filmes/episodios/tmp/trivia.htm]
[www.trekbrasilis.org/classico/filmes/episodios/tmp/ficha.htm]
[www.trekbrasilis.org/classico/filmes/episodios/tmp/dvd.htm]
[www.trekbrasilis.org/classico/filmes/episodios/tmp/aventura.htm]
[www.trekbrasilis.org/classico/filmes/episodios/tmp/index.htm]
[www.trekbrasilis.org/classico/filmes/episodios/twok/twok.jpg]
[www.trekbrasilis.org/classico/filmes/episodios/twok/ficha.htm]
[www.trekbrasilis.org/classico/filmes/episodios/twok/sinopse.htm]
[www.trekbrasilis.org/classico/filmes/episodios/twok/trivia.htm]
[www.trekbrasilis.org/classico/filmes/episodios/twok/citacoes.htm]
[www.trekbrasilis.org/classico/filmes/episodios/twok/comentarios.htm]
[www.trekbrasilis.org/classico/filmes/episodios/twok/dvd.htm]
[www.trekbrasilis.org/classico/filmes/episodios/twok/trilha.htm]
[www.trekbrasilis.org/classico/filmes/episodios/twok/efeitos.htm]
[www.trekbrasilis.org/classico/filmes/episodios/twok/melhor.htm]
[www.trekbrasilis.org/classico/filmes/episodios/twok/menu.jpg]
[www.trekbrasilis.org/classico/filmes/episodios/twok/index.htm]
[www.trekbrasilis.org/classico/filmes/episodios/tsfs/morte.htm]
[www.trekbrasilis.org/classico/filmes/episodios/tsfs/citacoes.htm]
[www.trekbrasilis.org/classico/filmes/episodios/tsfs/trilha.htm]
[www.trekbrasilis.org/classico/filmes/episodios/tsfs/dvd.htm]
[www.trekbrasilis.org/classico/filmes/episodios/tsfs/efeitos.htm]
[www.trekbrasilis.org/classico/filmes/episodios/tsfs/trivia.htm]
[www.trekbrasilis.org/classico/filmes/episodios/tsfs/sinopse.htm]
[www.trekbrasilis.org/classico/filmes/episodios/tsfs/ficha.htm]
[www.trekbrasilis.org/classico/filmes/episodios/tsfs/menu.jpg]
[www.trekbrasilis.org/classico/filmes/episodios/tsfs/index.htm]
[www.trekbrasilis.org/classico/filmes/episodios/tvh/comentarios.htm]
[www.trekbrasilis.org/classico/filmes/episodios/tvh/sinopse.htm]
[www.trekbrasilis.org/classico/filmes/episodios/tvh/citacoes.htm]
[www.trekbrasilis.org/classico/filmes/episodios/tvh/trivia.htm]
[www.trekbrasilis.org/classico/filmes/episodios/tvh/trilha.htm]
[www.trekbrasilis.org/classico/filmes/episodios/tvh/efeitos.htm]
[www.trekbrasilis.org/classico/filmes/episodios/tvh/ficha.htm]
[www.trekbrasilis.org/classico/filmes/episodios/tvh/dvd.htm]
[www.trekbrasilis.org/classico/filmes/episodios/tvh/amigos.htm]
[www.trekbrasilis.org/classico/filmes/episodios/tvh/menu.jpg]
[www.trekbrasilis.org/classico/filmes/episodios/tvh/index.htm]
[www.trekbrasilis.org/classico/filmes/producao/ent-refit2.jpg]
[www.trekbrasilis.org/classico/filmes/producao/ent-refit10.jpg]
[www.trekbrasilis.org/classico/filmes/producao/ent-refit9.jpg]
[www.trekbrasilis.org/classico/filmes/producao/ent-refit4.jpg]
[www.trekbrasilis.org/classico/filmes/producao/ent-refit8.jpg]
[www.trekbrasilis.org/classico/filmes/producao/ent-refit6.jpg]
[www.trekbrasilis.org/classico/filmes/producao/ent-refit3.jpg]
[www.trekbrasilis.org/classico/filmes/producao/enterprisecinema.htm]
[www.trekbrasilis.org/classico/filmes/producao/ent-e2.jpg]
[www.trekbrasilis.org/classico/filmes/producao/ent-e3.jpg]
[www.trekbrasilis.org/classico/filmes/producao/ent-e5.jpg]
[www.trekbrasilis.org/classico/filmes/producao/ent-e8.jpg]
[www.trekbrasilis.org/classico/filmes/producao/ent-e10.jpg]
[www.trekbrasilis.org/classico/filmes/producao/enterprise-e.htm]
[www.trekbrasilis.org/classico/filmes/producao/generations1.jpg]
[www.trekbrasilis.org/classico/filmes/producao/generations2.jpg]
[www.trekbrasilis.org/classico/filmes/producao/generationsfilme.jpg]
[www.trekbrasilis.org/classico/filmes/producao/generations5.jpg]
[www.trekbrasilis.org/classico/filmes/producao/finalgenerations.htm]
[www.trekbrasilis.org/classico/filmes/especiais/khancapa.jpg]
[www.trekbrasilis.org/classico/filmes/especiais/khan1.avi]
[www.trekbrasilis.org/classico/filmes/especiais/khan2.jpg]
[www.trekbrasilis.org/classico/filmes/especiais/khan2.17cf.delayed]
[www.trekbrasilis.org/classico/filmes/especiais/khan3.jpg]
[www.trekbrasilis.org/classico/filmes/especiais/khan4.jpg]
[www.trekbrasilis.org/classico/filmes/especiais/khan4.17d3.delayed]
[www.trekbrasilis.org/classico/filmes/especiais/khan5.jpg]
[www.trekbrasilis.org/classico/filmes/especiais/khan5.17d5.delayed]
[www.trekbrasilis.org/classico/filmes/especiais/khan6.jpg]
[www.trekbrasilis.org/classico/filmes/especiais/khan6.17d7.delayed]
[www.trekbrasilis.org/classico/filmes/especiais/khan7.jpg]
[www.trekbrasilis.org/classico/filmes/especiais/khan7.17d9.delayed]
[www.trekbrasilis.org/classico/filmes/especiais/khan8.jpg]
[www.trekbrasilis.org/classico/filmes/especiais/khan9.jpg]
[www.trekbrasilis.org/classico/filmes/especiais/khan9.17dd.delayed]
[www.trekbrasilis.org/classico/filmes/especiais/khan10.jpg]
[www.trekbrasilis.org/classico/filmes/especiais/khandiretor.htm]
[www.trekbrasilis.org/classico/filmes/especiais/st9capat.jpg]
[www.trekbrasilis.org/classico/filmes/especiais/st9indicet.jpg]
[www.trekbrasilis.org/classico/filmes/especiais/st9dvd.htm]
[www.trekbrasilis.org/classico/filmes/especiais/st6capat.jpg]
[www.trekbrasilis.org/classico/filmes/especiais/st6super35.jpg]
[www.trekbrasilis.org/classico/filmes/especiais/st6st8tv.jpg]
[www.trekbrasilis.org/classico/filmes/especiais/st6st8tvwide.jpg]
[www.trekbrasilis.org/classico/filmes/especiais/st6st8tvwide2.jpg]
[www.trekbrasilis.org/classico/filmes/especiais/st6dvd.htm]
[www.trekbrasilis.org/classico/filmes/especiais/st5versot.jpg]
[www.trekbrasilis.org/classico/filmes/especiais/st5dvd.htm]
[www.trekbrasilis.org/classico/filmes/especiais/st4capat.jpg]
[www.trekbrasilis.org/classico/filmes/especiais/st4cena1.jpg]
[www.trekbrasilis.org/classico/filmes/especiais/st4dvd.htm]
[www.trekbrasilis.org/classico/filmes/especiais/st3cena1.jpg]
[www.trekbrasilis.org/classico/filmes/especiais/st3cena2.jpg]
[www.trekbrasilis.org/classico/filmes/especiais/st3dvd.htm]
[www.trekbrasilis.org/classico/universo/universotitulo.gif]
[www.trekbrasilis.org/classico/universo/livros/historia1.jpg]
[www.trekbrasilis.org/classico/universo/livros/historia5.jpg]
[www.trekbrasilis.org/classico/universo/livros/historia4.jpg]
[www.trekbrasilis.org/classico/universo/livros/historia6.jpg]
[www.trekbrasilis.org/classico/universo/livros/historia11.jpg]
[www.trekbrasilis.org/classico/universo/livros/historia7.jpg]
[www.trekbrasilis.org/classico/universo/livros/historia8.jpg]
[www.trekbrasilis.org/classico/universo/livros/historia9.jpg]
[www.trekbrasilis.org/classico/universo/livros/historia10.jpg]
[www.trekbrasilis.org/classico/universo/livros/historia.htm]
[www.trekbrasilis.org/classico/universo/livros/portal do tempo.jpg]
[www.trekbrasilis.org/classico/universo/livros/portaldotempo.htm]
[www.trekbrasilis.org/classico/universo/livros/Fairpoint.gif]
[www.trekbrasilis.org/classico/universo/livros/encontroemfarpoint.htm]
[www.trekbrasilis.org/classico/universo/livros/farpoint original.jpg]
[www.trekbrasilis.org/classico/universo/livros/entropia.jpg]
[www.trekbrasilis.org/classico/universo/livros/entropia original.jpg]
[www.trekbrasilis.org/classico/universo/livros/efeitoentropia.htm]
[www.trekbrasilis.org/classico/universo/livros/star trek 6.jpg]
[www.trekbrasilis.org/classico/universo/livros/star trek 6 original.jpg]
[www.trekbrasilis.org/classico/universo/livros/terradesconhecida.htm]
[www.trekbrasilis.org/classico/universo/livros/livesofdax.jpg]
[www.trekbrasilis.org/classico/universo/livros/livesofdax.htm]
[www.trekbrasilis.org/classico/universo/livros/gauntlet.htm]
[www.trekbrasilis.org/classico/universo/livros/serpent.jpg]
[www.trekbrasilis.org/classico/universo/livros/serpents.htm]
[www.trekbrasilis.org/classico/universo/livros/eugenicwars.htm]
[www.trekbrasilis.org/classico/universo/livros/eugenicwars-2.jpg]
[www.trekbrasilis.org/classico/universo/livros/eugenicwars3.jpg]
[www.trekbrasilis.org/classico/universo/livros/eugenicwars1.jpg]
[www.trekbrasilis.org/classico/universo/livros/eugenicwars6.jpg]
[www.trekbrasilis.org/classico/universo/livros/eugenicwars8.jpg]
[www.trekbrasilis.org/classico/universo/livros/eugenicwars2.htm]
[www.trekbrasilis.org/classico/universo/livros/articles.jpg]
[www.trekbrasilis.org/classico/universo/livros/articles.htm]
[www.trekbrasilis.org/classico/universo/livros/federation.htm]
[www.trekbrasilis.org/classico/universo/livros/federation2.jpg]
[www.trekbrasilis.org/classico/universo/livros/sketchbook01.jpg]
[www.trekbrasilis.org/classico/universo/livros/sketchbook03.jpg]
[www.trekbrasilis.org/classico/universo/livros/sketchbook05.jpg]
[www.trekbrasilis.org/classico/universo/livros/sketchbook.htm]
[www.trekbrasilis.org/classico/universo/quadrinhos/historia1.jpg]
[www.trekbrasilis.org/classico/universo/quadrinhos/historia3.jpg]
[www.trekbrasilis.org/classico/universo/quadrinhos/historia5.jpg]
[www.trekbrasilis.org/classico/universo/quadrinhos/historia9.jpg]
[www.trekbrasilis.org/classico/universo/quadrinhos/historia10.jpg]
[www.trekbrasilis.org/classico/universo/quadrinhos/historia7.jpg]
[www.trekbrasilis.org/classico/universo/quadrinhos/historia11.jpg]
[www.trekbrasilis.org/classico/universo/quadrinhos/historia12.jpg]
[www.trekbrasilis.org/classico/universo/quadrinhos/historia13.jpg]
[www.trekbrasilis.org/classico/universo/quadrinhos/historia.htm]
[www.trekbrasilis.org/classico/universo/quadrinhos/dividadehonra.jpg]
[www.trekbrasilis.org/classico/universo/quadrinhos/dividadehonra.htm]
[www.trekbrasilis.org/classico/universo/quadrinhos/goldkey2.gif]
[www.trekbrasilis.org/classico/universo/quadrinhos/goldkey3.jpg]
[www.trekbrasilis.org/classico/universo/quadrinhos/goldkey5.jpg]
[www.trekbrasilis.org/classico/universo/quadrinhos/goldkey7.gif]
[www.trekbrasilis.org/classico/universo/quadrinhos/goldkey8.gif]
[www.trekbrasilis.org/classico/universo/quadrinhos/goldkey9.gif]
[www.trekbrasilis.org/classico/universo/quadrinhos/goldkey10.gif]
[www.trekbrasilis.org/classico/universo/quadrinhos/goldkey11.gif]
[www.trekbrasilis.org/classico/universo/quadrinhos/goldkey13.jpg]
[www.trekbrasilis.org/classico/universo/quadrinhos/goldkey15.jpg]
[www.trekbrasilis.org/classico/universo/quadrinhos/goldkey16.jpg]
[www.trekbrasilis.org/classico/universo/quadrinhos/goldkey17.jpg]
[www.trekbrasilis.org/classico/universo/quadrinhos/goldkey20.jpg]
[www.trekbrasilis.org/classico/universo/quadrinhos/goldkey22.jpg]
[www.trekbrasilis.org/classico/universo/quadrinhos/goldkey23.jpg]
[www.trekbrasilis.org/classico/universo/quadrinhos/goldkey25.jpg]
[www.trekbrasilis.org/classico/universo/quadrinhos/goldkey27.jpg]
[www.trekbrasilis.org/classico/universo/quadrinhos/goldkey29.jpg]
[www.trekbrasilis.org/classico/universo/quadrinhos/goldkey30.jpg]
[www.trekbrasilis.org/classico/universo/quadrinhos/goldkey31.jpg]
[www.trekbrasilis.org/classico/universo/quadrinhos/goldkey33.jpg]
[www.trekbrasilis.org/classico/universo/quadrinhos/goldkey.htm]
[www.trekbrasilis.org/classico/universo/memorabilia.gif]
[www.trekbrasilis.org/classico/enciclopedia/u.shtml]
[www.trekbrasilis.org/classico/universo/quadrinhos/startrekxmen01.jpg]
[www.trekbrasilis.org/classico/universo/quadrinhos/ev/sketches02.jpg]
[www.trekbrasilis.org/classico/universo/quadrinhos/genese.htm]
[www.trekbrasilis.org/classico/universo/quadrinhos/ev/livro1.jpg]
[www.trekbrasilis.org/classico/universo/quadrinhos/ev/livro2.jpg]
[www.trekbrasilis.org/classico/universo/quadrinhos/ev/livro3.jpg]
[www.trekbrasilis.org/classico/universo/quadrinhos/ev/livro4.jpg]
[www.trekbrasilis.org/classico/universo/quadrinhos/ev/livro5.jpg]
[www.trekbrasilis.org/classico/universo/quadrinhos/ev/livro6.jpg]
[www.trekbrasilis.org/classico/universo/quadrinhos/ev/livro7.jpg]
[www.trekbrasilis.org/classico/universo/quadrinhos/livros.htm]
[www.trekbrasilis.org/classico/universo/quadrinhos/abnett.htm]
[www.trekbrasilis.org/classico/universo/quadrinhos/pulido.htm]
[www.trekbrasilis.org/classico/universo/quadrinhos/gorncrisis1.jpg]
[www.trekbrasilis.org/classico/universo/livros/tales07.jpg]
[www.trekbrasilis.org/classico/universo/livros/tales04.jpg]
[www.trekbrasilis.org/classico/voy/episodios/voy065-9.html]
[www.trekbrasilis.org/classico/voy/episodios/cap4.htm]
[www.trekbrasilis.org/classico/tos/episodios/tos19.htm]
[www.trekbrasilis.org/classico/tos/episodios/tos19.jpg]
[www.trekbrasilis.org/classico/tos/episodios/tos19.htm]
[www.sitemeter.com/Js/flashfix.js]
[www.sitemeter.com/images/how_title.jpg]
[www.sitemeter.com/images/how_main.jpg]
[www.sitemeter.com/images/how_signup.jpg]
[www.sitemeter.com/images/how_dog.jpg]
[www.sitemeter.com/7de9.html]
[www.sitemeter.com/flash/basic_account/basic_account.swf]
[www.sitemeter.com/flash/basic_account/basic_account.html]
[www.sitemeter.com/14a7.html]
[www.sitemeter.com/previewmeter452b.gif]
[www.sitemeter.com/previewmeterf808.gif]
[www.sitemeter.com/images/RegularLogoV4.gif]
[www.sitemeter.com/previewmeter990b.gif]
[www.sitemeter.com/images/SmallLogoV4.gif]
[www.sitemeter.com/images/ButtonLogoV4.gif]
[www.sitemeter.com/images/PreviewLogoCountV4.gif]
[www.sitemeter.com/previewmeter9b5f.gif]
[www.sitemeter.com/previewmeter02b7.gif]
[www.sitemeter.com/previewmeter311a.gif]
[www.sitemeter.com/bc57.html]
[www.sitemeter.com/images/signup_title.jpg]
[www.sitemeter.com/images/guy_posing.jpg]
[www.sitemeter.com/images/signup_basic_option.gif]
[www.sitemeter.com/images/signup_options.jpg]
[www.sitemeter.com/images/signup_upgrade_option.jpg]
[www.sitemeter.com/images/upgrade_options.jpg]
[www.sitemeter.com/images/signup_premium_option.gif]
[www.sitemeter.com/images/msn2/take_me_there.jpg]
[www.sitemeter.com/0dd2.html]
[www.sitemeter.com/flash/premium_tour/premium_tour.swf]
[www.sitemeter.com/flash/premium_tour/premium_tour.html]
[www.sitemeter.com/9613.html]
[www.sitemeter.com/images/premprices_title.jpg]
[www.sitemeter.com/images/premprices_main.jpg]
[www.sitemeter.com/images/premprices_asterisk.jpg]
[www.sitemeter.com/images/premprices_leftbar.jpg]
[www.sitemeter.com/images/premprices_midbar.jpg]
[www.sitemeter.com/images/premprices_rtbar.jpg]
[www.sitemeter.com/images/table_premium_border.jpg]
[www.sitemeter.com/df37.html]
[www.sitemeter.com/images/comparision_title.jpg]
[www.sitemeter.com/images/comparison_info.jpg]
[www.sitemeter.com/images/comparison_mancounter-2.jpg]
[www.sitemeter.com/images/comparison_basic.jpg]
[www.sitemeter.com/images/checkmark.gif]
[www.sitemeter.com/images/comparison_rtcounter2.jpg]
[www.sitemeter.com/images/comparison_premium.jpg]
[www.sitemeter.com/a095.html]
[www.sitemeter.com/37e0.html]
[www.sitemeter.com/downloaded_feeds/sitemeter_rss_aggregator.css]
[www.sitemeter.com/images/theadventurelife.jpg]
[www.sitemeter.com/images/adventurelife06.jpg]
[www.sitemeter.com/index9756.html]
[www.sitemeter.com/e4c5.html]
[www.sitemeter.com/5e84.html]
[www.sitemeter.com/8d92.html]
[www.sitemeter.com/48b5.html]
[www.sitemeter.com/dd26.html]
[www.sitemeter.com/572e.html]
[www.sitemeter.com/65c1.html]
[www.sitemeter.com/b2fd.html]
[www.sitemeter.com/a03e.html]
[www.sitemeter.com/e41e.html]
[www.sitemeter.com/3a72.html]
[www.sitemeter.com/94f0.html]
[www.sitemeter.com/5346.html]
[www.sitemeter.com/5240.html]
[www.sitemeter.com/53e5.html]
[www.sitemeter.com/c191.html]
[www.sitemeter.com/c014.html]
[www.sitemeter.com/5d41.html]
[www.sitemeter.com/68e2.html]
[www.sitemeter.com/02af.html]
[www.sitemeter.com/a29e.html]
[www.sitemeter.com/d2b0.html]
[www.sitemeter.com/indexb6b1.html]
[www.sitemeter.com/c1f5.html]
[www.sitemeter.com/7f91.html]
[244.us/wp-includes/wlwmanifest.html]
[244.us/indexc471.html]
[244.us/adscb2c.gif]
[244.us/wp-content/themes/js/affclub/es/es_adplib.js]
[244.us/wp-content/themes/js/affclub/es/es.js]
[244.us/adsb1fb.html]
[244.us/ads0040.gif]
[244.us/ads7201.html]
[244.us/adsa0e6.gif]
[244.us/wp-content/themes/js/affclub/it/it_adplib.js]
[244.us/wp-content/themes/js/affclub/it/it.js]
[244.us/ads78bb.html]
[244.us/ads1769.gif]
[244.us/ads9f48.html]
[244.us/index2207.html]
[244.us/ads136e.gif]
[244.us/ads73f8.html]
[244.us/ads74f6.gif]
[244.us/ads799c.html]
[244.us/adsf8fb.gif]
[244.us/wp-content/themes/js/affclub/fr/fr_adplib.js]
[244.us/wp-content/themes/js/affclub/fr/fr.js]
[244.us/ads44df.html]
[244.us/ads2d64.gif]
[244.us/ads8527.html]
[244.us/ads4d1f.gif]
[244.us/adseadd.html]
[244.us/ads2230.gif]
[244.us/ads9a2e.html]
[244.us/adse35c.gif]
[244.us/adse15b.html]
[244.us/ads298b.gif]
[244.us/ads5f57.html]
[www.trekbrasilis.org/classico/guia/design8.jpg]
[www.trekbrasilis.org/classico/guia/design10.jpg]
[www.trekbrasilis.org/classico/guia/design12.jpg]
[www.trekbrasilis.org/classico/equipe/index.htm]
[www.trekbrasilis.org/classico/equipe/index.htm]
[www.trekbrasilis.org/classico/sn/meketrefe/meketrefelogo.gif]
[www.trekbrasilis.org/classico/sn/meketrefe/meketrefe.gif]
[www.trekbrasilis.org/classico/sn/meketrefe/meketrefen1.jpg]
[www.trekbrasilis.org/classico/sn/meketrefe/index.html]
[www.trekbrasilis.org/classico/sn/snogueira.jpg]
[www.trekbrasilis.org/classico/sn/autor.htm]
[www.trekbrasilis.org/classico/sn/rumoaoinfinito/index.shtml]
[www.trekbrasilis.org/classico/sn/rumoaoinfinito/1-1.jpg]
[www.trekbrasilis.org/classico/sn/rumoaoinfinito/1-2.jpg]
[www.trekbrasilis.org/classico/sn/rumoaoinfinito/1-4.jpg]
[www.trekbrasilis.org/classico/sn/rumoaoinfinito/1-6.jpg]
[www.trekbrasilis.org/classico/sn/rumoaoinfinito/1-9.jpg]
[www.trekbrasilis.org/classico/sn/rumoaoinfinito/1-10.jpg]
[www.trekbrasilis.org/classico/sn/rumoaoinfinito/1-12.jpg]
[www.trekbrasilis.org/classico/sn/rumoaoinfinito/capitulo1.shtml]
[www.trekbrasilis.org/classico/sn/rumoaoinfinito/2-3.jpg]
[www.trekbrasilis.org/classico/sn/rumoaoinfinito/2-4.jpg]
[www.trekbrasilis.org/classico/sn/rumoaoinfinito/2-6.jpg]
[www.trekbrasilis.org/classico/sn/rumoaoinfinito/capitulo2.shtml]
[www.trekbrasilis.org/classico/sn/rumoaoinfinito/3-1.jpg]
[www.trekbrasilis.org/classico/sn/rumoaoinfinito/3-2.jpg]
[www.trekbrasilis.org/classico/sn/rumoaoinfinito/3-3.jpg]
[www.trekbrasilis.org/classico/sn/rumoaoinfinito/3-4.jpg]
[www.trekbrasilis.org/classico/sn/rumoaoinfinito/3-7.jpg]
[www.trekbrasilis.org/classico/sn/rumoaoinfinito/3-9.jpg]
[www.trekbrasilis.org/classico/sn/rumoaoinfinito/3-10.jpg]
[www.trekbrasilis.org/classico/sn/rumoaoinfinito/3-11.jpg]
[www.trekbrasilis.org/classico/sn/rumoaoinfinito/capitulo3.shtml]
[www.trekbrasilis.org/classico/sn/rumoaoinfinito/4-1.jpg]
[www.trekbrasilis.org/classico/sn/rumoaoinfinito/4-2.jpg]
[www.trekbrasilis.org/classico/sn/rumoaoinfinito/4-3.jpg]
[www.trekbrasilis.org/classico/sn/rumoaoinfinito/4-5.jpg]
[www.trekbrasilis.org/classico/sn/rumoaoinfinito/4-7.jpg]
[www.trekbrasilis.org/classico/sn/rumoaoinfinito/4-10.jpg]
[www.trekbrasilis.org/classico/sn/rumoaoinfinito/4-11.jpg]
[www.trekbrasilis.org/classico/sn/rumoaoinfinito/4-18.jpg]
[www.trekbrasilis.org/classico/sn/rumoaoinfinito/4-14.jpg]
[www.trekbrasilis.org/classico/sn/rumoaoinfinito/4-16.jpg]
[www.trekbrasilis.org/classico/sn/rumoaoinfinito/capitulo4.shtml]
[www.trekbrasilis.org/classico/sn/rumoaoinfinito/5-1.jpg]
[www.trekbrasilis.org/classico/sn/rumoaoinfinito/5-4.jpg]
[www.trekbrasilis.org/classico/sn/rumoaoinfinito/5-6.jpg]
[www.trekbrasilis.org/classico/sn/rumoaoinfinito/5-7.jpg]
[www.trekbrasilis.org/classico/sn/rumoaoinfinito/5-9.jpg]
[www.trekbrasilis.org/classico/sn/rumoaoinfinito/5-11.jpg]
[www.trekbrasilis.org/classico/sn/rumoaoinfinito/5-12.jpg]
[www.trekbrasilis.org/classico/sn/rumoaoinfinito/5-14.jpg]
[www.trekbrasilis.org/classico/sn/rumoaoinfinito/5-15.jpg]
[www.trekbrasilis.org/classico/sn/rumoaoinfinito/5-17.jpg]
[www.trekbrasilis.org/classico/sn/rumoaoinfinito/capitulo5.shtml]
[www.trekbrasilis.org/classico/sn/rumoaoinfinito/6-1.jpg]
[www.trekbrasilis.org/classico/sn/rumoaoinfinito/6-3.jpg]
[www.trekbrasilis.org/classico/sn/rumoaoinfinito/6-5.jpg]
[www.trekbrasilis.org/classico/sn/rumoaoinfinito/6-7.jpg]
[www.trekbrasilis.org/classico/sn/rumoaoinfinito/6-8.jpg]
[www.trekbrasilis.org/classico/sn/rumoaoinfinito/6-12.jpg]
[www.trekbrasilis.org/classico/sn/rumoaoinfinito/6-13.jpg]
[www.trekbrasilis.org/classico/sn/rumoaoinfinito/6-14.jpg]
[www.trekbrasilis.org/classico/sn/rumoaoinfinito/6-15.jpg]
[www.trekbrasilis.org/classico/sn/rumoaoinfinito/6-16.jpg]
[www.trekbrasilis.org/classico/sn/rumoaoinfinito/6-17.jpg]
[www.trekbrasilis.org/classico/sn/rumoaoinfinito/6-18.jpg]
[www.trekbrasilis.org/classico/sn/rumoaoinfinito/capitulo6.shtml]
[www.trekbrasilis.org/classico/sn/rumoaoinfinito/7-1.jpg]
[www.trekbrasilis.org/classico/sn/rumoaoinfinito/7-3.jpg]
[www.trekbrasilis.org/classico/sn/rumoaoinfinito/7-4.jpg]
[www.trekbrasilis.org/classico/sn/rumoaoinfinito/7-6.jpg]
[www.trekbrasilis.org/classico/sn/rumoaoinfinito/7-7.jpg]
[www.trekbrasilis.org/classico/sn/rumoaoinfinito/7-10.jpg]
[www.trekbrasilis.org/classico/sn/rumoaoinfinito/7-12.jpg]
[www.trekbrasilis.org/classico/sn/rumoaoinfinito/capitulo7.shtml]
[www.trekbrasilis.org/classico/sn/rumoaoinfinito/trecho.shtml]
[www.trekbrasilis.org/classico/sn/rumoaoinfinito/9-3.jpg]
[www.trekbrasilis.org/classico/sn/rumoaoinfinito/9-4.jpg]
[www.trekbrasilis.org/classico/sn/rumoaoinfinito/9-5.jpg]
[www.trekbrasilis.org/classico/sn/rumoaoinfinito/9-6.jpg]
[www.trekbrasilis.org/classico/sn/rumoaoinfinito/9-7.jpg]
[www.trekbrasilis.org/classico/sn/rumoaoinfinito/9-10.jpg]
[www.trekbrasilis.org/classico/sn/rumoaoinfinito/9-12.jpg]
[www.trekbrasilis.org/classico/sn/rumoaoinfinito/capitulo9.shtml]
[www.trekbrasilis.org/classico/sn/rumoaoinfinito/10-1.jpg]
[www.trekbrasilis.org/classico/sn/rumoaoinfinito/10-2.jpg]
[www.trekbrasilis.org/classico/sn/rumoaoinfinito/10-3.jpg]
[www.trekbrasilis.org/classico/sn/rumoaoinfinito/10-5.jpg]
[www.trekbrasilis.org/classico/sn/rumoaoinfinito/10-8.jpg]
[www.trekbrasilis.org/classico/sn/rumoaoinfinito/10-9.jpg]
[www.trekbrasilis.org/classico/sn/rumoaoinfinito/10-10.jpg]
[www.trekbrasilis.org/classico/sn/rumoaoinfinito/10-11.jpg]
[www.trekbrasilis.org/classico/sn/rumoaoinfinito/10-12.jpg]
[www.trekbrasilis.org/classico/sn/rumoaoinfinito/capitulo10.shtml]
[www.trekbrasilis.org/classico/sn/rumoaoinfinito/11-2.jpg]
[www.trekbrasilis.org/classico/sn/rumoaoinfinito/11-3.jpg]
[www.trekbrasilis.org/classico/sn/rumoaoinfinito/11-4.jpg]
[www.trekbrasilis.org/classico/sn/rumoaoinfinito/11-5.jpg]
[www.trekbrasilis.org/classico/sn/rumoaoinfinito/11-6.jpg]
[www.trekbrasilis.org/classico/sn/rumoaoinfinito/11-7.jpg]
[www.trekbrasilis.org/classico/sn/rumoaoinfinito/11-8.jpg]
[www.trekbrasilis.org/classico/sn/rumoaoinfinito/11-9.jpg]
[www.trekbrasilis.org/classico/sn/rumoaoinfinito/11-10.jpg]
[www.trekbrasilis.org/classico/sn/rumoaoinfinito/11-11.jpg]
[www.trekbrasilis.org/classico/sn/rumoaoinfinito/capitulo11.shtml]
[www.trekbrasilis.org/classico/sn/rumoaoinfinito/agradecimentos.shtml]
[www.trekbrasilis.org/classico/sn/rumoaoinfinito/bibliografia.shtml]
[www.trekbrasilis.org/classico/sn/cwsd/index.shtml]
[www.trekbrasilis.org/classico/sn/cwsd/bastidores.shtml]
[www.trekbrasilis.org/classico/entretenimento/fanfics/sobreviventes02.htm]
[www.trekbrasilis.org/classico/entretenimento/fanfics/sobreviventes03.htm]
[www.trekbrasilis.org/classico/entretenimento/fanfics/sobreviventes04.htm]
[www.trekbrasilis.org/classico/entretenimento/fanfics/sobreviventes05.htm]
[www.trekbrasilis.org/classico/entretenimento/fanfics/sobreviventes06.htm]
[www.trekbrasilis.org/classico/entretenimento/fanfics/sobreviventes07.htm]
[www.trekbrasilis.org/classico/entretenimento/fanfics/sobreviventes08.htm]
[www.trekbrasilis.org/classico/entretenimento/fanfics/sobreviventes09.htm]
[www.trekbrasilis.org/classico/entretenimento/fanfics/sobreviventes10.htm]
[www.trekbrasilis.org/classico/entretenimento/fanfics/sobreviventes11.htm]
[www.trekbrasilis.org/classico/entretenimento/fanfics/sobreviventes12.htm]
[www.trekbrasilis.org/classico/entretenimento/fanfics/sobreviventes13.htm]
[www.trekbrasilis.org/classico/entretenimento/fanfics/sobreviventes14.htm]
[www.trekbrasilis.org/classico/entretenimento/fanfics/sobreviventes15.htm]
[www.trekbrasilis.org/classico/entretenimento/fanfics/sobreviventes16.htm]
[www.trekbrasilis.org/classico/entretenimento/fanfics/sobreviventes17.htm]
[www.trekbrasilis.org/classico/entretenimento/fanfics/sobreviventes18.htm]
[www.trekbrasilis.org/classico/entretenimento/fanfics/sobreviventes19.htm]
[www.trekbrasilis.org/classico/entretenimento/fanfics/sobreviventes20.htm]
[www.trekbrasilis.org/classico/entretenimento/fanfics/sobreviventes21.htm]
[www.trekbrasilis.org/classico/entretenimento/fanfics/sobreviventes22.htm]
[www.trekbrasilis.org/classico/entretenimento/fanfics/sobreviventes23.htm]
[www.trekbrasilis.org/classico/entretenimento/fanfics/sobreviventes24.htm]
[www.trekbrasilis.org/classico/entretenimento/fanfics/sobreviventes25.htm]
[www.trekbrasilis.org/classico/entretenimento/fanfics/sobreviventes26.htm]
[www.trekbrasilis.org/classico/entretenimento/satiras/index.htm]
[www.trekbrasilis.org/classico/entretenimento/satiras/previous.jpg]
[www.trekbrasilis.org/classico/entretenimento/satiras/divagacoes03.htm]
[www.trekbrasilis.org/classico/entretenimento/satiras/CENA-02.jpg]
[www.trekbrasilis.org/classico/entretenimento/satiras/divagacoes02.htm]
[www.trekbrasilis.org/classico/entretenimento/satiras/setaesq.gif]
[www.trekbrasilis.org/classico/entretenimento/satiras/lockwood5.jpg]
[www.trekbrasilis.org/classico/entretenimento/satiras/lockwood5t.jpg]
[www.trekbrasilis.org/classico/entretenimento/satiras/lockwood6.jpg]
[www.trekbrasilis.org/classico/entretenimento/satiras/lockwood7.jpg]
[www.trekbrasilis.org/classico/entretenimento/satiras/lockwood8.jpg]
[www.trekbrasilis.org/classico/entretenimento/satiras/lockwood2.htm]
[www.trekbrasilis.org/classico/entretenimento/satiras/lockwood9.jpg]
[www.trekbrasilis.org/classico/entretenimento/satiras/lockwood10.jpg]
[www.trekbrasilis.org/classico/entretenimento/satiras/lockwood11.jpg]
[www.trekbrasilis.org/classico/entretenimento/satiras/lockwood12.jpg]
[www.trekbrasilis.org/classico/entretenimento/satiras/lockwood3.htm]
[www.trekbrasilis.org/classico/entretenimento/satiras/lockwood13.jpg]
[www.trekbrasilis.org/classico/entretenimento/satiras/lockwood13t.jpg]
[www.trekbrasilis.org/classico/entretenimento/satiras/lockwood14t.jpg]
[www.trekbrasilis.org/classico/entretenimento/satiras/lockwood16.jpg]
[www.trekbrasilis.org/classico/entretenimento/satiras/lockwood16t.jpg]
[www.trekbrasilis.org/classico/entretenimento/satiras/lockwood4.htm]
[www.trekbrasilis.org/classico/entretenimento/satiras/lockwood18.jpg]
[www.trekbrasilis.org/classico/entretenimento/satiras/lockwood18t.jpg]
[www.trekbrasilis.org/classico/entretenimento/satiras/lockwood19t.jpg]
[www.trekbrasilis.org/classico/entretenimento/satiras/lockwood20.jpg]
[www.trekbrasilis.org/classico/entretenimento/satiras/lockwood5.htm]
[www.trekbrasilis.org/classico/entretenimento/satiras/lockwood6.htm]
[www.trekbrasilis.org/classico/entretenimento/satiras/lockwood7.htm]
[www.trekbrasilis.org/classico/entretenimento/fanfics/earthdc04.htm]
[www.trekbrasilis.org/classico/entretenimento/fanfics/earthdc04.htm]
[www.trekbrasilis.org/classico/entretenimento/fanfics/earthdc07.htm]
[www.trekbrasilis.org/classico/entretenimento/fanfics/earthdc07.htm]
[www.trekbrasilis.org/classico/entretenimento/fanfics/earthdc10.htm]
[www.trekbrasilis.org/classico/entretenimento/fanfics/earthdc10.htm]
[www.trekbrasilis.org/classico/entretenimento/sevtrek/180102sevtrek.jpg]
[www.trekbrasilis.org/classico/entretenimento/sevtrek/index.htm]
[www.trekbrasilis.org/classico/entretenimento/sevtrek/sev001.htm]
[www.trekbrasilis.org/classico/entretenimento/sevtrek/210102sevtrek.jpg]
[www.trekbrasilis.org/classico/entretenimento/sevtrek/sev002.htm]
[www.trekbrasilis.org/classico/entretenimento/sevtrek/040202sevtrek.jpg]
[www.trekbrasilis.org/classico/entretenimento/sevtrek/sev003.htm]
[www.trekbrasilis.org/classico/entretenimento/sevtrek/310102sevtrek.jpg]
[www.trekbrasilis.org/classico/entretenimento/sevtrek/sev004.htm]
[www.trekbrasilis.org/classico/entretenimento/sevtrek/sev005.htm]
[www.trekbrasilis.org/classico/entretenimento/sevtrek/280102sevtrek.jpg]
[www.trekbrasilis.org/classico/entretenimento/sevtrek/sev006.htm]
[www.trekbrasilis.org/classico/entretenimento/sevtrek/sev007.htm]
[www.trekbrasilis.org/classico/entretenimento/sevtrek/sev008.htm]
[www.trekbrasilis.org/classico/entretenimento/sevtrek/sev009.htm]
[www.trekbrasilis.org/classico/entretenimento/sevtrek/sev010.htm]
[www.trekbrasilis.org/classico/entretenimento/sevtrek/180302sevtrek.jpg]
[www.trekbrasilis.org/classico/entretenimento/sevtrek/sev011.htm]
[www.trekbrasilis.org/classico/entretenimento/sevtrek/250302sevtrek.jpg]
[www.trekbrasilis.org/classico/entretenimento/sevtrek/sev012.htm]
[www.trekbrasilis.org/classico/entretenimento/sevtrek/060402sevtrek.jpg]
[www.trekbrasilis.org/classico/entretenimento/sevtrek/sev013.htm]
[www.trekbrasilis.org/classico/entretenimento/sevtrek/210402sevtrek.jpg]
[www.trekbrasilis.org/classico/entretenimento/sevtrek/sev014.htm]
[www.trekbrasilis.org/classico/entretenimento/sevtrek/050502sevtrek.jpg]
[www.trekbrasilis.org/classico/entretenimento/sevtrek/sev015.htm]
[www.trekbrasilis.org/classico/entretenimento/sevtrek/sev016.htm]
[www.trekbrasilis.org/classico/entretenimento/sevtrek/020602sevtrek.jpg]
[www.trekbrasilis.org/classico/entretenimento/sevtrek/sev017.htm]
[www.trekbrasilis.org/classico/entretenimento/sevtrek/sev018.htm]
[www.trekbrasilis.org/classico/entretenimento/sevtrek/sev019.htm]
[www.trekbrasilis.org/classico/entretenimento/sevtrek/sev020.htm]
[www.trekbrasilis.org/classico/entretenimento/sevtrek/010902sevtrek.jpg]
[www.trekbrasilis.org/classico/entretenimento/sevtrek/sev021.htm]
[www.trekbrasilis.org/classico/entretenimento/sevtrek/290902sevtrek.jpg]
[www.trekbrasilis.org/classico/entretenimento/sevtrek/sev022.htm]
[www.trekbrasilis.org/classico/entretenimento/sevtrek/sev023.htm]
[www.trekbrasilis.org/classico/entretenimento/sevtrek/170303sevtrek.jpg]
[www.trekbrasilis.org/classico/entretenimento/sevtrek/sev024.htm]
[www.trekbrasilis.org/classico/entretenimento/sevtrek/180303sevtrek.jpg]
[www.trekbrasilis.org/classico/entretenimento/sevtrek/sev025.htm]
[www.trekbrasilis.org/classico/entretenimento/sevtrek/sev026.htm]
[www.trekbrasilis.org/classico/entretenimento/sevtrek/240303sevtrek.jpg]
[www.trekbrasilis.org/classico/entretenimento/sevtrek/sev027.htm]
[www.trekbrasilis.org/classico/entretenimento/sevtrek/sev028.htm]
[www.trekbrasilis.org/classico/entretenimento/sevtrek/080403sevtrek.jpg]
[www.trekbrasilis.org/classico/entretenimento/sevtrek/sev029.htm]
[www.trekbrasilis.org/classico/entretenimento/sevtrek/sev030.htm]
[www.trekbrasilis.org/classico/entretenimento/sevtrek/sev031.htm]
[www.trekbrasilis.org/classico/entretenimento/sevtrek/290403sevtrek.jpg]
[www.trekbrasilis.org/classico/entretenimento/sevtrek/sev032.htm]
[www.trekbrasilis.org/classico/entretenimento/sevtrek/200503sevtrek.jpg]
[www.trekbrasilis.org/classico/entretenimento/sevtrek/sev033.htm]
[www.trekbrasilis.org/classico/entretenimento/sevtrek/sev034.htm]
[www.trekbrasilis.org/classico/entretenimento/sevtrek/sev035.htm]
[www.trekbrasilis.org/classico/entretenimento/sevtrek/100603sevtrek.jpg]
[www.trekbrasilis.org/classico/entretenimento/sevtrek/sev036.htm]
[www.trekbrasilis.org/classico/entretenimento/sevtrek/160603sevtrek.jpg]
[www.trekbrasilis.org/classico/entretenimento/sevtrek/sev037.htm]
[www.trekbrasilis.org/classico/entretenimento/sevtrek/sev038.htm]
[www.trekbrasilis.org/classico/entretenimento/sevtrek/070703sevtrek.jpg]
[www.trekbrasilis.org/classico/entretenimento/sevtrek/sev039.htm]
[www.trekbrasilis.org/classico/entretenimento/sevtrek/sev040.htm]
[www.trekbrasilis.org/classico/entretenimento/sevtrek/210703sevtrek.jpg]
[www.trekbrasilis.org/classico/entretenimento/sevtrek/sev041.htm]
[www.trekbrasilis.org/classico/entretenimento/sevtrek/sev042.htm]
[www.trekbrasilis.org/classico/entretenimento/sevtrek/sev043.htm]
[www.trekbrasilis.org/classico/entretenimento/sevtrek/190803sevtrek.jpg]
[www.trekbrasilis.org/classico/entretenimento/sevtrek/sev044.htm]
[www.trekbrasilis.org/classico/entretenimento/sevtrek/sev045.htm]
[www.trekbrasilis.org/classico/entretenimento/trivia/triviaimagem.jpg]
[www.trekbrasilis.org/classico/entretenimento/trivia/OrganiaTrivia2.html]
[www.trekbrasilis.org/classico/entretenimento/porthos/index.htm]
[www.trekbrasilis.org/classico/interacao/incubadoratitulo.gif]
[www.trekbrasilis.org/classico/interacao/temas.htm]
[www.trekbrasilis.org/classico/interacao/temas.jpg]
[www.trekbrasilis.org/classico/interacao/temastng.htm]
[www.trekbrasilis.org/classico/interacao/temasds9.htm]
[www.trekbrasilis.org/classico/interacao/temasvoy.htm]
[www.trekbrasilis.org/classico/interacao/temasent.htm]
[www.trekbrasilis.org/classico/interacao/temasfic.htm]
[www.trekbrasilis.org/classico/interacao/temas.htm]
[www.trekbrasilis.org/classico/tos/especiais/vozes.htm]
[www.trekbrasilis.org/classico/tos/especiais/apresentacaokirk.jpg]
[www.trekbrasilis.org/classico/tos/especiais/apresentacaokirkaic.mp3]
[www.trekbrasilis.org/classico/tos/especiais/aic.jpg]
[www.trekbrasilis.org/classico/tos/especiais/apresentacaokirkvti.mp3]
[www.trekbrasilis.org/classico/tos/especiais/vti.jpg]
[www.trekbrasilis.org/classico/tos/especiais/kirkspockgato.jpg]
[www.trekbrasilis.org/classico/tos/especiais/kirkspockgatoaic.mp3]
[www.trekbrasilis.org/classico/tos/especiais/kirkspockgatovti.mp3]
[www.trekbrasilis.org/classico/tos/especiais/diariodebordozetar.jpg]
[www.trekbrasilis.org/classico/tos/especiais/diariodebordozetaraic.mp3]
[www.trekbrasilis.org/classico/tos/especiais/diariodebordozetarvti.mp3]
[www.trekbrasilis.org/classico/tos/especiais/chekovsuluaic.mp3]
[www.trekbrasilis.org/classico/tos/especiais/vozessaudosas.jpg]
[www.trekbrasilis.org/classico/tos/especiais/aberturavti.mp3]
[www.trekbrasilis.org/classico/tos/especiais/tirenosdaqui.jpg]
[www.trekbrasilis.org/classico/tos/especiais/tirenosdaquivti.mp3]
[www.trekbrasilis.org/classico/tos/especiais/mirachapelmccoy.jpg]
[www.trekbrasilis.org/classico/tos/especiais/mirachapelmccoyaic.mp3]
[www.trekbrasilis.org/classico/tos/especiais/dialogoaic.mp3]
[www.trekbrasilis.org/classico/tos/especiais/dialogovti.mp3]
[www.trekbrasilis.org/classico/tos/especiais/piadinhaaic.mp3]
[www.trekbrasilis.org/classico/tos/especiais/vozes.htm]
[www.trekbrasilis.org/classico/entrevistas/entrevista15-1.jpg]
[www.trekbrasilis.org/classico/entrevistas/e14fig6.jpg]
[www.trekbrasilis.org/classico/entrevistas/e14fig6.jpg]
[www.trekbrasilis.org/classico/ent/episodios/tos02.htm]
[www.trekbrasilis.org/classico/ent/episodios/cap4.htm]
[www.trekbrasilis.org/classico/entrevistas/entrevista14-2.jpg]
[www.trekbrasilis.org/classico/entrevistas/entrevista12-1.jpg]
[www.trekbrasilis.org/classico/entrevistas/entrevista12-3.jpg]
[www.trekbrasilis.org/classico/entrevistas/entrevista12-5.jpg]
[www.trekbrasilis.org/classico/entrevistas/mcn.mp3]
[www.trekbrasilis.org/classico/entrevistas/mcn.mp3]
[www.trekbrasilis.org/classico/entrevistas/entrevista11-3.jpg]
[www.trekbrasilis.org/classico/entrevistas/entrevista11-6.jpg]
[www.trekbrasilis.org/classico/entrevistas/entrevista13-1.jpg]
[www.trekbrasilis.org/classico/entrevistas/entrevista13-2.jpg]
[www.trekbrasilis.org/classico/entrevistas/entrevista13-3.jpg]
[www.trekbrasilis.org/classico/entrevistas/entrevista10-6.jpg]
[www.trekbrasilis.org/classico/entrevistas/entrevista10-8.jpg]
[www.trekbrasilis.org/classico/entrevistas/entrevista9-1.jpg]
[www.trekbrasilis.org/classico/entrevistas/e9fig1.htm]
[www.trekbrasilis.org/classico/entrevistas/e9fig1.jpg]
[www.trekbrasilis.org/classico/entrevistas/e9fig1.htm]
[www.trekbrasilis.org/classico/entrevistas/entrevista9-4.jpg]
[www.trekbrasilis.org/classico/entrevistas/entrevista8-3.jpg]
[www.trekbrasilis.org/classico/entrevistas/entrevista4-1.jpg]
[www.trekbrasilis.org/classico/entrevistas/entrevista4-2.jpg]
[www.trekbrasilis.org/classico/brevetitulo.gif]
[www.trekbrasilis.org/classico/tos/episodios/tos18.jpg]
[www.trekbrasilis.org/classico/tos/episodios/tos1802.jpg]
[www.trekbrasilis.org/classico/tos/episodios/tos1803.jpg]
[www.trekbrasilis.org/classico/tos/episodios/tos1804.jpg]
[www.trekbrasilis.org/classico/tos/episodios/tos1805.jpg]
[www.trekbrasilis.org/classico/tos/episodios/tos18-2.htm]
[www.trekbrasilis.org/classico/tos/episodios/tos25.jpg]
[www.trekbrasilis.org/classico/tos/episodios/tos2501.jpg]
[www.trekbrasilis.org/classico/tos/episodios/tos2502.jpg]
[www.trekbrasilis.org/classico/tos/episodios/tos2503.jpg]
[www.trekbrasilis.org/classico/tos/episodios/tos2504.jpg]
[www.trekbrasilis.org/classico/tos/episodios/tos2505.jpg]
[www.trekbrasilis.org/classico/tos/episodios/tos2506.jpg]
[www.trekbrasilis.org/classico/tos/episodios/tos2507.jpg]
[www.trekbrasilis.org/classico/tos/episodios/tos25-2.htm]
[www.trekbrasilis.org/classico/tos/episodios/tos0102.jpg]
[www.trekbrasilis.org/classico/tos/episodios/tos0101.jpg]
[www.trekbrasilis.org/classico/tos/episodios/tos02.jpg]
[www.trekbrasilis.org/classico/tos/episodios/tos0202.jpg]
[www.trekbrasilis.org/classico/breve7.jpg]
[www.trekbrasilis.org/classico/tos/coluna/coluna9-1.jpg]
[www.trekbrasilis.org/classico/tos/coluna/coluna9-4.jpg]
[www.trekbrasilis.org/classico/tos/coluna/coluna9titulo.jpg]
[www.trekbrasilis.org/classico/tos/episodios/temp3.htm]
[www.trekbrasilis.org/classico/tos/episodios/temp3.htm]
[www.trekbrasilis.org/classico/tos/episodios/tos10.htm]
[www.trekbrasilis.org/classico/tos/episodios/tos10.jpg]
[www.trekbrasilis.org/classico/tos/episodios/tos1002.jpg]
[www.trekbrasilis.org/classico/tos/episodios/tos1004.jpg]
[www.trekbrasilis.org/classico/tos/episodios/tos10.htm]
[www.trekbrasilis.org/classico/tos/episodios/tos12.htm]
[www.trekbrasilis.org/classico/tos/episodios/tos12.jpg]
[www.trekbrasilis.org/classico/tos/episodios/tos1202.jpg]
[www.trekbrasilis.org/classico/tos/episodios/tos1203.jpg]
[www.trekbrasilis.org/classico/tos/episodios/tos1201.jpg]
[www.trekbrasilis.org/classico/tos/episodios/tos1204.jpg]
[www.trekbrasilis.org/classico/tos/episodios/tos1205.jpg]
[www.trekbrasilis.org/classico/tos/episodios/tos1206.jpg]
[www.trekbrasilis.org/classico/tos/episodios/tos1207.jpg]
[www.trekbrasilis.org/classico/tos/episodios/tos12.htm]
[www.trekbrasilis.org/classico/tos/episodios/alexandre_trekbrasilis.html]
[www.trekbrasilis.org/classico/tos/episodios/danielsasaki_trekbrasilis.html]
[www.trekbrasilis.org/classico/tos/episodios/tos45.htm]
[www.trekbrasilis.org/classico/tos/episodios/tos045.jpg]
[www.trekbrasilis.org/classico/tos/episodios/tos045-3.jpg]
[www.trekbrasilis.org/classico/tos/episodios/tos045-5.jpg]
[www.trekbrasilis.org/classico/tos/episodios/tos045-6.jpg]
[www.trekbrasilis.org/classico/tos/episodios/tos45.htm]
[www.trekbrasilis.org/classico/tos/episodios/tos52.htm]
[www.trekbrasilis.org/classico/tos/producao/diario1titulo.jpg]
[www.trekbrasilis.org/classico/tos/producao/elenco/hunter3.jpg]
[www.trekbrasilis.org/classico/tos/producao/elenco/hunter12.jpg]
[www.trekbrasilis.org/classico/tos/producao/elenco/hunter2.jpg]
[www.trekbrasilis.org/classico/tos/producao/elenco/hunter9.jpg]
[www.trekbrasilis.org/classico/tos/producao/elenco/hunter1.jpg]
[www.trekbrasilis.org/classico/tos/producao/elenco/hunter7.jpg]
[www.trekbrasilis.org/classico/tos/producao/elenco/hunter6.jpg]
[www.trekbrasilis.org/classico/tos/producao/elenco/hunter8.jpg]
[www.trekbrasilis.org/classico/tos/producao/elenco/hunter11.jpg]
[www.trekbrasilis.org/classico/tos/producao/hunter.htm]
[www.trekbrasilis.org/classico/tos/producao/elenco/hoyt1.jpg]
[www.trekbrasilis.org/classico/tos/producao/elenco/hoyt3.jpg]
[www.trekbrasilis.org/classico/tos/producao/elenco/hoyt2.jpg]
[www.trekbrasilis.org/classico/tos/producao/hoyt.htm]
[www.trekbrasilis.org/classico/tos/producao/elenco/goodwin1.jpg]
[www.trekbrasilis.org/classico/tos/producao/elenco/goodwin2.jpg]
[www.trekbrasilis.org/classico/tos/producao/goodwin.htm]
[www.trekbrasilis.org/classico/tos/producao/elenco/nimoy4.jpg]
[www.trekbrasilis.org/classico/tos/producao/elenco/nimoy5.jpg]
[www.trekbrasilis.org/classico/tos/producao/elenco/nimoy6.jpg]
[www.trekbrasilis.org/classico/tos/producao/elenco/nimoy7.jpg]
[www.trekbrasilis.org/classico/tos/producao/nimoy.htm]
[www.trekbrasilis.org/classico/tos/producao/elenco/barrett1.jpg]
[www.trekbrasilis.org/classico/tos/producao/elenco/barrett2.jpg]
[www.trekbrasilis.org/classico/tos/producao/elenco/barrett3.jpg]
[www.trekbrasilis.org/classico/tos/producao/elenco/barrett7.jpg]
[www.trekbrasilis.org/classico/tos/producao/elenco/barrett5.jpg]
[www.trekbrasilis.org/classico/tos/producao/barrett.htm]
[www.trekbrasilis.org/classico/tos/producao/elenco/duryea1.jpg]
[www.trekbrasilis.org/classico/tos/producao/elenco/duryea3.jpg]
[www.trekbrasilis.org/classico/tos/producao/elenco/duryea2.jpg]
[www.trekbrasilis.org/classico/tos/producao/elenco/duryea6.jpg]
[www.trekbrasilis.org/classico/tos/producao/elenco/duryea5.jpg]
[www.trekbrasilis.org/classico/tos/producao/elenco/duryea4.jpg]
[www.trekbrasilis.org/classico/tos/producao/duryea.htm]
[www.trekbrasilis.org/classico/tos/producao/elenco/oliver1.jpg]
[www.trekbrasilis.org/classico/tos/producao/elenco/oliver3.jpg]
[www.trekbrasilis.org/classico/tos/producao/elenco/oliver5.jpg]
[www.trekbrasilis.org/classico/tos/producao/elenco/oliver6.jpg]
[www.trekbrasilis.org/classico/tos/producao/oliver.htm]
[www.trekbrasilis.org/classico/tos/producao/wherenomanoriginal2.html]
[www.trekbrasilis.org/classico/tos/producao/wherenomanoriginal3.html]
[oberon.spaceports.com/_tb/35anos/ponte.html]
[oberon.spaceports.com/_tb/35anos/kirkquarters.html]
[oberon.spaceports.com/_tb/35anos/sickbay.html]
[oberon.spaceports.com/_tb/35anos/briefingroomtable.html]
[oberon.spaceports.com/_tb/35anos/hangar.html]
[oberon.spaceports.com/_tb/35anos/botanybay.html]
[oberon.spaceports.com/_tb/35anos/klingon1.html]
[oberon.spaceports.com/_tb/35anos/sketch_theapple.html]
[oberon.spaceports.com/_tb/35anos/mattjefferies1.html]
[www.trekbrasilis.org/classico/tos/ficcao/index.html]
[www.trekbrasilis.org/classico/tos/especiais/especiaistitulo.jpg]
[www.trekbrasilis.org/classico/tos/especiais/enemy01.jpg]
[www.trekbrasilis.org/classico/tos/especiais/enemy02.jpg]
[www.trekbrasilis.org/classico/tos/especiais/enemy03.jpg]
[www.trekbrasilis.org/classico/tos/especiais/enemy06.jpg]
[www.trekbrasilis.org/classico/tos/especiais/origens2.htm]
[www.trekbrasilis.org/classico/tos/especiais/reviewtos2.htm]
[www.trekbrasilis.org/classico/tos/especiais/tosdvd2-1.jpg]
[www.trekbrasilis.org/classico/tos/especiais/tosdvd2-3.jpg]
[www.trekbrasilis.org/classico/tos/especiais/tosdvd2-4.jpg]
[www.trekbrasilis.org/classico/tos/especiais/tosdvd2-7.jpg]
[www.trekbrasilis.org/classico/tos/especiais/tosdvd2-9.jpg]
[www.trekbrasilis.org/classico/tos/especiais/tosdvd2-5.jpg]
[www.trekbrasilis.org/classico/tos/especiais/tosdvd2-10.jpg]
[www.trekbrasilis.org/classico/tos/especiais/tosdvd2-11.jpg]
[www.trekbrasilis.org/classico/tos/especiais/reviewtos2.htm]
[www.trekbrasilis.org/classico/tos/especiais/spock&amp;chapel.html]
[www.trekbrasilis.org/classico/tos/especiais/decker&amp;ilia.html]
[www.trekbrasilis.org/classico/tas/episodios/temp2.htm]
[www.trekbrasilis.org/classico/tas/episodios/temp2.htm]
[www.trekbrasilis.org/classico/tas/episodios/temp2.jpg]
[www.trekbrasilis.org/classico/tas/episodios/tos02.htm]
[www.trekbrasilis.org/classico/tas/episodios/cap4.htm]
[www.trekbrasilis.org/classico/tas/episodios/tas08.htm]
[www.trekbrasilis.org/classico/tas/dvd1.jpg]
[www.trekbrasilis.org/classico/fase2/cap1-1.jpg]
[www.trekbrasilis.org/classico/fase2/cap1-2.jpg]
[www.trekbrasilis.org/classico/fase2/cap1-3.jpg]
[www.trekbrasilis.org/classico/fase2/cap1-5.jpg]
[www.trekbrasilis.org/classico/fase2/cap2-7.jpg]
[www.trekbrasilis.org/classico/fase2/cap3-2.jpg]
[www.trekbrasilis.org/classico/fase2/cap3-5.jpg]
[www.trekbrasilis.org/classico/fase2/fii001.htm]
[www.trekbrasilis.org/classico/fase2/fii001.jpg]
[www.trekbrasilis.org/classico/fase2/fii001.htm]
[www.trekbrasilis.org/classico/fase2/khambatta2.jpg]
[www.trekbrasilis.org/classico/fase2/khambatta4.jpg]
[www.trekbrasilis.org/classico/tng/episodios/refcult.jpg]
[www.trekbrasilis.org/classico/tng/episodios/tng077c/yellow_eyes.jpg]
[www.trekbrasilis.org/classico/tng/episodios/tng077c/index.htm]
[www.trekbrasilis.org/classico/tng/episodios/cap4.htm]
[www.trekbrasilis.org/classico/filmes/especiais/estreianemesisanalisesnogueira.htm]
[www.trekbrasilis.org/classico/filmes/especiais/estreianemesisanalisecastanheira.htm]
[www.trekbrasilis.org/classico/filmes/especiais/estreianemesisanalisefpenteriche.htm]
[www.trekbrasilis.org/classico/filmes/especiais/estreianemesisanalisefrodrigues.htm]
[www.trekbrasilis.org/classico/filmes/especiais/estreianemesisanalisecsantos.htm]
[www.trekbrasilis.org/classico/filmes/especiais/estreianemesisanalises.htm]
[www.trekbrasilis.org/classico/filmes/especiais/entreianemesisesperando1.jpg]
[www.trekbrasilis.org/classico/filmes/especiais/entreianemesisesperando2.jpg]
[www.trekbrasilis.org/classico/filmes/episodios/tmp/estrela.jpg]
[www.trekbrasilis.org/classico/filmes/especiais/entreianemesisesperando3.jpg]
[www.trekbrasilis.org/classico/filmes/especiais/entreianemesisesperando4.jpg]
[www.trekbrasilis.org/classico/filmes/especiais/entreianemesisesperando5.jpg]
[www.trekbrasilis.org/classico/filmes/especiais/entreianemesisesperando6.jpg]
[www.trekbrasilis.org/classico/filmes/especiais/entreianemesisesperando8.jpg]
[www.trekbrasilis.org/classico/filmes/especiais/estreianemesisesperando.htm]
[www.trekbrasilis.org/classico/filmes/especiais/estreianemesiscritica01.jpg]
[www.trekbrasilis.org/classico/filmes/especiais/estreianemesiscriticas.htm]
[www.trekbrasilis.org/classico/tng/episodios/tng085.htm]
[www.trekbrasilis.org/classico/tng/episodios/tng085.jpg]
[www.trekbrasilis.org/classico/tng/episodios/tng085c/index.htm]
[www.trekbrasilis.org/classico/tng/episodios/tng085-1.jpg]
[www.trekbrasilis.org/classico/tng/episodios/tng085-2.jpg]
[www.trekbrasilis.org/classico/tng/episodios/tng085-3.jpg]
[www.trekbrasilis.org/classico/tng/episodios/tng085-4.jpg]
[www.trekbrasilis.org/classico/tng/episodios/tng085-5.jpg]
[www.trekbrasilis.org/classico/tng/episodios/tng085.htm]
[www.trekbrasilis.org/classico/tng/coluna/coluna7.htm]
[www.trekbrasilis.org/classico/tng/coluna/coluna7-3.jpg]
[www.trekbrasilis.org/classico/tng/coluna/coluna7-1.jpg]
[www.trekbrasilis.org/classico/tng/coluna/coluna7-2.jpg]
[www.trekbrasilis.org/classico/tng/coluna/coluna7-4.jpg]
[www.trekbrasilis.org/classico/tng/coluna/coluna7.htm]
[www.trekbrasilis.org/classico/tng/episodios/tng001c/farpoint6.jpg]
[www.trekbrasilis.org/classico/tng/episodios/tng001c/shakespeare1.jpg]
[www.trekbrasilis.org/classico/tng/episodios/tng001c/geppetto.jpg]
[www.trekbrasilis.org/classico/tng/episodios/tng001c/pinoquio.jpg]
[www.trekbrasilis.org/classico/tng/episodios/tng001c/index.htm]
[www.trekbrasilis.org/classico/tng/episodios/tos02.htm]
[www.trekbrasilis.org/classico/tng/episodios/tng003c/portia_bassanio.jpg]
[www.trekbrasilis.org/classico/tng/episodios/tng003c/portia.jpg]
[www.trekbrasilis.org/classico/tng/episodios/tng003c/shylock.jpg]
[www.trekbrasilis.org/classico/tng/episodios/tng003c/index.htm]
[www.trekbrasilis.org/classico/tos/episodios/tos007.htm]
[www.trekbrasilis.org/classico/tng/episodios/tng007c/uncle_sam.jpg]
[www.trekbrasilis.org/classico/tng/episodios/tng007c/index.htm]
[www.trekbrasilis.org/classico/tng/episodios/tng011c/hamlet_kenneth.jpg]
[www.trekbrasilis.org/classico/tng/episodios/tng011c/ghost.jpg]
[www.trekbrasilis.org/classico/tng/episodios/tng011c/hamlet_mel.jpg]
[www.trekbrasilis.org/classico/tng/episodios/tng011c/ofelia.jpg]
[www.trekbrasilis.org/classico/tng/episodios/tng011c/patrick.jpg]
[www.trekbrasilis.org/classico/tng/episodios/tng011c/index.htm]
[www.trekbrasilis.org/classico/tng/episodios/tng013c/dimaggio_intro.jpg]
[www.trekbrasilis.org/classico/tng/episodios/tng013c/mrsrobinson.mp3]
[www.trekbrasilis.org/classico/tng/episodios/tng013c/dm1.htm]
[www.trekbrasilis.org/classico/tng/episodios/tng013c/dm2.htm]
[www.trekbrasilis.org/classico/tng/episodios/tng013c/dm3.htm]
[www.trekbrasilis.org/classico/tng/episodios/tng013c/dm4.htm]
[www.trekbrasilis.org/classico/tng/episodios/tng013c/dm5.htm]
[www.trekbrasilis.org/classico/tng/episodios/tng013c/dm6.htm]
[www.trekbrasilis.org/classico/tng/episodios/tng013c/dm7.htm]
[www.trekbrasilis.org/classico/tng/episodios/tng013c/dm8.htm]
[www.trekbrasilis.org/classico/tng/episodios/tng013c/dm9.htm]
[www.trekbrasilis.org/classico/tng/episodios/tng013c/dm10.htm]
[www.trekbrasilis.org/classico/tng/episodios/tng013c/dm11.htm]
[www.trekbrasilis.org/classico/tng/episodios/tng013c/dm12.htm]
[www.trekbrasilis.org/classico/tng/episodios/tng013c/dm13.htm]
[www.trekbrasilis.org/classico/tng/episodios/tng013c/dm14.htm]
[www.trekbrasilis.org/classico/tng/episodios/tng013c/index.htm]
[www.trekbrasilis.org/classico/tng/episodios/tng016c/minuet.jpg]
[www.trekbrasilis.org/classico/tng/episodios/tng016c/nearnessofyou.mp3]
[www.trekbrasilis.org/classico/tng/episodios/tng016c/nearnessofyou3.mid]
[www.trekbrasilis.org/classico/tng/episodios/tng016c/index.htm]
[www.trekbrasilis.org/classico/tng/episodios/tng018c/plato.jpg]
[www.trekbrasilis.org/classico/tng/episodios/tng018c/index.htm]
[www.trekbrasilis.org/classico/tng/episodios/tng023c/shelley.jpg]
[www.trekbrasilis.org/classico/tng/episodios/tng023c/prometeu.jpg]
[www.trekbrasilis.org/classico/tng/episodios/tng023c/index.htm]
[www.trekbrasilis.org/classico/tng/episodios/tng024c/cb_1.jpg]
[www.trekbrasilis.org/classico/tng/episodios/tng024c/cb_4.jpg]
[www.trekbrasilis.org/classico/tng/episodios/tng024c/cb_5.jpg]
[www.trekbrasilis.org/classico/tng/episodios/tng024c/casablanca_2.htm]
[www.trekbrasilis.org/classico/tng/episodios/tng024c/index.htm]
[www.trekbrasilis.org/classico/tng/episodios/tng028c/service.gif]
[www.trekbrasilis.org/classico/tng/episodios/tng028c/dawson.jpg]
[www.trekbrasilis.org/classico/tng/episodios/tng028c/gelo.jpg]
[www.trekbrasilis.org/classico/tng/episodios/tng028c/yukon.jpg]
[www.trekbrasilis.org/classico/tng/episodios/tng028c/index.htm]
[www.trekbrasilis.org/classico/tng/episodios/tng031c/wizard.jpg]
[www.trekbrasilis.org/classico/tng/episodios/tng031c/shake.jpg]
[www.trekbrasilis.org/classico/tng/episodios/tng031c/index.htm]
[www.trekbrasilis.org/classico/tng/episodios/tng079c/wizard.jpg]
[www.trekbrasilis.org/classico/tng/episodios/tng079c/index.htm]
[www.trekbrasilis.org/classico/tng/episodios/tng082c/misty.jpg]
[www.trekbrasilis.org/classico/tng/episodios/tng082c/misty.1aed.delayed]
[www.trekbrasilis.org/classico/tng/episodios/tng082c/index.htm]
[www.trekbrasilis.org/classico/tng/episodios/tng086c/darkness.jpg]
[www.trekbrasilis.org/classico/tng/episodios/tng086c/minstrel.mid]
[www.trekbrasilis.org/classico/tng/episodios/tng086c/minstrelboy.mp3]
[www.trekbrasilis.org/classico/tng/episodios/tng086c/index.htm]
[www.trekbrasilis.org/classico/tng/episodios/tng087c/index.htm]
[www.trekbrasilis.org/classico/tng/episodios/tng093c/roxane.jpg]
[www.trekbrasilis.org/classico/tng/episodios/tng093c/index.htm]
[www.trekbrasilis.org/classico/tng/episodios/tng094c/castle_statue.jpg]
[www.trekbrasilis.org/classico/tng/episodios/tng094c/index.htm]
[www.trekbrasilis.org/classico/tng/episodios/tng095c/index.htm]
[www.trekbrasilis.org/classico/tng/episodios/tng102c/gilgamesh.jpg]
[www.trekbrasilis.org/classico/tng/episodios/tng102c/index.htm]
[www.trekbrasilis.org/classico/tng/episodios/tng109c/homero.jpg]
[www.trekbrasilis.org/classico/tng/episodios/tng109c/milton.jpg]
[www.trekbrasilis.org/classico/tng/episodios/tng109c/bach_60.jpg]
[www.trekbrasilis.org/classico/tng/episodios/tng109c/jesu2.mid]
[www.trekbrasilis.org/classico/tng/episodios/tng109c/cnt3.mid]
[www.trekbrasilis.org/classico/tng/episodios/tng109c/monet.jpg]
[www.trekbrasilis.org/classico/tng/episodios/tng109c/monet2.jpg]
[www.trekbrasilis.org/classico/tng/episodios/tng109c/superstition.mid]
[www.trekbrasilis.org/classico/tng/episodios/tng109c/sunshine.mid]
[www.trekbrasilis.org/classico/tng/episodios/tng109c/ebony_ivory.mid]
[www.trekbrasilis.org/classico/tng/episodios/tng109c/index.htm]
[www.trekbrasilis.org/classico/tng/episodios/tng113c/chopin2.jpg]
[www.trekbrasilis.org/classico/tng/episodios/tng113c/funebre.mid]
[www.trekbrasilis.org/classico/tng/episodios/tng113c/preludio6_28.mid]
[www.trekbrasilis.org/classico/tng/episodios/tng113c/preludio7_28.mid]
[www.trekbrasilis.org/classico/tng/episodios/tng113c/valsa2_64.mid]
[www.trekbrasilis.org/classico/tng/episodios/tng113c/fantimpr_66.mid]
[www.trekbrasilis.org/classico/tng/episodios/tng113c/estudo7_25.mid]
[www.trekbrasilis.org/classico/tng/episodios/tng113c/balada_52.mid]
[www.trekbrasilis.org/classico/tng/episodios/tng113c/index.htm]
[www.trekbrasilis.org/classico/tng/episodios/tng114c/keats.jpg]
[www.trekbrasilis.org/classico/tng/episodios/tng114c/index.htm]
[www.trekbrasilis.org/classico/tng/episodios/tng117c/soren.jpg]
[www.trekbrasilis.org/classico/tng/episodios/tng117c/index.htm]
[www.trekbrasilis.org/classico/tng/episodios/tng127c/mark_twain.jpg]
[www.trekbrasilis.org/classico/tng/episodios/tng127c/index.htm]
[www.trekbrasilis.org/classico/tng/episodios/tng130c/dyson1.jpg]
[www.trekbrasilis.org/classico/tng/episodios/tng130c/dyson3.jpg]
[www.trekbrasilis.org/classico/tng/episodios/tng130c/dyson4.jpg]
[www.trekbrasilis.org/classico/tng/episodios/tng130c/index.htm]
[www.trekbrasilis.org/classico/tng/ficcao/index.html]
[www.trekbrasilis.org/classico/tng/universo/tecnologia/dobra1.gif]
[www.trekbrasilis.org/classico/tng/universo/tecnologia/dobra2.gif]
[www.trekbrasilis.org/classico/tng/universo/tecnologia/dobra4.gif]
[www.trekbrasilis.org/classico/tng/universo/tecnologia/dobra6.gif]
[www.trekbrasilis.org/classico/tng/universo/tecnologia/dobra8.gif]
[www.trekbrasilis.org/classico/tng/universo/tecnologia/dobra10.gif]
[www.trekbrasilis.org/classico/tng/universo/tecnologia/dobra12.gif]
[www.trekbrasilis.org/classico/tng/universo/tecnologia/dobra13.gif]
[www.trekbrasilis.org/classico/tng/universo/tecnologia/dobra15.gif]
[www.trekbrasilis.org/classico/tng/universo/tecnologia/dobra17.gif]
[www.trekbrasilis.org/classico/tng/universo/tecnologia/dobra20.gif]
[www.trekbrasilis.org/classico/tng/universo/tecnologia/dobra21.gif]
[www.trekbrasilis.org/classico/tng/universo/tecnologia/dobra.htm]
[www.trekbrasilis.org/classico/ds9/episodios/ds9066-3.html]
[www.trekbrasilis.org/classico/ds9/episodios/ds9143.jpg]
[www.trekbrasilis.org/classico/ds9/episodios/ds9143-5.jpg]
[www.trekbrasilis.org/classico/ds9/episodios/ds9143-6.jpg]
[www.trekbrasilis.org/classico/ds9/episodios/ds9143-3.jpg]
[www.trekbrasilis.org/classico/ds9/episodios/ds9143.htm]
[www.trekbrasilis.org/classico/ds9/coluna/coluna10titulo.jpg]
[www.trekbrasilis.org/classico/ds9/coluna/coluna10titulo.jpg]
[www.trekbrasilis.org/classico/ds9/episodios/ds9026.htm]
[www.trekbrasilis.org/classico/ds9/episodios/ds9026.jpg]
[www.trekbrasilis.org/classico/ds9/episodios/ds9026-1.jpg]
[www.trekbrasilis.org/classico/ds9/episodios/ds9026-2.jpg]
[www.trekbrasilis.org/classico/ds9/episodios/ds9026-4.jpg]
[www.trekbrasilis.org/classico/ds9/episodios/ds9026-5.jpg]
[www.trekbrasilis.org/classico/ds9/episodios/ds9026.htm]
[www.trekbrasilis.org/classico/ds9/episodios/ds9028.htm]
[www.trekbrasilis.org/classico/ds9/episodios/ds9028.jpg]
[www.trekbrasilis.org/classico/ds9/episodios/ds9028-1.jpg]
[www.trekbrasilis.org/classico/ds9/episodios/ds9028-2.jpg]
[www.trekbrasilis.org/classico/ds9/episodios/ds9028-4.jpg]
[www.trekbrasilis.org/classico/ds9/episodios/ds9028-5.jpg]
[www.trekbrasilis.org/classico/ds9/episodios/ds9028.htm]
[www.trekbrasilis.org/classico/ds9/episodios/ds9056.htm]
[www.trekbrasilis.org/classico/ds9/episodios/ds9056.jpg]
[www.trekbrasilis.org/classico/ds9/episodios/ds9056-1.jpg]
[www.trekbrasilis.org/classico/ds9/episodios/ds9056-2.jpg]
[www.trekbrasilis.org/classico/ds9/episodios/ds9056-4.jpg]
[www.trekbrasilis.org/classico/ds9/episodios/ds9056-5.jpg]
[www.trekbrasilis.org/classico/ds9/episodios/ds9056.htm]
[www.trekbrasilis.org/classico/ds9/episodios/ds9058.htm]
[www.trekbrasilis.org/classico/ds9/episodios/ds9058.jpg]
[www.trekbrasilis.org/classico/ds9/episodios/ds9058-2.jpg]
[www.trekbrasilis.org/classico/ds9/episodios/ds9058-3.jpg]
[www.trekbrasilis.org/classico/ds9/episodios/ds9058-5.jpg]
[www.trekbrasilis.org/classico/ds9/episodios/ds9058.htm]
[www.trekbrasilis.org/classico/ds9/ficcao/index.html]
[www.trekbrasilis.org/classico/ds9/universo/tecnologia/index.htm]
[www.trekbrasilis.org/classico/ds9/universo/tecnologia/defiant4.jpg]
[www.trekbrasilis.org/classico/ds9/universo/tecnologia/defiant2.jpg]
[www.trekbrasilis.org/classico/ds9/universo/tecnologia/defiant.htm]
[www.trekbrasilis.org/classico/ds9/universo/tecnologia/runabouts8-big.jpg]
[www.trekbrasilis.org/classico/ds9/universo/tecnologia/runabouts10-big.jpg]
[www.trekbrasilis.org/classico/ds9/universo/tecnologia/runabouts9.jpg]
[www.trekbrasilis.org/classico/ds9/universo/tecnologia/runabouts5-big.jpg]
[www.trekbrasilis.org/classico/ds9/universo/tecnologia/runabouts5a.jpg]
[www.trekbrasilis.org/classico/ds9/universo/tecnologia/runabouts7.jpg]
[www.trekbrasilis.org/classico/ds9/universo/tecnologia/runabouts7a.jpg]
[www.trekbrasilis.org/classico/ds9/universo/tecnologia/runabouts1.jpg]
[www.trekbrasilis.org/classico/ds9/universo/tecnologia/runabouts11.jpg]
[www.trekbrasilis.org/classico/ds9/universo/tecnologia/runabouts3.jpg]
[www.trekbrasilis.org/classico/ds9/universo/tecnologia/runabouts13.jpg]
[www.trekbrasilis.org/classico/ds9/universo/tecnologia/runabouts14.jpg]
[www.trekbrasilis.org/classico/ds9/universo/tecnologia/runabouts.htm]
[www.trekbrasilis.org/classico/ds9/universo/biografias/sisko.jpg]
[www.trekbrasilis.org/classico/ds9/universo/biografias/sisko1.jpg]
[www.trekbrasilis.org/classico/ds9/universo/biografias/sisko2.jpg]
[www.trekbrasilis.org/classico/ds9/universo/biografias/sisko4.jpg]
[www.trekbrasilis.org/classico/ds9/universo/biografias/sisko5.jpg]
[www.trekbrasilis.org/classico/ds9/universo/biografias/sisko.htm]
[www.trekbrasilis.org/classico/ds9/universo/biografias/odo1.jpg]
[www.trekbrasilis.org/classico/ds9/universo/biografias/odo3.jpg]
[www.trekbrasilis.org/classico/ds9/universo/biografias/odo4.jpg]
[www.trekbrasilis.org/classico/ds9/universo/biografias/odo5.jpg]
[www.trekbrasilis.org/classico/ds9/universo/biografias/odo.htm]
[www.trekbrasilis.org/classico/voy/coluna/coluna19.htm]
[www.trekbrasilis.org/classico/voy/coluna/coluna19-2.jpg]
[www.trekbrasilis.org/classico/voy/coluna/coluna19-1.jpg]
[www.trekbrasilis.org/classico/voy/coluna/coluna19-5.jpg]
[www.trekbrasilis.org/classico/voy/coluna/coluna19-6.jpg]
[www.trekbrasilis.org/classico/voy/coluna/coluna19-4.jpg]
[www.trekbrasilis.org/classico/voy/coluna/coluna19-3.jpg]
[www.trekbrasilis.org/classico/voy/coluna/coluna19.htm]
[www.trekbrasilis.org/classico/voy/coluna/coluna1.htm]
[www.trekbrasilis.org/classico/voy/coluna/coluna1.htm]
[www.trekbrasilis.org/classico/voy/episodios/voy030.html]
[www.trekbrasilis.org/classico/voy/episodios/voy030-2.html]
[www.trekbrasilis.org/classico/voy/episodios/voy031.html]
[www.trekbrasilis.org/classico/voy/episodios/voy031-1.html]
[www.trekbrasilis.org/classico/voy/episodios/voy031-2.html]
[www.trekbrasilis.org/classico/voy/episodios/voy031-3.html]
[www.trekbrasilis.org/classico/voy/episodios/voy031-4.html]
[www.trekbrasilis.org/classico/voy/episodios/voy031-5.html]
[www.trekbrasilis.org/classico/voy/episodios/voy031-6.html]
[www.trekbrasilis.org/classico/voy/episodios/voy031-7.html]
[www.trekbrasilis.org/classico/voy/episodios/voy032.html]
[www.trekbrasilis.org/classico/voy/episodios/voy032-1.html]
[www.trekbrasilis.org/classico/voy/episodios/voy032-2.html]
[www.trekbrasilis.org/classico/voy/episodios/voy032-3.html]
[www.trekbrasilis.org/classico/voy/episodios/voy032-4.html]
[www.trekbrasilis.org/classico/voy/episodios/voy033.html]
[www.trekbrasilis.org/classico/voy/episodios/voy033-1.html]
[www.trekbrasilis.org/classico/voy/episodios/voy033-2.html]
[www.trekbrasilis.org/classico/voy/episodios/voy033-3.html]
[www.trekbrasilis.org/classico/voy/episodios/voy033-6.html]
[www.trekbrasilis.org/classico/voy/episodios/voy033-4.html]
[www.trekbrasilis.org/classico/voy/episodios/voy033-5.html]
[www.trekbrasilis.org/classico/voy/episodios/voy033-7.html]
[www.trekbrasilis.org/classico/voy/episodios/voy033-8.html]
[www.trekbrasilis.org/classico/voy/episodios/voy034-1.html]
[www.trekbrasilis.org/classico/voy/episodios/voy034-2.html]
[www.trekbrasilis.org/classico/voy/episodios/voy045-2.html]
[www.trekbrasilis.org/classico/voy/episodios/voy050-4.html]
[www.trekbrasilis.org/classico/voy/episodios/voy050-6.html]
[www.trekbrasilis.org/classico/voy/episodios/voy050-3.html]
[www.trekbrasilis.org/classico/voy/episodios/voy051-12.html]
[www.trekbrasilis.org/classico/voy/episodios/voy053-1.html]
[www.trekbrasilis.org/classico/voy/episodios/voy054.html]
[www.trekbrasilis.org/classico/voy/episodios/voy055.html]
[www.trekbrasilis.org/classico/voy/episodios/voy055-5.html]
[www.trekbrasilis.org/classico/voy/episodios/voy057-7.html]
[www.trekbrasilis.org/classico/voy/episodios/voy057-1.html]
[www.trekbrasilis.org/classico/voy/episodios/voy058.html]
[www.trekbrasilis.org/classico/voy/episodios/voy058-7.html]
[www.trekbrasilis.org/classico/voy/episodios/voy058-6.html]
[www.trekbrasilis.org/classico/voy/episodios/voy058-5.html]
[www.trekbrasilis.org/classico/voy/episodios/voy058-8.html]
[www.trekbrasilis.org/classico/voy/episodios/voy058-9.html]
[www.trekbrasilis.org/classico/voy/episodios/voy059.html]
[www.trekbrasilis.org/classico/voy/episodios/voy059-9.html]
[www.trekbrasilis.org/classico/voy/episodios/voy059-3.html]
[www.trekbrasilis.org/classico/voy/episodios/voy059-10.html]
[www.trekbrasilis.org/classico/voy/episodios/voy059-1.html]
[www.trekbrasilis.org/classico/voy/episodios/voy059-7.html]
[www.trekbrasilis.org/classico/voy/episodios/voy059-6.html]
[www.trekbrasilis.org/classico/voy/episodios/voy060.html]
[www.trekbrasilis.org/classico/voy/episodios/voy060-1.html]
[www.trekbrasilis.org/classico/voy/episodios/voy060-6.html]
[www.trekbrasilis.org/classico/voy/episodios/voy060-2.html]
[www.trekbrasilis.org/classico/voy/episodios/voy060-3.html]
[www.trekbrasilis.org/classico/voy/episodios/voy060-5.html]
[www.trekbrasilis.org/classico/voy/episodios/voy060-4.html]
[www.trekbrasilis.org/classico/voy/episodios/voy060-7.html]
[www.trekbrasilis.org/classico/voy/episodios/voy061.html]
[www.trekbrasilis.org/classico/voy/episodios/voy061-9.html]
[www.trekbrasilis.org/classico/voy/episodios/voy061-2.html]
[www.trekbrasilis.org/classico/voy/episodios/voy061-6.html]
[www.trekbrasilis.org/classico/voy/episodios/voy061-5.html]
[www.trekbrasilis.org/classico/voy/episodios/voy061-1.html]
[www.trekbrasilis.org/classico/voy/episodios/voy061-4.html]
[www.trekbrasilis.org/classico/voy/episodios/voy061-3.html]
[www.trekbrasilis.org/classico/voy/episodios/voy061-8.html]
[www.trekbrasilis.org/classico/voy/episodios/voy061-7.html]
[www.trekbrasilis.org/classico/voy/episodios/voy062.html]
[www.trekbrasilis.org/classico/voy/episodios/voy062-9.html]
[www.trekbrasilis.org/classico/voy/episodios/voy062-2.html]
[www.trekbrasilis.org/classico/voy/episodios/voy062-5.html]
[www.trekbrasilis.org/classico/voy/episodios/voy062-4.html]
[www.trekbrasilis.org/classico/voy/episodios/voy062-3.html]
[www.trekbrasilis.org/classico/voy/episodios/voy062-1.html]
[www.trekbrasilis.org/classico/voy/episodios/voy062-7.html]
[www.trekbrasilis.org/classico/voy/episodios/voy062-8.html]
[www.trekbrasilis.org/classico/voy/episodios/voy062-6.html]
[www.trekbrasilis.org/classico/voy/episodios/voy063.html]
[www.trekbrasilis.org/classico/voy/episodios/voy063-2.html]
[www.trekbrasilis.org/classico/voy/episodios/voy063-6.html]
[www.trekbrasilis.org/classico/voy/episodios/voy063-4.html]
[www.trekbrasilis.org/classico/voy/episodios/voy063-3.html]
[www.trekbrasilis.org/classico/voy/episodios/voy063-8.html]
[www.trekbrasilis.org/classico/voy/episodios/voy063-1.html]
[www.trekbrasilis.org/classico/voy/episodios/voy063-7.html]
[www.trekbrasilis.org/classico/voy/episodios/voy063-9.html]
[www.trekbrasilis.org/classico/voy/episodios/voy063-5.html]
[www.trekbrasilis.org/classico/voy/episodios/voy064-2.html]
[www.trekbrasilis.org/classico/voy/episodios/voy064-3.html]
[www.trekbrasilis.org/classico/voy/episodios/voy064-1.html]
[www.trekbrasilis.org/classico/voy/barravoy.jpg]
[www.trekbrasilis.org/classico/voy/producao/interior1titulo.jpg]
[www.trekbrasilis.org/classico/voy/ficcao/index.html]
[www.trekbrasilis.org/classico/voy/universo/especies/kazon.jpg]
[www.trekbrasilis.org/classico/voy/universo/especies/kazonculluh.jpg]
[www.trekbrasilis.org/classico/voy/universo/especies/kazonkar.jpg]
[www.trekbrasilis.org/classico/voy/universo/especies/kazons.htm]
[www.trekbrasilis.org/classico/voy/universo/especies/ocampa.jpg]
[www.trekbrasilis.org/classico/voy/universo/especies/ocampa_cidade.jpg]
[www.trekbrasilis.org/classico/voy/universo/especies/ocampakes.jpg]
[www.trekbrasilis.org/classico/voy/universo/especies/ocampatanis.jpg]
[www.trekbrasilis.org/classico/voy/universo/especies/ocampas.htm]
[www.trekbrasilis.org/classico/voy/universo/especies/vidiians1.jpg]
[www.trekbrasilis.org/classico/voy/universo/especies/vidiians2.jpg]
[www.trekbrasilis.org/classico/voy/universo/especies/vidiianmotura.jpg]
[www.trekbrasilis.org/classico/voy/universo/especies/vidiians.htm]
[www.trekbrasilis.org/classico/ent/coluna/opening.html]
[www.trekbrasilis.org/classico/ent/episodios/ent012.htm]
[www.trekbrasilis.org/classico/ent/episodios/ent012.jpg]
[www.trekbrasilis.org/classico/ent/episodios/ent012-2.jpg]
[www.trekbrasilis.org/classico/ent/episodios/ent012-4.jpg]
[www.trekbrasilis.org/classico/ent/episodios/ent012-6.jpg]
[www.trekbrasilis.org/classico/ent/episodios/ent012-7.jpg]
[www.trekbrasilis.org/classico/ent/episodios/ent012-8.jpg]
[www.trekbrasilis.org/classico/ent/episodios/ent012-10.jpg]
[www.trekbrasilis.org/classico/ent/episodios/ent012.htm]
[www.trekbrasilis.org/classico/ent/episodios/ds9068.htm]
[www.trekbrasilis.org/classico/ent/episodios/tng140.htm]
[www.trekbrasilis.org/classico/ent/episodios/ent038.htm]
[www.trekbrasilis.org/classico/ent/episodios/ent038.jpg]
[www.trekbrasilis.org/classico/ent/episodios/ent038-2.jpg]
[www.trekbrasilis.org/classico/ent/episodios/ent038.htm]
[www.trekbrasilis.org/classico/ent/episodios/ent063.htm]
[www.trekbrasilis.org/classico/ent/episodios/ent063.jpg]
[www.trekbrasilis.org/classico/ent/episodios/ent063-1.jpg]
[www.trekbrasilis.org/classico/ent/episodios/ent063.htm]
[www.trekbrasilis.org/classico/ent/especiais/threshold-titulo.jpg]
[www.trekbrasilis.org/classico/filmes/episodios/tmp/comentarios.jpg]
[www.trekbrasilis.org/classico/filmes/episodios/tmp/comentarios.htm]
[www.trekbrasilis.org/classico/filmes/episodios/tmp/citacoes.jpg]
[www.trekbrasilis.org/classico/filmes/episodios/tmp/citacoes.htm]
[www.trekbrasilis.org/classico/filmes/episodios/tmp/efeitos.jpg]
[www.trekbrasilis.org/classico/filmes/episodios/tmp/efeitos1.jpg]
[www.trekbrasilis.org/classico/filmes/episodios/tmp/efeitos1t.jpg]
[www.trekbrasilis.org/classico/filmes/episodios/tmp/efeitos2.jpg]
[www.trekbrasilis.org/classico/filmes/episodios/tmp/efeitos3.jpg]
[www.trekbrasilis.org/classico/filmes/episodios/tmp/efeitos4.jpg]
[www.trekbrasilis.org/classico/filmes/episodios/tmp/efeitos5.jpg]
[www.trekbrasilis.org/classico/filmes/episodios/tmp/efeitos6.jpg]
[www.trekbrasilis.org/classico/filmes/episodios/tmp/efeitos7.jpg]
[www.trekbrasilis.org/classico/filmes/episodios/tmp/efeitos8.jpg]
[www.trekbrasilis.org/classico/filmes/episodios/tmp/efeitos9.jpg]
[www.trekbrasilis.org/classico/filmes/episodios/tmp/efeitos10.jpg]
[www.trekbrasilis.org/classico/filmes/episodios/tmp/efeitos11.jpg]
[www.trekbrasilis.org/classico/filmes/episodios/tmp/efeitos12.jpg]
[www.trekbrasilis.org/classico/filmes/episodios/tmp/efeitos13.jpg]
[www.trekbrasilis.org/classico/filmes/episodios/tmp/efeitos14.jpg]
[www.trekbrasilis.org/classico/filmes/episodios/tmp/efeitos14t.jpg]
[www.trekbrasilis.org/classico/filmes/episodios/tmp/efeitos15.jpg]
[www.trekbrasilis.org/classico/filmes/episodios/tmp/efeitos16.jpg]
[www.trekbrasilis.org/classico/filmes/episodios/tmp/efeitos17.jpg]
[www.trekbrasilis.org/classico/filmes/episodios/tmp/efeitos18.jpg]
[www.trekbrasilis.org/classico/filmes/episodios/tmp/efeitos19.jpg]
[www.trekbrasilis.org/classico/filmes/episodios/tmp/efeitos20.jpg]
[www.trekbrasilis.org/classico/filmes/episodios/tmp/efeitos21.jpg]
[www.trekbrasilis.org/classico/filmes/episodios/tmp/efeitos22.jpg]
[www.trekbrasilis.org/classico/filmes/episodios/tmp/efeitos23.jpg]
[www.trekbrasilis.org/classico/filmes/episodios/tmp/efeitos24.jpg]
[www.trekbrasilis.org/classico/filmes/episodios/tmp/efeitos26.jpg]
[www.trekbrasilis.org/classico/filmes/episodios/tmp/efeitos25.jpg]
[www.trekbrasilis.org/classico/filmes/episodios/tmp/efeitos27.jpg]
[www.trekbrasilis.org/classico/filmes/episodios/tmp/efeitos28.jpg]
[www.trekbrasilis.org/classico/filmes/episodios/tmp/efeitos29.jpg]
[www.trekbrasilis.org/classico/filmes/episodios/tmp/efeitos30.jpg]
[www.trekbrasilis.org/classico/filmes/episodios/tmp/efeitos31.jpg]
[www.trekbrasilis.org/classico/filmes/episodios/tmp/efeitos32.jpg]
[www.trekbrasilis.org/classico/filmes/episodios/tmp/efeitos33.jpg]
[www.trekbrasilis.org/classico/filmes/episodios/tmp/efeitos34.jpg]
[www.trekbrasilis.org/classico/filmes/episodios/tmp/efeitos.htm]
[www.trekbrasilis.org/classico/filmes/episodios/tmp/trivia.jpg]
[www.trekbrasilis.org/classico/filmes/episodios/tmp/int.jpg]
[www.trekbrasilis.org/classico/filmes/episodios/tmp/trivia.htm]
[www.trekbrasilis.org/classico/filmes/episodios/tmp/ficha.jpg]
[www.trekbrasilis.org/classico/filmes/episodios/tmp/ficha.htm]
[www.trekbrasilis.org/classico/filmes/episodios/tmp/dvd.jpg]
[www.trekbrasilis.org/classico/filmes/episodios/tmp/dvd.htm]
[www.trekbrasilis.org/classico/filmes/episodios/tmp/aventura1.jpg]
[www.trekbrasilis.org/classico/filmes/episodios/tmp/aventura4.jpg]
[www.trekbrasilis.org/classico/filmes/episodios/tmp/aventura2.jpg]
[www.trekbrasilis.org/classico/filmes/episodios/tmp/aventura.htm]
[www.trekbrasilis.org/classico/filmes/episodios/twok/aventura.1bf6.delayed]
[www.trekbrasilis.org/classico/filmes/episodios/twok/ficha.jpg]
[www.trekbrasilis.org/classico/filmes/episodios/twok/ficha.htm]
[www.trekbrasilis.org/classico/filmes/episodios/twok/sinopse.jpg]
[www.trekbrasilis.org/classico/filmes/episodios/twok/sinopse2.jpg]
[www.trekbrasilis.org/classico/filmes/episodios/twok/sinopse1.jpg]
[www.trekbrasilis.org/classico/filmes/episodios/twok/sinopse5.jpg]
[www.trekbrasilis.org/classico/filmes/episodios/twok/sinopse6.jpg]
[www.trekbrasilis.org/classico/filmes/episodios/twok/sinopse9.jpg]
[www.trekbrasilis.org/classico/filmes/episodios/twok/sinopse10.jpg]
[www.trekbrasilis.org/classico/filmes/episodios/twok/sinopse.htm]
[www.trekbrasilis.org/classico/filmes/episodios/twok/int.jpg]
[www.trekbrasilis.org/classico/filmes/episodios/twok/trivia.htm]
[www.trekbrasilis.org/classico/filmes/episodios/twok/citacoes.jpg]
[www.trekbrasilis.org/classico/filmes/episodios/twok/citacoes.htm]
[www.trekbrasilis.org/classico/filmes/episodios/twok/comentarios.jpg]
[www.trekbrasilis.org/classico/filmes/episodios/twok/comentarios.htm]
[www.trekbrasilis.org/classico/filmes/episodios/twok/dvd.jpg]
[www.trekbrasilis.org/classico/filmes/episodios/twok/dvd1.jpg]
[www.trekbrasilis.org/classico/filmes/episodios/twok/dvd2.jpg]
[www.trekbrasilis.org/classico/filmes/episodios/twok/dvd4.jpg]
[www.trekbrasilis.org/classico/filmes/episodios/twok/dvd6.jpg]
[www.trekbrasilis.org/classico/filmes/episodios/twok/melhor12.jpg]
[www.trekbrasilis.org/classico/filmes/episodios/twok/dvd8.jpg]
[www.trekbrasilis.org/classico/filmes/episodios/twok/dvd10.jpg]
[www.trekbrasilis.org/classico/filmes/episodios/twok/dvd12.jpg]
[www.trekbrasilis.org/classico/filmes/episodios/twok/dvd14.jpg]
[www.trekbrasilis.org/classico/filmes/episodios/twok/dvd16.jpg]
[www.trekbrasilis.org/classico/filmes/episodios/twok/dvd.htm]
[www.trekbrasilis.org/classico/filmes/episodios/twok/trilha.jpg]
[www.trekbrasilis.org/classico/filmes/episodios/twok/trilha1.jpg]
[www.trekbrasilis.org/classico/filmes/episodios/twok/trilha.htm]
[www.trekbrasilis.org/classico/filmes/episodios/twok/efeitos.jpg]
[www.trekbrasilis.org/classico/filmes/episodios/twok/efeitos1.jpg]
[www.trekbrasilis.org/classico/filmes/episodios/twok/efeitos2.jpg]
[www.trekbrasilis.org/classico/filmes/episodios/twok/efeitos4.jpg]
[www.trekbrasilis.org/classico/filmes/episodios/twok/efeitos5.jpg]
[www.trekbrasilis.org/classico/filmes/episodios/twok/efeitos8.jpg]
[www.trekbrasilis.org/classico/filmes/episodios/twok/efeitos10.jpg]
[www.trekbrasilis.org/classico/filmes/episodios/twok/efeitos11.jpg]
[www.trekbrasilis.org/classico/filmes/episodios/twok/efeitos.htm]
[www.trekbrasilis.org/classico/filmes/episodios/twok/melhor.jpg]
[www.trekbrasilis.org/classico/filmes/episodios/twok/melhor1.jpg]
[www.trekbrasilis.org/classico/filmes/episodios/twok/melhor2.jpg]
[www.trekbrasilis.org/classico/filmes/episodios/twok/melhor7.jpg]
[www.trekbrasilis.org/classico/filmes/episodios/twok/melhor9.jpg]
[www.trekbrasilis.org/classico/filmes/episodios/twok/melhor4.jpg]
[www.trekbrasilis.org/classico/filmes/episodios/twok/melhor.htm]
[www.trekbrasilis.org/classico/filmes/episodios/tsfs/aventura.1c36.delayed]
[www.trekbrasilis.org/classico/filmes/episodios/tsfs/morte.jpg]
[www.trekbrasilis.org/classico/filmes/episodios/tsfs/morte1.jpg]
[www.trekbrasilis.org/classico/filmes/episodios/tsfs/morte2.jpg]
[www.trekbrasilis.org/classico/filmes/episodios/tsfs/morte.htm]
[www.trekbrasilis.org/classico/filmes/episodios/tsfs/citacoes.htm]
[www.trekbrasilis.org/classico/filmes/episodios/tsfs/trilha1.jpg]
[www.trekbrasilis.org/classico/filmes/episodios/tmp/index.html]
[www.trekbrasilis.org/classico/filmes/episodios/tsfs/trilha2.jpg]
[www.trekbrasilis.org/classico/filmes/episodios/tsfs/trilha.htm]
[www.trekbrasilis.org/classico/filmes/episodios/tsfs/dvd1.jpg]
[www.trekbrasilis.org/classico/filmes/episodios/tsfs/dvd3.jpg]
[www.trekbrasilis.org/classico/filmes/episodios/tsfs/dvd5.jpg]
[www.trekbrasilis.org/classico/filmes/episodios/tsfs/dvd7.jpg]
[www.trekbrasilis.org/classico/filmes/episodios/tsfs/dvd9.jpg]
[www.trekbrasilis.org/classico/filmes/episodios/tsfs/dvd10.jpg]
[www.trekbrasilis.org/classico/filmes/episodios/tsfs/dvd12.jpg]
[www.trekbrasilis.org/classico/filmes/episodios/tsfs/dvd13.jpg]
[www.trekbrasilis.org/classico/filmes/episodios/tsfs/dvd.htm]
[www.trekbrasilis.org/classico/filmes/episodios/tsfs/efeitos1.jpg]
[www.trekbrasilis.org/classico/filmes/episodios/tsfs/efeitos2.jpg]
[www.trekbrasilis.org/classico/filmes/episodios/tsfs/efeitos4.jpg]
[www.trekbrasilis.org/classico/filmes/episodios/tsfs/efeitos5.jpg]
[www.trekbrasilis.org/classico/filmes/episodios/tsfs/efeitos9.jpg]
[www.trekbrasilis.org/classico/filmes/episodios/tsfs/efeitos11.jpg]
[www.trekbrasilis.org/classico/filmes/episodios/tsfs/efeitos14.jpg]
[www.trekbrasilis.org/classico/filmes/episodios/tsfs/efeitos17.jpg]
[www.trekbrasilis.org/classico/filmes/episodios/tsfs/efeitos12.jpg]
[www.trekbrasilis.org/classico/filmes/episodios/tsfs/efeitos13.jpg]
[www.trekbrasilis.org/classico/filmes/episodios/tsfs/efeitos.htm]
[www.trekbrasilis.org/classico/filmes/episodios/tsfs/trivia.jpg]
[www.trekbrasilis.org/classico/filmes/episodios/tsfs/int.jpg]
[www.trekbrasilis.org/classico/filmes/episodios/tsfs/trivia.htm]
[www.trekbrasilis.org/classico/filmes/episodios/tsfs/sinopse.jpg]
[www.trekbrasilis.org/classico/filmes/episodios/tsfs/sinopse2.jpg]
[www.trekbrasilis.org/classico/filmes/episodios/tsfs/sinopse3.jpg]
[www.trekbrasilis.org/classico/filmes/episodios/tsfs/sinopse6.jpg]
[www.trekbrasilis.org/classico/filmes/episodios/tsfs/sinopse7.jpg]
[www.trekbrasilis.org/classico/filmes/episodios/tsfs/sinopse8.jpg]
[www.trekbrasilis.org/classico/filmes/episodios/tsfs/sinopse10.jpg]
[www.trekbrasilis.org/classico/filmes/episodios/tsfs/sinopse.htm]
[www.trekbrasilis.org/classico/filmes/episodios/tsfs/ficha.jpg]
[www.trekbrasilis.org/classico/filmes/episodios/tsfs/ficha.htm]
[www.trekbrasilis.org/classico/filmes/episodios/tvh/sinopse1.jpg]
[www.trekbrasilis.org/classico/filmes/episodios/tvh/sinopse3.jpg]
[www.trekbrasilis.org/classico/filmes/episodios/tvh/sinopse5.jpg]
[www.trekbrasilis.org/classico/filmes/episodios/tvh/sinopse9.jpg]
[www.trekbrasilis.org/classico/filmes/episodios/tvh/sinopse11.jpg]
[www.trekbrasilis.org/classico/filmes/episodios/tvh/sinopse15.jpg]
[www.trekbrasilis.org/classico/filmes/episodios/tvh/sinopse17.jpg]
[www.trekbrasilis.org/classico/filmes/episodios/tvh/sinopse21.jpg]
[www.trekbrasilis.org/classico/filmes/episodios/tvh/sinopse23.jpg]
[www.trekbrasilis.org/classico/filmes/episodios/tvh/sinopse.htm]
[www.trekbrasilis.org/classico/filmes/episodios/tvh/comentarios.jpg]
[www.trekbrasilis.org/classico/filmes/episodios/tvh/sinopse2.jpg]
[www.trekbrasilis.org/classico/filmes/episodios/tvh/sinopse4.jpg]
[www.trekbrasilis.org/classico/filmes/episodios/tvh/sinopse8.jpg]
[www.trekbrasilis.org/classico/filmes/episodios/tvh/sinopse10.jpg]
[www.trekbrasilis.org/classico/filmes/episodios/tvh/sinopse12.jpg]
[www.trekbrasilis.org/classico/filmes/episodios/tvh/sinopse14.jpg]
[www.trekbrasilis.org/classico/filmes/episodios/tvh/sinopse20.jpg]
[www.trekbrasilis.org/classico/filmes/episodios/tvh/sinopse22.jpg]
[www.trekbrasilis.org/classico/filmes/episodios/tvh/comentarios.htm]
[www.trekbrasilis.org/classico/filmes/episodios/tvh/citacoes.jpg]
[www.trekbrasilis.org/classico/filmes/episodios/tvh/citacoes.htm]
[www.trekbrasilis.org/classico/filmes/episodios/tvh/trivia.jpg]
[www.trekbrasilis.org/classico/filmes/episodios/tvh/int.jpg]
[www.trekbrasilis.org/classico/filmes/episodios/tvh/trivia.htm]
[www.trekbrasilis.org/classico/filmes/episodios/tvh/trilha.jpg]
[www.trekbrasilis.org/classico/filmes/episodios/tvh/trilha1.jpg]
[www.trekbrasilis.org/classico/filmes/episodios/tvh/trilha.htm]
[www.trekbrasilis.org/classico/filmes/episodios/tvh/efeitos1.jpg]
[www.trekbrasilis.org/classico/filmes/episodios/tvh/efeitos2.jpg]
[www.trekbrasilis.org/classico/filmes/episodios/tvh/efeitos.htm]
[www.trekbrasilis.org/classico/filmes/episodios/tvh/ficha.jpg]
[www.trekbrasilis.org/classico/filmes/episodios/tvh/ficha.htm]
[www.trekbrasilis.org/classico/filmes/episodios/tvh/dvd1.jpg]
[www.trekbrasilis.org/classico/filmes/episodios/tvh/dvd2.jpg]
[www.trekbrasilis.org/classico/filmes/episodios/tvh/ficha1.jpg]
[www.trekbrasilis.org/classico/filmes/episodios/tvh/dvd4.jpg]
[www.trekbrasilis.org/classico/filmes/episodios/tvh/dvd7.jpg]
[www.trekbrasilis.org/classico/filmes/episodios/tvh/dvd8.jpg]
[www.trekbrasilis.org/classico/filmes/episodios/tvh/dvd13.jpg]
[www.trekbrasilis.org/classico/filmes/episodios/tvh/dvd10.jpg]
[www.trekbrasilis.org/classico/filmes/episodios/tvh/dvd15.jpg]
[www.trekbrasilis.org/classico/filmes/episodios/tvh/dvd16.jpg]
[www.trekbrasilis.org/classico/filmes/episodios/tvh/dvd17.jpg]
[www.trekbrasilis.org/classico/filmes/episodios/tvh/dvd.htm]
[www.trekbrasilis.org/classico/filmes/episodios/tvh/amigos3.jpg]
[www.trekbrasilis.org/classico/filmes/episodios/tvh/amigos.htm]
[www.trekbrasilis.org/classico/filmes/especiais/khandiretortitulo.jpg]
[www.trekbrasilis.org/classico/filmes/especiais/khan2.html]
[www.trekbrasilis.org/classico/filmes/especiais/khan4.html]
[www.trekbrasilis.org/classico/filmes/especiais/khan5.html]
[www.trekbrasilis.org/classico/filmes/especiais/khan6.html]
[www.trekbrasilis.org/classico/filmes/especiais/khan7.html]
[www.trekbrasilis.org/classico/filmes/especiais/khan9.html]
[www.trekbrasilis.org/classico/filmes/especiais/dvds.jpg]
[www.trekbrasilis.org/classico/universo/quadrinhos/historiatitulo.jpg]
[www.trekbrasilis.org/classico/universo/quadrinhos/nacionaltitulo.jpg]
[www.trekbrasilis.org/classico/enciclopedia/enciclopedialogo.jpg]
[www.trekbrasilis.org/classico/cgi-bin/enciclopedia/viewnews.cgi_category=2&id=1030865605]
[www.trekbrasilis.org/classico/cgi-bin/enciclopedia/viewnews.cgi_category=30&id=1030939814]
[www.trekbrasilis.org/classico/cgi-bin/enciclopedia/viewnews.cgi_category=30&id=1030940194]
[www.trekbrasilis.org/classico/tos/especiais/leao13-1a.jpg]
[www.trekbrasilis.org/classico/tos/especiais/leao13-8.jpg]
[www.trekbrasilis.org/classico/tos/especiais/leao13-7.jpg]
[www.trekbrasilis.org/classico/universo/quadrinhos/smith.htm]
[www.trekbrasilis.org/classico/universo/quadrinhos/ev/smith1.jpg]
[www.trekbrasilis.org/classico/universo/quadrinhos/ev/smith3.jpg]
[www.trekbrasilis.org/classico/universo/quadrinhos/ev/smith4.jpg]
[www.trekbrasilis.org/classico/universo/quadrinhos/ev/smith5.jpg]
[www.trekbrasilis.org/classico/universo/quadrinhos/smith.htm]
[www.trekbrasilis.org/classico/universo/quadrinhos/episodios.htm]
[www.trekbrasilis.org/classico/universo/quadrinhos/ev01.htm]
[www.trekbrasilis.org/classico/universo/quadrinhos/ev/estrela.jpg]
[www.trekbrasilis.org/classico/universo/quadrinhos/ev02.htm]
[www.trekbrasilis.org/classico/universo/quadrinhos/ev03.htm]
[www.trekbrasilis.org/classico/universo/quadrinhos/ev/meia.jpg]
[www.trekbrasilis.org/classico/universo/quadrinhos/ev04.htm]
[www.trekbrasilis.org/classico/universo/quadrinhos/ev05.htm]
[www.trekbrasilis.org/classico/universo/quadrinhos/ev06.htm]
[www.trekbrasilis.org/classico/universo/quadrinhos/ev07.htm]
[www.trekbrasilis.org/classico/universo/quadrinhos/ev08.htm]
[www.trekbrasilis.org/classico/universo/quadrinhos/ev09.htm]
[www.trekbrasilis.org/classico/universo/quadrinhos/ev10.htm]
[www.trekbrasilis.org/classico/universo/quadrinhos/ev11.htm]
[www.trekbrasilis.org/classico/universo/quadrinhos/ev12.htm]
[www.trekbrasilis.org/classico/universo/quadrinhos/ev13.htm]
[www.trekbrasilis.org/classico/universo/quadrinhos/ev14.htm]
[www.trekbrasilis.org/classico/universo/quadrinhos/ev15.htm]
[www.trekbrasilis.org/classico/universo/quadrinhos/ev16.htm]
[www.trekbrasilis.org/classico/universo/quadrinhos/ev17.htm]
[www.trekbrasilis.org/classico/universo/quadrinhos/episodios.htm]
[www.trekbrasilis.org/classico/universo/quadrinhos/gorncrisis5.jpg]
[www.trekbrasilis.org/classico/universo/livros/tales02.jpg]
[www.trekbrasilis.org/classico/universo/livros/tales10.jpg]
[www.trekbrasilis.org/classico/universo/livros/tales06.jpg]
[www.trekbrasilis.org/classico/voy/episodios/voy065.jpg]
[www.trekbrasilis.org/classico/tos/especiais/gorns3.jpg]
[www.trekbrasilis.org/classico/tos/especiais/gorns4.jpg]
[www.trekbrasilis.org/classico/tos/especiais/gorns5.jpg]
[www.sitemeter.com/flash/SiteMeter_General_Installation_Guide.swf]
[www.sitemeter.com/flash/installation_tutorial.html]
[www.sitemeter.com/index0dd2.html]
[www.sitemeter.com/images/astronomy.jpg]
[www.sitemeter.com/images/dog_cat.jpg]
[www.sitemeter.com/images/national-parks.jpg]
[www.sitemeter.com/images/fisherman_1.jpg]
[www.sitemeter.com/indexcdcb.html]
[www.sitemeter.com/flash/basic_account/ieupdate.js]
[www.sitemeter.com/789b.html]
[www.sitemeter.com/7193.html]
[www.sitemeter.com/242e.html]
[www.sitemeter.com/f0e4.html]
[www.sitemeter.com/16c6.html]
[www.sitemeter.com/efce.html]
[www.sitemeter.com/845a.html]
[www.sitemeter.com/6a2d.html]
[www.sitemeter.com/f895.html]
[www.sitemeter.com/1fe4.html]
[www.sitemeter.com/e1e4.html]
[www.sitemeter.com/061b.html]
[www.sitemeter.com/eefc.html]
[www.sitemeter.com/cc3d.html]
[www.sitemeter.com/cddf.html]
[www.sitemeter.com/cdc8.html]
[www.sitemeter.com/1bfd.html]
[www.sitemeter.com/f5df.html]
[www.sitemeter.com/d866.html]
[www.sitemeter.com/e297.html]
[www.sitemeter.com/c705.html]
[www.sitemeter.com/a915.html]
[www.sitemeter.com/f4a5.html]
[www.sitemeter.com/405e.html]
[www.sitemeter.com/7930.html]
[www.sitemeter.com/03a2.html]
[www.sitemeter.com/2bf6.html]
[www.sitemeter.com/ef65.html]
[www.sitemeter.com/322b.html]
[www.sitemeter.com/d909.html]
[www.sitemeter.com/ac18.html]
[www.sitemeter.com/2a23.html]
[www.sitemeter.com/927b.html]
[www.sitemeter.com/afa6.html]
[www.sitemeter.com/6677.html]
[www.sitemeter.com/e246.html]
[www.sitemeter.com/css/signupOption.css]
[www.sitemeter.com/css/dhtmlwindow.css]
[www.sitemeter.com/css/close.gif]
[www.sitemeter.com/css/restore.gif]
[www.sitemeter.com/js/dhtmlwindow.js]
[www.sitemeter.com/css/blackdot.gif]
[www.sitemeter.com/css/modal.css]
[www.sitemeter.com/js/modal.js]
[www.sitemeter.com/indexa095.html]
[www.sitemeter.com/flash/premium_tour/ieupdate.js]
[www.sitemeter.com/232c.html]
[www.sitemeter.com/418d.html]
[www.sitemeter.com/dc8d.html]
[www.sitemeter.com/d686.html]
[www.sitemeter.com/1417.html]
[www.sitemeter.com/ebfb.html]
[www.sitemeter.com/a12b.html]
[www.sitemeter.com/63e7.html]
[www.sitemeter.com/7409.html]
[www.sitemeter.com/751f.html]
[www.sitemeter.com/b627.html]
[www.sitemeter.com/ad46.html]
[www.sitemeter.com/fb30.html]
[www.sitemeter.com/6720.html]
[www.sitemeter.com/e6fa.html]
[www.sitemeter.com/a5e0.html]
[www.sitemeter.com/a47b.html]
[www.sitemeter.com/ab03.html]
[www.sitemeter.com/be7a.html]
[www.sitemeter.com/1730.html]
[www.sitemeter.com/c289.html]
[www.sitemeter.com/7f51.html]
[www.sitemeter.com/3546.html]
[www.sitemeter.com/179b.html]
[www.sitemeter.com/76f1.html]
[www.sitemeter.com/935d.html]
[www.sitemeter.com/d8a7.html]
[www.sitemeter.com/5498.html]
[www.sitemeter.com/dc7a.html]
[www.sitemeter.com/a4f0.html]
[www.sitemeter.com/ef6d.html]
[www.sitemeter.com/c4c5.html]
[www.sitemeter.com/0fde.html]
[www.sitemeter.com/bddd.html]
[www.sitemeter.com/8b95.html]
[www.sitemeter.com/fb01.html]
[www.sitemeter.com/c590.html]
[www.sitemeter.com/dc2d.html]
[www.sitemeter.com/6b80.html]
[www.sitemeter.com/ab67.html]
[www.sitemeter.com/3b38.html]
[www.sitemeter.com/0e0e.html]
[www.sitemeter.com/1e23.html]
[www.sitemeter.com/4c43.html]
[www.sitemeter.com/1414.html]
[www.sitemeter.com/5d40.html]
[www.sitemeter.com/fa02.html]
[www.sitemeter.com/291a.html]
[www.sitemeter.com/1689.html]
[www.sitemeter.com/d847.html]
[www.sitemeter.com/3f43.html]
[www.sitemeter.com/f58b.html]
[www.sitemeter.com/d041.html]
[www.sitemeter.com/e427.html]
[www.sitemeter.com/7acc.html]
[www.sitemeter.com/e942.html]
[www.sitemeter.com/0cc8.html]
[www.sitemeter.com/previewmeter6838.gif]
[www.sitemeter.com/previewmeter6910.gif]
[www.sitemeter.com/previewmeter105b.gif]
[www.sitemeter.com/previewmetere9ab.gif]
[www.sitemeter.com/indexbc57.html]
[www.sitemeter.com/index0514.html]
[www.sitemeter.com/indexb63b.html]
[www.sitemeter.com/indexeb54.html]
[www.sitemeter.com/indexacd8.html]
[www.sitemeter.com/index26f5.html]
[www.sitemeter.com/indexf535.html]
[www.sitemeter.com/index0bc7.html]
[www.sitemeter.com/index5858.html]
[www.sitemeter.com/indexb522.html]
[www.sitemeter.com/index60b3.html]
[www.sitemeter.com/indexd686.html]
[www.sitemeter.com/indexa031.html]
[www.sitemeter.com/index4588.html]
[www.sitemeter.com/indexa08a.html]
[www.sitemeter.com/index3bb9.html]
[www.sitemeter.com/index6cef.html]
[www.sitemeter.com/images/CVRbanner2.jpg]
[www.sitemeter.com/images/CVRbanner.jpg]
[www.sitemeter.com/indexb8d3.html]
[www.sitemeter.com/images/second_chance.gif]
[www.sitemeter.com/index4932.html]
[www.sitemeter.com/images/fish-tank.jpg]
[www.sitemeter.com/indexfefc.html]
[www.sitemeter.com/images/gateworld_logo2.JPG]
[www.sitemeter.com/images/gateworld_clip_image002.jpg]
[www.sitemeter.com/index7a14.html]
[www.sitemeter.com/images/notebooks_com.png]
[www.sitemeter.com/indexea43.html]
[www.sitemeter.com/images/jerrytime.jpg]
[www.sitemeter.com/index89b6.html]
[www.sitemeter.com/images/OfficeSnapshots.jpg]
[www.sitemeter.com/index3ec4.html]
[www.sitemeter.com/images/my_urban_logo2.jpg]
[www.sitemeter.com/index7267.html]
[www.sitemeter.com/images/angryalien2.jpg]
[www.sitemeter.com/index15bd.html]
[www.sitemeter.com/images/18thCCuisine-Logo3.jpg]
[www.sitemeter.com/index8ddb.html]
[www.sitemeter.com/images/dave_long_box.jpg]
[www.sitemeter.com/indexbfc4.html]
[244.us/wp-content/themes/js/jackpotcity/jackpotcity_adplib.html]
[244.us/wp-content/themes/js/jackpotcity/jackpotcity.html]
[www.trekbrasilis.org/classico/guia/design9.jpg]
[www.trekbrasilis.org/classico/ds9/coluna/coluna14-4.jpg]
[www.trekbrasilis.org/classico/ds9/coluna/coluna14-6.jpg]
[www.trekbrasilis.org/classico/ds9/coluna/coluna14-7.jpg]
[www.trekbrasilis.org/classico/ds9/coluna/coluna14-8.jpg]
[www.trekbrasilis.org/classico/ds9/coluna/coluna14-14.jpg]
[www.trekbrasilis.org/classico/ds9/coluna/coluna14-15.jpg]
[www.trekbrasilis.org/classico/ds9/coluna/coluna14-17.jpg]
[www.trekbrasilis.org/classico/ds9/coluna/coluna14-20.jpg]
[www.trekbrasilis.org/classico/ds9/coluna/coluna14-22.jpg]
[www.trekbrasilis.org/classico/ds9/coluna/coluna14-24.jpg]
[www.trekbrasilis.org/classico/ds9/coluna/coluna14-26.jpg]
[www.trekbrasilis.org/classico/ds9/coluna/coluna14-28.jpg]
[www.trekbrasilis.org/classico/ds9/coluna/coluna14-30.jpg]
[www.trekbrasilis.org/classico/ds9/episodios/index.html]
[www.trekbrasilis.org/classico/ds9/episodios/index.html]
[www.trekbrasilis.org/classico/voy/coluna/coluna21-2.jpg]
[www.trekbrasilis.org/classico/voy/coluna/coluna21-3.jpg]
[www.trekbrasilis.org/classico/sn/supernovalogonovo.jpg]
[www.trekbrasilis.org/classico/sn/index.shtml]
[www.trekbrasilis.org/classico/sn/rumoaoinfinito/trechos.shtml]
[www.trekbrasilis.org/classico/sn/rumoaoinfinito/8-1.jpg]
[www.trekbrasilis.org/classico/sn/rumoaoinfinito/8-2.jpg]
[www.trekbrasilis.org/classico/sn/rumoaoinfinito/8-3.jpg]
[www.trekbrasilis.org/classico/sn/rumoaoinfinito/8-4.jpg]
[www.trekbrasilis.org/classico/sn/rumoaoinfinito/8-5.jpg]
[www.trekbrasilis.org/classico/sn/rumoaoinfinito/8-7.jpg]
[www.trekbrasilis.org/classico/sn/rumoaoinfinito/8-8.jpg]
[www.trekbrasilis.org/classico/sn/rumoaoinfinito/8-9.jpg]
[www.trekbrasilis.org/classico/sn/rumoaoinfinito/8-12.jpg]
[www.trekbrasilis.org/classico/sn/rumoaoinfinito/8-15.jpg]
[www.trekbrasilis.org/classico/sn/rumoaoinfinito/8-16.jpg]
[www.trekbrasilis.org/classico/sn/rumoaoinfinito/8-17.jpg]
[www.trekbrasilis.org/classico/sn/rumoaoinfinito/8-18.jpg]
[www.trekbrasilis.org/classico/sn/rumoaoinfinito/8-23.jpg]
[www.trekbrasilis.org/classico/sn/rumoaoinfinito/8-24.jpg]
[www.trekbrasilis.org/classico/sn/rumoaoinfinito/8-25.jpg]
[www.trekbrasilis.org/classico/sn/rumoaoinfinito/8-26.jpg]
[www.trekbrasilis.org/classico/sn/rumoaoinfinito/capitulo8.shtml]
[www.trekbrasilis.org/classico/sn/rumoaoinfinito/trecho2.shtml]
[www.trekbrasilis.org/classico/sn/rumoaoinfinito/lancamento4.jpg]
[www.trekbrasilis.org/classico/sn/rumoaoinfinito/lancamento6.jpg]
[www.trekbrasilis.org/classico/sn/cwsd/trechos.shtml]
[www.trekbrasilis.org/classico/sn/cwsd/esquema.shtml]
[www.trekbrasilis.org/classico/sn/cwsd/1896-2.jpg]
[www.trekbrasilis.org/classico/sn/cwsd/1897-2.jpg]
[www.trekbrasilis.org/classico/sn/cwsd/1898-2.jpg]
[www.trekbrasilis.org/classico/sn/cwsd/1899-1.jpg]
[www.trekbrasilis.org/classico/sn/cwsd/1900-3.jpg]
[www.trekbrasilis.org/classico/sn/cwsd/1901-1.jpg]
[www.trekbrasilis.org/classico/sn/cwsd/1901-2.jpg]
[www.trekbrasilis.org/classico/sn/cwsd/1903-3.jpg]
[www.trekbrasilis.org/classico/sn/cwsd/1903-6.jpg]
[www.trekbrasilis.org/classico/sn/cwsd/1904-2.jpg]
[www.trekbrasilis.org/classico/sn/cwsd/1904-3.jpg]
[www.trekbrasilis.org/classico/sn/cwsd/1905-2.jpg]
[www.trekbrasilis.org/classico/sn/cwsd/1905-4.jpg]
[www.trekbrasilis.org/classico/sn/cwsd/1907-2.jpg]
[www.trekbrasilis.org/classico/sn/cwsd/1908-1.jpg]
[www.trekbrasilis.org/classico/sn/cwsd/1908-2.jpg]
[www.trekbrasilis.org/classico/sn/cwsd/1908-4.jpg]
[www.trekbrasilis.org/classico/sn/cwsd/1909-3.jpg]
[www.trekbrasilis.org/classico/sn/cwsd/1909-5.jpg]
[www.trekbrasilis.org/classico/sn/cwsd/1909-7.jpg]
[www.trekbrasilis.org/classico/sn/cwsd/1910-1.jpg]
[www.trekbrasilis.org/classico/sn/cwsd/1910-3.jpg]
[www.trekbrasilis.org/classico/sn/cwsd/1897meyer.jpg]
[www.trekbrasilis.org/classico/sn/cwsd/1899meyer.jpg]
[www.trekbrasilis.org/classico/sn/cwsd/1900meyer.jpg]
[www.trekbrasilis.org/classico/sn/cwsd/1903meyer.jpg]
[www.trekbrasilis.org/classico/sn/cwsd/1904meyer.jpg]
[www.trekbrasilis.org/classico/sn/cwsd/1907meyer.jpg]
[www.trekbrasilis.org/classico/sn/cwsd/1909meyer.jpg]
[www.trekbrasilis.org/classico/sn/cwsd/1927meyer.jpg]
[www.trekbrasilis.org/classico/sn/cwsd/2006meyer.jpg]
[www.trekbrasilis.org/classico/sn/cwsd/lancamento-2.jpg]
[www.trekbrasilis.org/classico/sn/cwsd/lancamento-4.jpg]
[www.trekbrasilis.org/classico/entretenimento/fanfics/fanficstitulo.gif]
[www.trekbrasilis.org/classico/entretenimento/fanfics/sobreviventescapa.jpg]
[www.trekbrasilis.org/classico/entretenimento/satiras/divagacoes04.htm]
[www.trekbrasilis.org/classico/entretenimento/satiras/CENA-03.jpg]
[www.trekbrasilis.org/classico/entretenimento/satiras/divagacoes03.htm]
[www.trekbrasilis.org/classico/entretenimento/satiras/mayweather1.jpg]
[www.trekbrasilis.org/classico/entretenimento/satiras/mayweather.jpg]
[www.trekbrasilis.org/classico/entretenimento/satiras/topohqdir.gif]
[www.trekbrasilis.org/classico/entretenimento/satiras/lockwood1.jpg]
[www.trekbrasilis.org/classico/entretenimento/satiras/lockwood4.jpg]
[www.trekbrasilis.org/classico/entretenimento/satiras/pehqdir.gif]
[www.trekbrasilis.org/classico/entretenimento/fanfics/earthdcprologo.htm]
[www.trekbrasilis.org/classico/entretenimento/fanfics/earthdcprologo.htm]
[www.trekbrasilis.org/classico/entretenimento/fanfics/earthdc09.htm]
[www.trekbrasilis.org/classico/entretenimento/fanfics/earthdc09.htm]
[www.trekbrasilis.org/classico/entretenimento/sevtrek/newsevtrek.jpg]
[www.trekbrasilis.org/classico/entretenimento/sevtrek/index.htm]
[www.trekbrasilis.org/classico/entretenimento/trivia/logoorganiatb.jpg]
[www.trekbrasilis.org/classico/interacao/temastng.htm]
[www.trekbrasilis.org/classico/interacao/temasds9.htm]
[www.trekbrasilis.org/classico/interacao/temasvoy.htm]
[www.trekbrasilis.org/classico/interacao/temasent.htm]
[www.trekbrasilis.org/classico/interacao/temasfic.htm]
[www.trekbrasilis.org/classico/tos/episodios/tos2802.jpg]
[www.trekbrasilis.org/classico/tos/episodios/tos2803.jpg]
[www.trekbrasilis.org/classico/entrevistas/entrevista15-4.jpg]
[www.trekbrasilis.org/classico/entrevistas/e14fig3t.jpg]
[www.trekbrasilis.org/classico/ent/episodios/ent001-1.jpg]
[www.trekbrasilis.org/classico/ent/episodios/ent001-6.jpg]
[www.trekbrasilis.org/classico/ent/episodios/ent001-3.jpg]
[www.trekbrasilis.org/classico/ent/episodios/ent001-4.jpg]
[www.trekbrasilis.org/classico/ent/episodios/silik.jpg]
[www.trekbrasilis.org/classico/ent/episodios/leonard.jpg]
[www.trekbrasilis.org/classico/ent/episodios/ent013-1.jpg]
[www.trekbrasilis.org/classico/ent/episodios/ent017-3.jpg]
[www.trekbrasilis.org/classico/ent/episodios/ent017-4.jpg]
[www.trekbrasilis.org/classico/ent/episodios/ent017-6.jpg]
[www.trekbrasilis.org/classico/ent/episodios/ent010-2.jpg]
[www.trekbrasilis.org/classico/ent/episodios/ent010-7.jpg]
[www.trekbrasilis.org/classico/entrevistas/entrevista14-5big.jpg]
[www.trekbrasilis.org/classico/entrevistas/entrevista14-5big.jpg]
[www.trekbrasilis.org/classico/entrevistas/e10fig1.jpg]
[www.trekbrasilis.org/classico/entrevistas/e9fig2.jpg]
[www.trekbrasilis.org/classico/entrevistas/e9fig3.jpg]
[www.trekbrasilis.org/classico/entrevistas/e9fig4.jpg]
[www.trekbrasilis.org/classico/entrevistas/e9fig4.jpg]
[www.trekbrasilis.org/classico/entrevistas/e9fig6.jpg]
[www.trekbrasilis.org/classico/entrevistas/e9fig6.jpg]
[www.trekbrasilis.org/classico/entrevistas/entrevista7-5.jpg]
[www.trekbrasilis.org/classico/tas/episodios/estrela.jpg]
[www.trekbrasilis.org/classico/tas/episodios/meia.jpg]
[www.trekbrasilis.org/classico/tos/episodios/tos14-2.htm]
[www.trekbrasilis.org/classico/tos/episodios/tos14.jpg]
[www.trekbrasilis.org/classico/tos/episodios/tos1401.jpg]
[www.trekbrasilis.org/classico/tos/episodios/tos1402.jpg]
[www.trekbrasilis.org/classico/tos/episodios/tos1403.jpg]
[www.trekbrasilis.org/classico/tos/episodios/tos1404.jpg]
[www.trekbrasilis.org/classico/tos/episodios/tos1405.jpg]
[www.trekbrasilis.org/classico/tos/episodios/tos1406.jpg]
[www.trekbrasilis.org/classico/tos/episodios/tos1407.jpg]
[www.trekbrasilis.org/classico/tos/episodios/tos14-2.htm]
[www.trekbrasilis.org/classico/ds9/episodios/ds9001-3.jpg]
[www.trekbrasilis.org/classico/tos/coluna/coluna8-3.jpg]
[www.trekbrasilis.org/classico/tos/coluna/coluna8-4.jpg]
[www.trekbrasilis.org/classico/tos/coluna/coluna6-1.jpg]
[www.trekbrasilis.org/classico/tos/coluna/coluna6-2.jpg]
[www.trekbrasilis.org/classico/tos/coluna/coluna6-3.jpg]
[www.trekbrasilis.org/classico/tos/coluna/coluna6-4.jpg]
[www.trekbrasilis.org/classico/tos/coluna/coluna6-12.jpg]
[www.trekbrasilis.org/classico/tos/coluna/coluna6-14.jpg]
[www.trekbrasilis.org/classico/tos/coluna/coluna6-15.jpg]
[www.trekbrasilis.org/classico/tos/coluna/coluna6-16.jpg]
[www.trekbrasilis.org/classico/tos/coluna/coluna6-18.jpg]
[www.trekbrasilis.org/classico/tos/coluna/coluna5-1.jpg]
[www.trekbrasilis.org/classico/tos/coluna/coluna5-3.jpg]
[www.trekbrasilis.org/classico/tos/coluna/coluna5-4.jpg]
[www.trekbrasilis.org/classico/tos/coluna/coluna4-3.jpg]
[www.trekbrasilis.org/classico/tos/coluna/coluna4-5.gif]
[www.trekbrasilis.org/classico/tos/coluna/coluna4-8.jpg]
[www.trekbrasilis.org/classico/tos/coluna/coluna3-2.jpg]
[www.trekbrasilis.org/classico/tos/coluna/coluna3-4.jpg]
[www.trekbrasilis.org/classico/tos/coluna/coluna3-6.jpg]
[www.trekbrasilis.org/classico/tos/coluna/coluna3-8.jpg]
[www.trekbrasilis.org/classico/tos/coluna/coluna2-2.jpg]
[www.trekbrasilis.org/classico/tos/coluna/coluna2-4.jpg]
[www.trekbrasilis.org/classico/tos/coluna/coluna1-1.jpg]
[www.trekbrasilis.org/classico/tos/coluna/coluna1-4.jpg]
[www.trekbrasilis.org/classico/tos/episodios/tos0501.jpg]
[www.trekbrasilis.org/classico/tos/episodios/tos0503.jpg]
[www.trekbrasilis.org/classico/tos/episodios/tos06.jpg]
[www.trekbrasilis.org/classico/tos/episodios/tos0601.jpg]
[www.trekbrasilis.org/classico/tos/episodios/tos0903.jpg]
[www.trekbrasilis.org/classico/tos/episodios/tos1103.jpg]
[www.trekbrasilis.org/classico/tos/episodios/tos1101.jpg]
[www.trekbrasilis.org/classico/tos/episodios/tos1105.jpg]
[www.trekbrasilis.org/classico/tos/episodios/tos15.jpg]
[www.trekbrasilis.org/classico/tos/episodios/tos1604.jpg]
[www.trekbrasilis.org/classico/tos/episodios/tos1608.jpg]
[www.trekbrasilis.org/classico/tos/episodios/tos1704.jpg]
[www.trekbrasilis.org/classico/tos/episodios/tos1707.jpg]
[www.trekbrasilis.org/classico/tos/episodios/tos21.htm]
[www.trekbrasilis.org/classico/tos/episodios/tos21.jpg]
[www.trekbrasilis.org/classico/tos/episodios/tos21.htm]
[www.trekbrasilis.org/classico/tos/episodios/tos22.jpg]
[www.trekbrasilis.org/classico/tos/episodios/tos2603.jpg]
[www.trekbrasilis.org/classico/tos/episodios/tos2901.jpg]
[www.trekbrasilis.org/classico/tos/episodios/tos30.jpg]
[www.trekbrasilis.org/classico/tos/episodios/tos3001.jpg]
[www.trekbrasilis.org/classico/tos/episodios/tos3006.jpg]
[www.trekbrasilis.org/classico/tos/episodios/tos3101.jpg]
[www.trekbrasilis.org/classico/tos/episodios/tos3103.jpg]
[www.trekbrasilis.org/classico/tos/episodios/tos3105.jpg]
[www.trekbrasilis.org/classico/tos/episodios/tos3106.jpg]
[www.trekbrasilis.org/classico/tos/episodios/tos3305.jpg]
[www.trekbrasilis.org/classico/tos/episodios/tos34.jpg]
[www.trekbrasilis.org/classico/tos/episodios/tos35.jpg]
[www.trekbrasilis.org/classico/tos/episodios/tos3504.jpg]
[www.trekbrasilis.org/classico/tos/episodios/tos3507.jpg]
[www.trekbrasilis.org/classico/tos/episodios/tos3602.jpg]
[www.trekbrasilis.org/classico/tos/episodios/tos3606.jpg]
[www.trekbrasilis.org/classico/tos/episodios/tos37-1.jpg]
[www.trekbrasilis.org/classico/tos/episodios/tos37-3.jpg]
[www.trekbrasilis.org/classico/tos/episodios/tos37-4.jpg]
[www.trekbrasilis.org/classico/tos/episodios/tos038-2.jpg]
[www.trekbrasilis.org/classico/tos/episodios/tos038-4.jpg]
[www.trekbrasilis.org/classico/tos/episodios/tos039.jpg]
[www.trekbrasilis.org/classico/tos/episodios/tos039-2.jpg]
[www.trekbrasilis.org/classico/tos/episodios/tos039-4.jpg]
[www.trekbrasilis.org/classico/tos/episodios/tos039-6.jpg]
[www.trekbrasilis.org/classico/tos/episodios/tos040.jpg]
[www.trekbrasilis.org/classico/tos/episodios/tos040-1.jpg]
[www.trekbrasilis.org/classico/tos/episodios/tos040-2.jpg]
[www.trekbrasilis.org/classico/tos/episodios/tos041.jpg]
[www.trekbrasilis.org/classico/tos/episodios/tos041-3.jpg]
[www.trekbrasilis.org/classico/tos/episodios/tos041-5.jpg]
[www.trekbrasilis.org/classico/tos/episodios/tos041-6.jpg]
[www.trekbrasilis.org/classico/tos/episodios/tos042.jpg]
[www.trekbrasilis.org/classico/tos/episodios/tos042-1.jpg]
[www.trekbrasilis.org/classico/tos/episodios/tos042-7.jpg]
[www.trekbrasilis.org/classico/tos/episodios/tos043.jpg]
[www.trekbrasilis.org/classico/tos/episodios/tos043-1.jpg]
[www.trekbrasilis.org/classico/tos/episodios/tos043-2.jpg]
[www.trekbrasilis.org/classico/tos/episodios/tos044-1.jpg]
[www.trekbrasilis.org/classico/tos/episodios/tos044-2.jpg]
[www.trekbrasilis.org/classico/tos/episodios/tos044-3.jpg]
[www.trekbrasilis.org/classico/tos/episodios/tos044-4.jpg]
[www.trekbrasilis.org/classico/tos/episodios/tos4601.jpg]
[www.trekbrasilis.org/classico/tos/episodios/tos047.jpg]
[www.trekbrasilis.org/classico/tos/episodios/tos4702.jpg]
[www.trekbrasilis.org/classico/tos/episodios/tos4704.jpg]
[www.trekbrasilis.org/classico/tos/episodios/tos4706.jpg]
[www.trekbrasilis.org/classico/tos/episodios/tos4801.jpg]
[www.trekbrasilis.org/classico/tos/episodios/tos4803.jpg]
[www.trekbrasilis.org/classico/tos/episodios/tos4805.jpg]
[www.trekbrasilis.org/classico/tos/episodios/tos049-1.jpg]
[www.trekbrasilis.org/classico/tos/episodios/tos049-4.jpg]
[www.trekbrasilis.org/classico/tos/episodios/tos049-6.jpg]
[www.trekbrasilis.org/classico/tos/episodios/tos050.jpg]
[www.trekbrasilis.org/classico/tos/episodios/tos050-2.jpg]
[www.trekbrasilis.org/classico/tos/episodios/tos050-4.jpg]
[www.trekbrasilis.org/classico/tos/episodios/tos050-6.jpg]
[www.trekbrasilis.org/classico/tos/episodios/tos050-7.jpg]
[www.trekbrasilis.org/classico/tos/episodios/tos050-8.jpg]
[www.trekbrasilis.org/classico/tos/episodios/tos051-3.jpg]
[www.trekbrasilis.org/classico/tos/episodios/tos7801.jpg]
[www.trekbrasilis.org/classico/tos/episodios/tos7803.jpg]
[www.trekbrasilis.org/classico/tos/episodios/tos7804.jpg]
[www.trekbrasilis.org/classico/tos/episodios/tos7805.jpg]
[www.trekbrasilis.org/classico/tos/episodios/tos7806.jpg]
[www.trekbrasilis.org/classico/tos/producao/cage6.jpg]
[www.trekbrasilis.org/classico/tos/producao/cage2.jpg]
[www.trekbrasilis.org/classico/tos/producao/wherenomanoriginal.jpg]
[www.trekbrasilis.org/classico/tos/producao/wherenomanoriginal2.jpg]
[www.trekbrasilis.org/classico/tos/producao/wherenomanoriginal1.avi]
[www.trekbrasilis.org/classico/tos/producao/wherenomanoriginal1.avi]
[www.trekbrasilis.org/classico/tos/producao/wherenomanoriginal5.jpg]
[www.trekbrasilis.org/classico/tos/producao/wherenomanoriginal8.jpg]
[www.trekbrasilis.org/classico/tos/producao/wherenomanoriginal17.jpg]
[www.trekbrasilis.org/classico/tos/producao/courage1.jpg]
[www.trekbrasilis.org/classico/tos/producao/courage3.jpg]
[www.trekbrasilis.org/classico/tos/producao/klingon.jpg]
[www.trekbrasilis.org/classico/tos/producao/shuttlet.jpg]
[www.trekbrasilis.org/classico/tos/producao/amtkit.jpg]
[www.trekbrasilis.org/classico/tos/producao/amtkitt.jpg]
[www.trekbrasilis.org/classico/tos/producao/sickbay.jpg]
[www.trekbrasilis.org/classico/tos/producao/hangar.jpg]
[www.trekbrasilis.org/classico/tos/producao/klingon1t.jpg]
[www.trekbrasilis.org/classico/tos/producao/mattjefferies1.jpg]
[www.trekbrasilis.org/classico/tos/producao/coon1.jpg]
[www.trekbrasilis.org/classico/tos/producao/coon2.jpg]
[www.trekbrasilis.org/classico/tos/universo/especies/talosianos.htm]
[www.trekbrasilis.org/classico/tos/universo/especies/talosians.jpg]
[www.trekbrasilis.org/classico/tos/universo/especies/talosians1.jpg]
[www.trekbrasilis.org/classico/tos/universo/especies/talosians2.jpg]
[www.trekbrasilis.org/classico/tos/universo/especies/talosians3.jpg]
[www.trekbrasilis.org/classico/tos/universo/especies/talosians4.jpg]
[www.trekbrasilis.org/classico/tos/universo/especies/talosianos.htm]
[www.trekbrasilis.org/classico/tos/especiais/origens03.jpg]
[www.trekbrasilis.org/classico/tos/especiais/remasterizacao03.jpg]
[www.trekbrasilis.org/classico/tos/especiais/exp1.jpg]
[www.trekbrasilis.org/classico/tos/especiais/exp3.jpg]
[www.trekbrasilis.org/classico/tos/especiais/exp2.jpg]
[www.trekbrasilis.org/classico/tos/especiais/tosdvd1-1.jpg]
[www.trekbrasilis.org/classico/tos/especiais/tosdvd1-2.jpg]
[www.trekbrasilis.org/classico/tos/especiais/tosdvd1-5.jpg]
[www.trekbrasilis.org/classico/tos/especiais/nimoybrasil.jpg]
[www.trekbrasilis.org/classico/cgi-bin/news/viewnews.cgi_category=all&id=1066834434]
[www.trekbrasilis.org/classico/cgi-bin/news/viewnews.cgi_category=all&id=1055743903]
[www.trekbrasilis.org/classico/cgi-bin/news/viewnews.cgi_category=all&id=1057624531]
[www.trekbrasilis.org/classico/tos/especiais/stii.jpg]
[www.trekbrasilis.org/classico/tos/especiais/romulano.jpg]
[www.trekbrasilis.org/classico/index.shtml]
[www.trekbrasilis.org/classico/tos/especiais/leao16-titulo.jpg]
[www.trekbrasilis.org/classico/tos/especiais/leao16-4.jpg]
[www.trekbrasilis.org/classico/tos/especiais/leao16-3.jpg]
[www.trekbrasilis.org/classico/tos/especiais/leao15-3.jpg]
[www.trekbrasilis.org/classico/tos/especiais/newfrontier15a.jpg]
[www.trekbrasilis.org/classico/tos/especiais/newfrontier16a.jpg]
[www.trekbrasilis.org/classico/tos/especiais/newfrontier13.jpg]
[www.trekbrasilis.org/classico/tos/especiais/newfrontier14a.jpg]
[www.trekbrasilis.org/classico/tos/especiais/newfrontier09.jpg]
[www.trekbrasilis.org/classico/tos/especiais/newfrontier12.jpg]
[www.trekbrasilis.org/classico/tos/especiais/newfrontier02.jpg]
[www.trekbrasilis.org/classico/tos/especiais/www.trekweb.com]
[www.trekbrasilis.org/classico/tos/especiais/www.trekweb.com]
[www.trekbrasilis.org/classico/tos/especiais/leao12-2.jpg]
[www.trekbrasilis.org/classico/tos/especiais/leao11-9.jpg]
[www.trekbrasilis.org/classico/tos/especiais/leao11-7.jpg]
[www.trekbrasilis.org/classico/tos/especiais/leao10-2.jpg]
[www.trekbrasilis.org/classico/tos/especiais/leao10-1.jpg]
[www.trekbrasilis.org/classico/tos/especiais/leao10-4.jpg]
[www.trekbrasilis.org/classico/tos/especiais/leao9-4.jpg]
[www.trekbrasilis.org/classico/tos/especiais/leao9-8.jpg]
[www.trekbrasilis.org/classico/tos/especiais/leao8-3.jpg]
[www.trekbrasilis.org/classico/tos/especiais/leao8-2.jpg]
[www.trekbrasilis.org/classico/tos/especiais/leao8-6.jpg]
[www.trekbrasilis.org/classico/tos/especiais/leao8-5.jpg]
[www.trekbrasilis.org/classico/tos/especiais/leao6.htm]
[www.trekbrasilis.org/classico/tos/especiais/leao6-1.jpg]
[www.trekbrasilis.org/classico/tos/especiais/leao6-2.jpg]
[www.trekbrasilis.org/classico/tos/especiais/leao6-3.jpg]
[www.trekbrasilis.org/classico/tos/especiais/leao6-4.jpg]
[www.trekbrasilis.org/classico/tos/especiais/leao6-5.jpg]
[www.trekbrasilis.org/classico/tos/especiais/leao6-6.jpg]
[www.trekbrasilis.org/classico/tos/especiais/leao6-7.jpg]
[www.trekbrasilis.org/classico/tos/especiais/leao6.htm]
[www.trekbrasilis.org/classico/tos/especiais/leao5-1.jpg]
[www.trekbrasilis.org/classico/tos/especiais/leao5-6.jpg]
[www.trekbrasilis.org/classico/tos/especiais/leao5-7.jpg]
[www.trekbrasilis.org/classico/tos/especiais/leao4-3.jpg]
[www.trekbrasilis.org/classico/tos/especiais/leao2-4.jpg]
[www.trekbrasilis.org/classico/tos/especiais/leao2-2.jpg]
[www.trekbrasilis.org/classico/tas/breve7.jpg]
[www.trekbrasilis.org/classico/tas/episodios/index.htm]
[www.trekbrasilis.org/classico/tas/episodios/index.htm]
[www.trekbrasilis.org/classico/tas/episodios/tas01-1.jpg]
[www.trekbrasilis.org/classico/tas/episodios/tas01-2.jpg]
[www.trekbrasilis.org/classico/tas/episodios/tas03-4.jpg]
[www.trekbrasilis.org/classico/tas/episodios/tas04-1.jpg]
[www.trekbrasilis.org/classico/tas/episodios/tas03/index.html]
[www.trekbrasilis.org/classico/tas/episodios/tas03/index.html]
[www.trekbrasilis.org/classico/fase2/fii006.jpg]
[www.trekbrasilis.org/classico/tng/episodios/tng077-3.jpg]
[www.trekbrasilis.org/classico/tng/episodios/tng077-4.jpg]
[www.trekbrasilis.org/classico/filmes/especiais/estreianemesisanalisesnogueira1.jpg]
[www.trekbrasilis.org/classico/filmes/especiais/estreianemesisanalisesnogueira2.jpg]
[www.trekbrasilis.org/classico/filmes/especiais/estreianemesisanalisesnogueira3.jpg]
[www.trekbrasilis.org/classico/filmes/especiais/estreianemesisanalisesnogueira4.jpg]
[www.trekbrasilis.org/classico/filmes/especiais/estreianemesisanalisesnogueira5.jpg]
[www.trekbrasilis.org/classico/filmes/especiais/estreianemesisanalisesnogueira.htm]
[www.trekbrasilis.org/classico/filmes/especiais/estreianemesisanalisecastanheira1.jpg]
[www.trekbrasilis.org/classico/filmes/especiais/estreianemesisanalisecastanheira3.jpg]
[www.trekbrasilis.org/classico/filmes/especiais/estreianemesisanalisecastanheira5.jpg]
[www.trekbrasilis.org/classico/filmes/especiais/estreianemesisanalisecastanheira7.jpg]
[www.trekbrasilis.org/classico/filmes/especiais/estreianemesisanalisecastanheira.htm]
[www.trekbrasilis.org/classico/filmes/especiais/estreianemesisanalisepenteriche1.jpg]
[www.trekbrasilis.org/classico/filmes/especiais/estreianemesisanalisefpenteriche.htm]
[www.trekbrasilis.org/classico/filmes/especiais/estreianemesisanalisefrodrigues1.jpg]
[www.trekbrasilis.org/classico/filmes/especiais/estreianemesisanalisefrodrigues2.jpg]
[www.trekbrasilis.org/classico/filmes/especiais/estreianemesisanalisefrodrigues3.jpg]
[www.trekbrasilis.org/classico/filmes/especiais/estreianemesisanalisefrodrigues4.jpg]
[www.trekbrasilis.org/classico/filmes/especiais/estreianemesisanalisefrodrigues5.jpg]
[www.trekbrasilis.org/classico/filmes/especiais/estreianemesisanalisefrodrigues6.jpg]
[www.trekbrasilis.org/classico/filmes/especiais/estreianemesisanalisefrodrigues7.jpg]
[www.trekbrasilis.org/classico/filmes/especiais/estreianemesisanalisefrodrigues.htm]
[www.trekbrasilis.org/classico/filmes/especiais/estreianemesisanalisecsantos1.jpg]
[www.trekbrasilis.org/classico/filmes/especiais/estreianemesisanalisecsantos2.jpg]
[www.trekbrasilis.org/classico/filmes/especiais/estreianemesisanalisecsantos.htm]
[www.trekbrasilis.org/classico/tng/episodios/tng035-3.jpg]
[www.trekbrasilis.org/classico/tng/episodios/tng085c/index.htm]
[www.trekbrasilis.org/classico/filmes/especiais/st7indicet.jpg]
[www.trekbrasilis.org/classico/tng/coluna/coluna10-6.jpg]
[www.trekbrasilis.org/classico/tng/coluna/coluna8-2.jpg]
[www.trekbrasilis.org/classico/tng/coluna/coluna8-4.jpg]
[www.trekbrasilis.org/classico/tng/coluna/coluna6-2.jpg]
[www.trekbrasilis.org/classico/tng/coluna/coluna3-4.jpg]
[www.trekbrasilis.org/classico/tng/coluna/coluna2-1.jpg]
[www.trekbrasilis.org/classico/tng/coluna/coluna1-2.jpg]
[www.trekbrasilis.org/classico/tng/coluna/coluna1-5.jpg]
[www.trekbrasilis.org/classico/tng/episodios/tng001-6.jpg]
[www.trekbrasilis.org/classico/tng/episodios/tng004.jpg]
[www.trekbrasilis.org/classico/tng/episodios/tng007-3.jpg]
[www.trekbrasilis.org/classico/tng/episodios/tng008-4.jpg]
[www.trekbrasilis.org/classico/tng/episodios/tng010.jpg]
[www.trekbrasilis.org/classico/tng/episodios/tng011-3.jpg]
[www.trekbrasilis.org/classico/tng/episodios/tng012-1.jpg]
[www.trekbrasilis.org/classico/tng/episodios/tng013c/dimaggio1.jpg]
[www.trekbrasilis.org/classico/tng/episodios/tng013c/dm1.htm]
[www.trekbrasilis.org/classico/tng/episodios/tng013c/dimaggio2.jpg]
[www.trekbrasilis.org/classico/tng/episodios/tng013c/dm2.htm]
[www.trekbrasilis.org/classico/tng/episodios/tng013c/dimaggio3.jpg]
[www.trekbrasilis.org/classico/tng/episodios/tng013c/dm3.htm]
[www.trekbrasilis.org/classico/tng/episodios/tng013c/dimaggio4.jpg]
[www.trekbrasilis.org/classico/tng/episodios/tng013c/dm4.htm]
[www.trekbrasilis.org/classico/tng/episodios/tng013c/dimaggio5.jpg]
[www.trekbrasilis.org/classico/tng/episodios/tng013c/dm5.htm]
[www.trekbrasilis.org/classico/tng/episodios/tng013c/dimaggio6.jpg]
[www.trekbrasilis.org/classico/tng/episodios/tng013c/dm6.htm]
[www.trekbrasilis.org/classico/tng/episodios/tng013c/dimaggio7.jpg]
[www.trekbrasilis.org/classico/tng/episodios/tng013c/dm7.htm]
[www.trekbrasilis.org/classico/tng/episodios/tng013c/dm8.htm]
[www.trekbrasilis.org/classico/tng/episodios/tng013c/dm9.htm]
[www.trekbrasilis.org/classico/tng/episodios/tng013c/dimaggio10.jpg]
[www.trekbrasilis.org/classico/tng/episodios/tng013c/dm10.htm]
[www.trekbrasilis.org/classico/tng/episodios/tng013c/dm11.htm]
[www.trekbrasilis.org/classico/tng/episodios/tng013c/dimaggio12.jpg]
[www.trekbrasilis.org/classico/tng/episodios/tng013c/dm12.htm]
[www.trekbrasilis.org/classico/tng/episodios/tng013c/dimaggio13.jpg]
[www.trekbrasilis.org/classico/tng/episodios/tng013c/dm13.htm]
[www.trekbrasilis.org/classico/tng/episodios/tng013c/dimaggio14.jpg]
[www.trekbrasilis.org/classico/tng/episodios/tng013c/dm14.htm]
[www.trekbrasilis.org/classico/tng/episodios/tng013-4.jpg]
[www.trekbrasilis.org/classico/tng/episodios/tng015-2.jpg]
[www.trekbrasilis.org/classico/tng/episodios/tng016-4.jpg]
[www.trekbrasilis.org/classico/tng/episodios/tng018-4.jpg]
[www.trekbrasilis.org/classico/tng/episodios/tng019-1.jpg]
[www.trekbrasilis.org/classico/tng/episodios/tng021-4.jpg]
[www.trekbrasilis.org/classico/tng/episodios/tng022-1.jpg]
[www.trekbrasilis.org/classico/tng/episodios/tng023-5.jpg]
[www.trekbrasilis.org/classico/tng/episodios/tng024c/cb_6.jpg]
[www.trekbrasilis.org/classico/tng/episodios/tng024c/cb_8.jpg]
[www.trekbrasilis.org/classico/tng/episodios/tng024c/cb_9.jpg]
[www.trekbrasilis.org/classico/tng/episodios/tng024c/cb_11.jpg]
[www.trekbrasilis.org/classico/tng/episodios/tng024c/cb_12.jpg]
[www.trekbrasilis.org/classico/tng/episodios/tng024c/cb_13.jpg]
[www.trekbrasilis.org/classico/tng/episodios/tng024c/cb_14.jpg]
[www.trekbrasilis.org/classico/tng/episodios/tng024c/casablanca_3.htm]
[www.trekbrasilis.org/classico/tng/episodios/tng024c/casablanca_2.htm]
[www.trekbrasilis.org/classico/tng/episodios/tng024-2.jpg]
[www.trekbrasilis.org/classico/tng/episodios/tng027-3.jpg]
[www.trekbrasilis.org/classico/tng/episodios/tng028-3.jpg]
[www.trekbrasilis.org/classico/tng/episodios/tng029-5.jpg]
[www.trekbrasilis.org/classico/tng/episodios/tng030-2.jpg]
[www.trekbrasilis.org/classico/tng/episodios/tng031-4.jpg]
[www.trekbrasilis.org/classico/tng/episodios/tng032-1.jpg]
[www.trekbrasilis.org/classico/tng/episodios/tng033-5.jpg]
[www.trekbrasilis.org/classico/tng/episodios/tng036-3.jpg]
[www.trekbrasilis.org/classico/tng/episodios/tng037-1.jpg]
[www.trekbrasilis.org/classico/tng/episodios/tng037-3.jpg]
[www.trekbrasilis.org/classico/tng/episodios/tng075-4.jpg]
[www.trekbrasilis.org/classico/tng/episodios/tng076-1.jpg]
[www.trekbrasilis.org/classico/tng/episodios/tng078.jpg]
[www.trekbrasilis.org/classico/tng/episodios/tng080.jpg]
[www.trekbrasilis.org/classico/tng/episodios/tng082c/misty.html]
[www.trekbrasilis.org/classico/tng/episodios/tng083-2.jpg]
[www.trekbrasilis.org/classico/tng/episodios/tng084-6.jpg]
[www.trekbrasilis.org/classico/tng/episodios/tng086-2.jpg]
[www.trekbrasilis.org/classico/tng/episodios/tng087-2.jpg]
[www.trekbrasilis.org/classico/tng/episodios/tng087-5.jpg]
[www.trekbrasilis.org/classico/tng/episodios/tng088.jpg]
[www.trekbrasilis.org/classico/tng/episodios/tng090-1.jpg]
[www.trekbrasilis.org/classico/tng/episodios/tng092.jpg]
[www.trekbrasilis.org/classico/tng/episodios/tng092-3.jpg]
[www.trekbrasilis.org/classico/tng/episodios/tng093-3.jpg]
[www.trekbrasilis.org/classico/tng/episodios/tng094-4.jpg]
[www.trekbrasilis.org/classico/tng/episodios/tng096-2.jpg]
[www.trekbrasilis.org/classico/tng/episodios/tng098.jpg]
[www.trekbrasilis.org/classico/tng/episodios/tng098-3.jpg]
[www.trekbrasilis.org/classico/tng/episodios/tng101.jpg]
[www.trekbrasilis.org/classico/tng/episodios/tng103-1.jpg]
[www.trekbrasilis.org/classico/tng/episodios/tng105-2.jpg]
[www.trekbrasilis.org/classico/tng/episodios/tng105-3.jpg]
[www.trekbrasilis.org/classico/tng/episodios/tng108-2.jpg]
[www.trekbrasilis.org/classico/tng/episodios/tng108-3.jpg]
[www.trekbrasilis.org/classico/tng/episodios/tng110-3.jpg]
[www.trekbrasilis.org/classico/tng/episodios/tng112.jpg]
[www.trekbrasilis.org/classico/tng/episodios/tng112-2.jpg]
[www.trekbrasilis.org/classico/tng/episodios/tng112-4.jpg]
[www.trekbrasilis.org/classico/tng/episodios/tng115-2.jpg]
[www.trekbrasilis.org/classico/tng/episodios/tng116-3.jpg]
[www.trekbrasilis.org/classico/tng/episodios/tng118-3.jpg]
[www.trekbrasilis.org/classico/tng/episodios/tng121-3.jpg]
[www.trekbrasilis.org/classico/tng/episodios/tng122-5.jpg]
[www.trekbrasilis.org/classico/tng/episodios/tng123-2.jpg]
[www.trekbrasilis.org/classico/tng/episodios/tng124-3.jpg]
[www.trekbrasilis.org/classico/tng/episodios/tng124-4.jpg]
[www.trekbrasilis.org/classico/tng/episodios/tng125.jpg]
[www.trekbrasilis.org/classico/tng/episodios/tng126-5.jpg]
[www.trekbrasilis.org/classico/tng/episodios/tng127-3.jpg]
[www.trekbrasilis.org/classico/tng/episodios/tng128.jpg]
[www.trekbrasilis.org/classico/tng/episodios/tng128-2.jpg]
[www.trekbrasilis.org/classico/tng/episodios/tng129-1.jpg]
[www.trekbrasilis.org/classico/tng/episodios/tng131-1.jpg]
[www.trekbrasilis.org/classico/tng/episodios/tng131-2.jpg]
[www.trekbrasilis.org/classico/tng/episodios/tng131-4.jpg]
[www.trekbrasilis.org/classico/tng/episodios/tng134-5.jpg]
[www.trekbrasilis.org/classico/tng/episodios/tng136.jpg]
[www.trekbrasilis.org/classico/tng/episodios/tng136-3.jpg]
[www.trekbrasilis.org/classico/tng/episodios/tng137-5.jpg]
[www.trekbrasilis.org/classico/tng/episodios/tng138-2.jpg]
[www.trekbrasilis.org/classico/tng/episodios/tng139.jpg]
[www.trekbrasilis.org/classico/tng/episodios/tng139-3.jpg]
[www.trekbrasilis.org/classico/tng/episodios/tng141-1.jpg]
[www.trekbrasilis.org/classico/tng/episodios/tng141-3.jpg]
[www.trekbrasilis.org/classico/tng/episodios/tng141-4.jpg]
[www.trekbrasilis.org/classico/tng/episodios/tng144.jpg]
[www.trekbrasilis.org/classico/tng/episodios/tng144-2.jpg]
[www.trekbrasilis.org/classico/tng/episodios/tng145-1.jpg]
[www.trekbrasilis.org/classico/tng/episodios/tng145-4.jpg]
[www.trekbrasilis.org/classico/tng/episodios/tng146-1.jpg]
[www.trekbrasilis.org/classico/tng/producao/diario3-6.jpg]
[www.trekbrasilis.org/classico/tng/producao/diario3-4.jpg]
[www.trekbrasilis.org/classico/tng/producao/diario4-1.jpg]
[www.trekbrasilis.org/classico/tng/producao/diario4-3.jpg]
[www.trekbrasilis.org/classico/tng/producao/diario5-6.jpg]
[www.trekbrasilis.org/classico/tng/producao/uniforme-4.jpg]
[www.trekbrasilis.org/classico/tng/producao/uniforme-12.jpg]
[www.trekbrasilis.org/classico/tng/producao/uniforme-8.jpg]
[www.trekbrasilis.org/classico/tng/producao/uniforme-9.jpg]
[www.trekbrasilis.org/classico/tng/producao/uniforme-10.jpg]
[www.trekbrasilis.org/classico/tng/producao/picard1.jpg]
[www.trekbrasilis.org/classico/tng/producao/sarek2.jpg]
[www.trekbrasilis.org/classico/tng/producao/sarek4.jpg]
[www.trekbrasilis.org/classico/tng/producao/borg1.jpg]
[www.trekbrasilis.org/classico/tng/producao/borg2.jpg]
[www.trekbrasilis.org/classico/tng/producao/chase.htm]
[www.trekbrasilis.org/classico/tng/producao/chase1.jpg]
[www.trekbrasilis.org/classico/tng/producao/chase2.jpg]
[www.trekbrasilis.org/classico/tng/producao/chase3.jpg]
[www.trekbrasilis.org/classico/tng/producao/chase4.jpg]
[www.trekbrasilis.org/classico/tng/producao/chase5.jpg]
[www.trekbrasilis.org/classico/tng/producao/chase6.jpg]
[www.trekbrasilis.org/classico/tng/producao/chase7.jpg]
[www.trekbrasilis.org/classico/tng/producao/chase8.jpg]
[www.trekbrasilis.org/classico/tng/producao/chase.htm]
[www.trekbrasilis.org/classico/tng/universo/tecnologia/holodeck.htm]
[www.trekbrasilis.org/classico/tng/universo/tecnologia/holodeck4.jpg]
[www.trekbrasilis.org/classico/tng/universo/tecnologia/holodeck5.jpg]
[www.trekbrasilis.org/classico/tng/universo/tecnologia/holodeck1.jpg]
[www.trekbrasilis.org/classico/tng/universo/tecnologia/holodeck3.jpg]
[www.trekbrasilis.org/classico/tng/universo/tecnologia/holodeck.htm]
[www.trekbrasilis.org/classico/tng/universo/tecnologia/transporte.htm]
[www.trekbrasilis.org/classico/tng/universo/tecnologia/transporte1.jpg]
[www.trekbrasilis.org/classico/tng/universo/tecnologia/transporte3.jpg]
[www.trekbrasilis.org/classico/tng/universo/tecnologia/transporte4.jpg]
[www.trekbrasilis.org/classico/tng/universo/tecnologia/transporte5.jpg]
[www.trekbrasilis.org/classico/tng/universo/tecnologia/transporte6.jpg]
[www.trekbrasilis.org/classico/tng/universo/tecnologia/transporte.htm]
[www.trekbrasilis.org/classico/ds9/episodios/ds9066-1.jpg]
[www.trekbrasilis.org/classico/ds9/episodios/ds9066-1.jpg]
[www.trekbrasilis.org/classico/ds9/coluna/coluna12-7.jpg]
[www.trekbrasilis.org/classico/ds9/coluna/coluna12-9.jpg]
[www.trekbrasilis.org/classico/ds9/coluna/coluna11-7.jpg]
[www.trekbrasilis.org/classico/ds9/coluna/coluna11-3.jpg]
[www.trekbrasilis.org/classico/ds9/coluna/coluna11-5.jpg]
[www.trekbrasilis.org/classico/ds9/coluna/coluna11-9.jpg]
[www.trekbrasilis.org/classico/ds9/coluna/coluna11-10.jpg]
[www.trekbrasilis.org/classico/ds9/coluna/coluna10.htm]
[www.trekbrasilis.org/classico/ds9/coluna/coluna10-1.jpg]
[www.trekbrasilis.org/classico/ds9/coluna/coluna10-2.jpg]
[www.trekbrasilis.org/classico/ds9/coluna/coluna10-3.jpg]
[www.trekbrasilis.org/classico/ds9/coluna/coluna10-5.1e6a.delayed]
[www.trekbrasilis.org/classico/ds9/coluna/coluna10-7.jpg]
[www.trekbrasilis.org/classico/ds9/coluna/coluna10-8.jpg]
[www.trekbrasilis.org/classico/ds9/coluna/coluna10-9.jpg]
[www.trekbrasilis.org/classico/ds9/coluna/coluna10.htm]
[www.trekbrasilis.org/classico/ds9/coluna/coluna8-15.jpg]
[www.trekbrasilis.org/classico/ds9/coluna/coluna6-2.jpg]
[www.trekbrasilis.org/classico/ds9/episodios/temp1-5.jpg]
[www.trekbrasilis.org/classico/ds9/episodios/temp2-9.jpg]
[www.trekbrasilis.org/classico/ds9/episodios/ds9073-6.jpg]
[www.trekbrasilis.org/classico/ds9/episodios/ds9003-2.jpg]
[www.trekbrasilis.org/classico/ds9/episodios/ds9005.jpg]
[www.trekbrasilis.org/classico/ds9/episodios/ds9005-3.jpg]
[www.trekbrasilis.org/classico/ds9/episodios/ds9006-1.jpg]
[www.trekbrasilis.org/classico/ds9/episodios/ds9007-1.jpg]
[www.trekbrasilis.org/classico/ds9/episodios/ds9009-1.jpg]
[www.trekbrasilis.org/classico/ds9/episodios/ds9010-1.jpg]
[www.trekbrasilis.org/classico/ds9/episodios/ds9011.jpg]
[www.trekbrasilis.org/classico/ds9/episodios/ds9011-2.jpg]
[www.trekbrasilis.org/classico/ds9/episodios/ds9012-3.jpg]
[www.trekbrasilis.org/classico/ds9/episodios/ds9013-1.jpg]
[www.trekbrasilis.org/classico/ds9/episodios/ds9013-2.jpg]
[www.trekbrasilis.org/classico/ds9/episodios/ds9014.jpg]
[www.trekbrasilis.org/classico/ds9/episodios/ds9016-1.jpg]
[www.trekbrasilis.org/classico/ds9/episodios/ds9017-1.jpg]
[www.trekbrasilis.org/classico/ds9/episodios/ds9020-1.jpg]
[www.trekbrasilis.org/classico/ds9/episodios/ds9021-1.jpg]
[www.trekbrasilis.org/classico/ds9/episodios/ds9021-2.jpg]
[www.trekbrasilis.org/classico/ds9/episodios/ds9024.jpg]
[www.trekbrasilis.org/classico/ds9/episodios/ds9024-3.jpg]
[www.trekbrasilis.org/classico/ds9/episodios/ds9027-3.jpg]
[www.trekbrasilis.org/classico/ds9/episodios/ds9030-4.jpg]
[www.trekbrasilis.org/classico/ds9/episodios/ds9031-2.jpg]
[www.trekbrasilis.org/classico/ds9/episodios/ds9033-3.jpg]
[www.trekbrasilis.org/classico/ds9/episodios/ds9034-5.jpg]
[www.trekbrasilis.org/classico/ds9/episodios/ds9036-3.jpg]
[www.trekbrasilis.org/classico/ds9/episodios/ds9037.jpg]
[www.trekbrasilis.org/classico/ds9/episodios/ds9037-3.jpg]
[www.trekbrasilis.org/classico/ds9/episodios/ds9039-3.jpg]
[www.trekbrasilis.org/classico/ds9/episodios/ds9039-5.jpg]
[www.trekbrasilis.org/classico/ds9/episodios/ds9040-1.jpg]
[www.trekbrasilis.org/classico/ds9/episodios/ds9040-5.jpg]
[www.trekbrasilis.org/classico/ds9/episodios/ds9042-3.jpg]
[www.trekbrasilis.org/classico/ds9/episodios/ds9044-1.jpg]
[www.trekbrasilis.org/classico/ds9/episodios/ds9046-2.jpg]
[www.trekbrasilis.org/classico/ds9/episodios/ds9047-1.jpg]
[www.trekbrasilis.org/classico/ds9/episodios/ds9047-3.jpg]
[www.trekbrasilis.org/classico/ds9/episodios/ds9049-5.jpg]
[www.trekbrasilis.org/classico/ds9/episodios/ds9050-2.jpg]
[www.trekbrasilis.org/classico/ds9/episodios/ds9050-3.jpg]
[www.trekbrasilis.org/classico/ds9/episodios/ds9052-3.jpg]
[www.trekbrasilis.org/classico/ds9/episodios/ds9052-5.jpg]
[www.trekbrasilis.org/classico/ds9/episodios/ds9055-2.jpg]
[www.trekbrasilis.org/classico/ds9/episodios/ds9057.jpg]
[www.trekbrasilis.org/classico/ds9/episodios/ds9057-5.jpg]
[www.trekbrasilis.org/classico/ds9/episodios/ds9059-3.jpg]
[www.trekbrasilis.org/classico/ds9/episodios/ds9059-5.jpg]
[www.trekbrasilis.org/classico/ds9/episodios/ds9060-1.jpg]
[www.trekbrasilis.org/classico/ds9/episodios/ds9060-3.jpg]
[www.trekbrasilis.org/classico/ds9/episodios/ds9063.jpg]
[www.trekbrasilis.org/classico/ds9/episodios/ds9063-3.jpg]
[www.trekbrasilis.org/classico/ds9/episodios/ds9065.jpg]
[www.trekbrasilis.org/classico/ds9/episodios/ds9065-3.jpg]
[www.trekbrasilis.org/classico/ds9/episodios/ds9068-4.jpg]
[www.trekbrasilis.org/classico/ds9/episodios/ds9068-5.jpg]
[www.trekbrasilis.org/classico/ds9/episodios/ds9069-1.jpg]
[www.trekbrasilis.org/classico/ds9/producao/diario1-2.jpg]
[www.trekbrasilis.org/classico/ds9/producao/diario1-3.jpg]
[www.trekbrasilis.org/classico/ds9/producao/defiant1.jpg]
[www.trekbrasilis.org/classico/ds9/producao/defiant4.jpg]
[www.trekbrasilis.org/classico/ds9/producao/defiant8.jpg]
[www.trekbrasilis.org/classico/ds9/producao/verdadesmentiras1.jpg]
[www.trekbrasilis.org/classico/ds9/producao/verdadesmentiras3.jpg]
[www.trekbrasilis.org/classico/ds9/producao/verdadesmentiras6.jpg]
[www.trekbrasilis.org/classico/ds9/producao/verdadesmentiras7.jpg]
[www.trekbrasilis.org/classico/ds9/producao/verdadesmentiras9.jpg]
[www.trekbrasilis.org/classico/ds9/producao/verdadesmentiras10.jpg]
[www.trekbrasilis.org/classico/ds9/universo/tecnologia/index.htm]
[www.trekbrasilis.org/classico/ds9/universo/biografias/kira.htm]
[www.trekbrasilis.org/classico/ds9/universo/biografias/kira.jpg]
[www.trekbrasilis.org/classico/ds9/universo/biografias/kira1.jpg]
[www.trekbrasilis.org/classico/ds9/universo/biografias/kira2.jpg]
[www.trekbrasilis.org/classico/ds9/universo/biografias/kira3.jpg]
[www.trekbrasilis.org/classico/ds9/universo/biografias/kira4.jpg]
[www.trekbrasilis.org/classico/ds9/universo/biografias/kira5.jpg]
[www.trekbrasilis.org/classico/ds9/universo/biografias/kira.htm]
[www.trekbrasilis.org/classico/ds9/especiais/paraiso2.htm]
[www.trekbrasilis.org/classico/ds9/especiais/paraiso01.jpg]
[www.trekbrasilis.org/classico/ds9/especiais/paraiso02.jpg]
[www.trekbrasilis.org/classico/ds9/especiais/paraiso03.jpg]
[www.trekbrasilis.org/classico/ds9/especiais/paraiso04.jpg]
[www.trekbrasilis.org/classico/ds9/especiais/paraiso05.jpg]
[www.trekbrasilis.org/classico/ds9/especiais/paraiso2.htm]
[www.trekbrasilis.org/classico/ds9/especiais/nana4.jpg]
[www.trekbrasilis.org/classico/ds9/especiais/continuidade1.jpg]
[www.trekbrasilis.org/classico/ds9/especiais/continuidade2.jpg]
[www.trekbrasilis.org/classico/ds9/especiais/continuidade4.jpg]
[www.trekbrasilis.org/classico/ds9/especiais/nanavisitor2.jpg]
[www.trekbrasilis.org/classico/ds9/especiais/nanavisitor3.jpg]
[www.trekbrasilis.org/classico/ds9/especiais/depenando1.jpg]
[www.trekbrasilis.org/classico/ds9/especiais/depenando4.jpg]
[www.trekbrasilis.org/classico/voy/episodios/voy010-3.jpg]
[www.trekbrasilis.org/classico/voy/coluna/coluna17-1.jpg]
[www.trekbrasilis.org/classico/voy/coluna/coluna15-2t.jpg]
[www.trekbrasilis.org/classico/voy/coluna/coluna15-4t.jpg]
[www.trekbrasilis.org/classico/voy/coluna/coluna15-5t.jpg]
[www.trekbrasilis.org/classico/voy/coluna/coluna15-6t.jpg]
[www.trekbrasilis.org/classico/voy/coluna/coluna14-4.jpg]
[www.trekbrasilis.org/classico/voy/coluna/coluna14-8.jpg]
[www.trekbrasilis.org/classico/voy/coluna/coluna13-2.jpg]
[www.trekbrasilis.org/classico/voy/coluna/coluna12-4.jpg]
[www.trekbrasilis.org/classico/voy/coluna/coluna5-1.jpg]
[www.trekbrasilis.org/classico/voy/coluna/coluna7-1.jpg]
[www.trekbrasilis.org/classico/voy/coluna/coluna3-3.jpg]
[www.trekbrasilis.org/classico/voy/coluna/coluna3-2.jpg]
[www.trekbrasilis.org/classico/voy/episodios/voy001-8.jpg]
[www.trekbrasilis.org/classico/voy/episodios/voy001-6.jpg]
[www.trekbrasilis.org/classico/voy/episodios/voy001-7.jpg]
[www.trekbrasilis.org/classico/voy/episodios/voy003.jpg]
[www.trekbrasilis.org/classico/voy/episodios/voy005-5.jpg]
[www.trekbrasilis.org/classico/voy/episodios/voy006-3.jpg]
[www.trekbrasilis.org/classico/voy/episodios/voy008-3.jpg]
[www.trekbrasilis.org/classico/voy/episodios/voy008-5.jpg]
[www.trekbrasilis.org/classico/voy/episodios/voy009-1.jpg]
[www.trekbrasilis.org/classico/voy/episodios/voy011.jpg]
[www.trekbrasilis.org/classico/voy/episodios/voy011-5.jpg]
[www.trekbrasilis.org/classico/voy/episodios/voy013-3.jpg]
[www.trekbrasilis.org/classico/voy/episodios/voy015-3.jpg]
[www.trekbrasilis.org/classico/voy/episodios/voy018-5.jpg]
[www.trekbrasilis.org/classico/voy/episodios/voy019-2.jpg]
[www.trekbrasilis.org/classico/voy/episodios/voy021-1.jpg]
[www.trekbrasilis.org/classico/voy/episodios/voy022-3.jpg]
[www.trekbrasilis.org/classico/voy/episodios/voy023-2.jpg]
[www.trekbrasilis.org/classico/voy/episodios/voy024-3.jpg]
[www.trekbrasilis.org/classico/voy/episodios/voy026.jpg]
[www.trekbrasilis.org/trek brasilis/oberon/public_html/public_html/ds9/episodios/int.jpg]
[www.trekbrasilis.org/trek brasilis/oberon/public_html/public_html/ds9/episodios/int.jpg]
[www.trekbrasilis.org/classico/voy/episodios/voy028-3.jpg]
[www.trekbrasilis.org/classico/voy/episodios/voy029-1.jpg]
[www.trekbrasilis.org/classico/voy/episodios/voy034-3.jpg]
[www.trekbrasilis.org/classico/voy/episodios/voy035-3.jpg]
[www.trekbrasilis.org/classico/voy/episodios/voy036.jpg]
[www.trekbrasilis.org/classico/voy/episodios/voy038-1.jpg]
[www.trekbrasilis.org/classico/voy/episodios/voy039-5.jpg]
[www.trekbrasilis.org/classico/voy/episodios/voy040-2.jpg]
[www.trekbrasilis.org/classico/voy/episodios/voy040-3.jpg]
[www.trekbrasilis.org/classico/voy/episodios/voy042-3.jpg]
[www.trekbrasilis.org/classico/voy/episodios/voy043-7.jpg]
[www.trekbrasilis.org/classico/voy/episodios/voy045-4.jpg]
[www.trekbrasilis.org/classico/voy/episodios/voy045-3.jpg]
[www.trekbrasilis.org/classico/voy/episodios/voy045-3.jpg]
[www.trekbrasilis.org/classico/voy/episodios/voy046.jpg]
[www.trekbrasilis.org/classico/voy/episodios/voy050-2.jpg]
[www.trekbrasilis.org/classico/voy/episodios/voy050-5.jpg]
[www.trekbrasilis.org/classico/voy/episodios/voy051.jpg]
[www.trekbrasilis.org/classico/voy/episodios/voy051-11.jpg]
[www.trekbrasilis.org/classico/voy/episodios/voy052-1.jpg]
[www.trekbrasilis.org/classico/voy/episodios/voy054-3.jpg]
[www.trekbrasilis.org/classico/voy/episodios/voy054-4.jpg]
[www.trekbrasilis.org/classico/voy/episodios/voy056-1.jpg]
[www.trekbrasilis.org/classico/voy/episodios/voy057-3.jpg]
[www.trekbrasilis.org/classico/voy/episodios/voy057-3.jpg]
[www.trekbrasilis.org/classico/voy/episodios/voy069-6.jpg]
[www.trekbrasilis.org/classico/voy/episodios/voy070-2.jpg]
[www.trekbrasilis.org/classico/voy/episodios/voy072.jpg]
[www.trekbrasilis.org/classico/voy/episodios/voy073-4.jpg]
[www.trekbrasilis.org/classico/voy/episodios/voy074.jpg]
[www.trekbrasilis.org/classico/voy/episodios/voy074-2.jpg]
[www.trekbrasilis.org/classico/voy/episodios/voy074-3.jpg]
[www.trekbrasilis.org/classico/voy/episodios/voy074-6.jpg]
[www.trekbrasilis.org/classico/voy/episodios/voy075-4.jpg]
[www.trekbrasilis.org/classico/voy/episodios/voy075-1.jpg]
[www.trekbrasilis.org/classico/voy/episodios/voy075-3.jpg]
[www.trekbrasilis.org/classico/voy/episodios/voy076.jpg]
[www.trekbrasilis.org/classico/voy/episodios/voy076-1.jpg]
[www.trekbrasilis.org/classico/voy/episodios/voy076-6.jpg]
[www.trekbrasilis.org/classico/voy/episodios/voy076-8.jpg]
[www.trekbrasilis.org/classico/voy/episodios/voy076-9.jpg]
[www.trekbrasilis.org/classico/voy/episodios/voy077-1.jpg]
[www.trekbrasilis.org/classico/voy/episodios/voy077-3.jpg]
[www.trekbrasilis.org/classico/voy/episodios/voy077-4.jpg]
[www.trekbrasilis.org/classico/voy/episodios/voy077-5.jpg]
[www.trekbrasilis.org/classico/voy/episodios/voy077-6.jpg]
[www.trekbrasilis.org/classico/voy/episodios/voy078-1.jpg]
[www.trekbrasilis.org/classico/voy/episodios/voy078-3.jpg]
[www.trekbrasilis.org/classico/voy/episodios/voy078-5.jpg]
[www.trekbrasilis.org/classico/voy/episodios/voy079-1.jpg]
[www.trekbrasilis.org/classico/voy/episodios/voy079-3.jpg]
[www.trekbrasilis.org/classico/voy/episodios/voy079-4.jpg]
[www.trekbrasilis.org/classico/voy/episodios/voy080.jpg]
[www.trekbrasilis.org/classico/voy/episodios/voy080-1.jpg]
[www.trekbrasilis.org/classico/voy/episodios/voy080-5.jpg]
[www.trekbrasilis.org/classico/voy/episodios/voy080-7.jpg]
[www.trekbrasilis.org/classico/voy/episodios/voy081-1.jpg]
[www.trekbrasilis.org/classico/voy/episodios/voy081-4.jpg]
[www.trekbrasilis.org/classico/voy/episodios/voy081-5.jpg]
[www.trekbrasilis.org/classico/voy/episodios/voy082.jpg]
[www.trekbrasilis.org/classico/voy/episodios/voy082-3.jpg]
[www.trekbrasilis.org/classico/voy/episodios/voy082-4.jpg]
[www.trekbrasilis.org/classico/voy/episodios/voy082-7.jpg]
[www.trekbrasilis.org/classico/voy/episodios/voy083.jpg]
[www.trekbrasilis.org/classico/voy/episodios/voy083-1.jpg]
[www.trekbrasilis.org/classico/voy/episodios/voy083-6.jpg]
[www.trekbrasilis.org/classico/voy/episodios/voy084.jpg]
[www.trekbrasilis.org/classico/voy/episodios/voy084-1.jpg]
[www.trekbrasilis.org/classico/voy/episodios/voy084-4.jpg]
[www.trekbrasilis.org/classico/voy/episodios/voy084-6.jpg]
[www.trekbrasilis.org/classico/voy/episodios/voy085.jpg]
[www.trekbrasilis.org/classico/voy/episodios/voy085-6.jpg]
[www.trekbrasilis.org/classico/voy/episodios/voy085-2.jpg]
[www.trekbrasilis.org/classico/voy/episodios/voy085-1.jpg]
[www.trekbrasilis.org/classico/voy/episodios/voy086-3.jpg]
[www.trekbrasilis.org/classico/voy/episodios/voy086-1.jpg]
[www.trekbrasilis.org/classico/voy/episodios/voy086-5.jpg]
[www.trekbrasilis.org/classico/voy/episodios/voy086-6.jpg]
[www.trekbrasilis.org/classico/voy/episodios/voy087-2.jpg]
[www.trekbrasilis.org/classico/voy/episodios/voy087-4.jpg]
[www.trekbrasilis.org/classico/voy/episodios/voy087-6.jpg]
[www.trekbrasilis.org/classico/voy/episodios/voy088.jpg]
[www.trekbrasilis.org/classico/voy/episodios/voy088-2.jpg]
[www.trekbrasilis.org/classico/voy/episodios/voy088-4.jpg]
[www.trekbrasilis.org/classico/voy/episodios/voy089-1.jpg]
[www.trekbrasilis.org/classico/voy/episodios/voy089-2.jpg]
[www.trekbrasilis.org/classico/voy/episodios/voy089-6.jpg]
[www.trekbrasilis.org/classico/voy/episodios/voy090-1.jpg]
[www.trekbrasilis.org/classico/voy/episodios/voy090-3.jpg]
[www.trekbrasilis.org/classico/voy/episodios/voy091.jpg]
[www.trekbrasilis.org/classico/voy/episodios/voy091-2.jpg]
[www.trekbrasilis.org/classico/voy/episodios/voy091-4.jpg]
[www.trekbrasilis.org/classico/voy/episodios/voy091-6.jpg]
[www.trekbrasilis.org/classico/voy/episodios/voy092-1.jpg]
[www.trekbrasilis.org/classico/voy/episodios/voy092-3.jpg]
[www.trekbrasilis.org/classico/voy/episodios/voy092-5.jpg]
[www.trekbrasilis.org/classico/voy/episodios/voy093.jpg]
[www.trekbrasilis.org/classico/voy/episodios/voy093-2.jpg]
[www.trekbrasilis.org/classico/voy/episodios/voy093-3.jpg]
[www.trekbrasilis.org/classico/voy/episodios/voy093-7.jpg]
[www.trekbrasilis.org/classico/voy/episodios/voy094.jpg]
[www.trekbrasilis.org/classico/voy/episodios/voy095.htm]
[www.trekbrasilis.org/classico/voy/episodios/voy095.htm]
[www.trekbrasilis.org/classico/voy/episodios/voy094-2.jpg]
[www.trekbrasilis.org/classico/voy/episodios/voy094-5.jpg]
[www.trekbrasilis.org/classico/voy/episodios/voy094-7.jpg]
[www.trekbrasilis.org/classico/voy/episodios/voy121.htm]
[www.trekbrasilis.org/classico/voy/episodios/voy121.htm]
[www.trekbrasilis.org/classico/voy/episodios/voy123.htm]
[www.trekbrasilis.org/classico/voy/episodios/voy123.htm]
[www.trekbrasilis.org/classico/voy/episodios/voy122-1.jpg]
[www.trekbrasilis.org/classico/voy/episodios/voy109.htm]
[www.trekbrasilis.org/classico/voy/episodios/voy109.htm]
[www.trekbrasilis.org/classico/voy/episodios/voy122-7.jpg]
[www.trekbrasilis.org/classico/voy/episodios/voy122-2.jpg]
[www.trekbrasilis.org/classico/voy/producao/interior2-1.jpg]
[www.trekbrasilis.org/classico/voy/producao/interior2-13.jpg]
[www.trekbrasilis.org/classico/voy/producao/interior2-11.jpg]
[www.trekbrasilis.org/classico/voy/producao/interior2-14.jpg]
[www.trekbrasilis.org/classico/voy/producao/interior2-15.jpg]
[www.trekbrasilis.org/classico/voy/producao/interior2-16.jpg]
[www.trekbrasilis.org/classico/voy/producao/interior1-5.jpg]
[www.trekbrasilis.org/classico/voy/producao/interior1-2.jpg]
[www.trekbrasilis.org/classico/voy/producao/seven6.jpg]
[www.trekbrasilis.org/classico/voy/producao/seven1.jpg]
[www.trekbrasilis.org/classico/voy/producao/seven7.jpg]
[www.trekbrasilis.org/classico/voy/producao/mulgrew2.jpg]
[www.trekbrasilis.org/classico/voy/producao/mulgrew3.jpg]
[www.trekbrasilis.org/classico/voy/producao/mulgrew5.jpg]
[www.trekbrasilis.org/classico/voy/producao/bujold3.jpg]
[www.trekbrasilis.org/classico/voy/especiais/endgame11.jpg]
[www.trekbrasilis.org/classico/voy/especiais/endgame6.jpg]
[www.trekbrasilis.org/classico/voy/especiais/endgame4.jpg]
[www.trekbrasilis.org/classico/voy/especiais/dvdstitulo.jpg]
[www.trekbrasilis.org/classico/ent/coluna/coluna16-6.jpg]
[www.trekbrasilis.org/classico/ent/coluna/coluna15-4.jpg]
[www.trekbrasilis.org/classico/ent/coluna/coluna15-7.jpg]
[www.trekbrasilis.org/classico/ent/coluna/coluna14-2.jpg]
[www.trekbrasilis.org/classico/ent/coluna/coluna13-1.jpg]
[www.trekbrasilis.org/classico/ent/coluna/coluna9-4.jpg]
[www.trekbrasilis.org/classico/ent/coluna/coluna9-5.jpg]
[www.trekbrasilis.org/classico/ent/coluna/coluna9-6.jpg]
[www.trekbrasilis.org/classico/ent/coluna/coluna9-18.jpg]
[www.trekbrasilis.org/classico/ent/coluna/coluna9-20.jpg]
[www.trekbrasilis.org/classico/ent/coluna/coluna9-32.jpg]
[www.trekbrasilis.org/classico/ent/coluna/coluna9-35.jpg]
[www.trekbrasilis.org/classico/ent/coluna/coluna9-41.jpg]
[www.trekbrasilis.org/classico/ent/coluna/coluna8-8.jpg]
[www.trekbrasilis.org/classico/ent/coluna/coluna8-5.jpg]
[www.trekbrasilis.org/classico/ent/coluna/coluna7-7.jpg]
[www.trekbrasilis.org/classico/ent/coluna/coluna5-2.jpg]
[www.trekbrasilis.org/classico/ent/coluna/coluna4-2.jpg]
[www.trekbrasilis.org/classico/ent/episodios/estrela.jpg]
[www.trekbrasilis.org/classico/ent/episodios/meia.jpg]
[www.trekbrasilis.org/classico/ent/episodios/ent004-5.jpg]
[www.trekbrasilis.org/classico/ent/episodios/ent004-7.jpg]
[www.trekbrasilis.org/classico/ent/episodios/ent006-1.jpg]
[www.trekbrasilis.org/classico/ent/episodios/ent006-6.jpg]
[www.trekbrasilis.org/classico/ent/episodios/ent006-7.jpg]
[www.trekbrasilis.org/classico/ent/episodios/ent006-8.jpg]
[www.trekbrasilis.org/classico/ent/episodios/ent008.jpg]
[www.trekbrasilis.org/classico/ent/episodios/ent009-5.jpg]
[www.trekbrasilis.org/classico/ent/episodios/ent011.jpg]
[www.trekbrasilis.org/classico/ent/episodios/ent011-2.jpg]
[www.trekbrasilis.org/classico/ent/episodios/ent011-4.jpg]
[www.trekbrasilis.org/classico/ent/episodios/ent014-5.jpg]
[www.trekbrasilis.org/classico/ent/episodios/ent015-1.jpg]
[www.trekbrasilis.org/classico/ent/episodios/ent015-2.jpg]
[www.trekbrasilis.org/classico/ent/episodios/ent015-6.jpg]
[www.trekbrasilis.org/classico/ent/episodios/ent018-1.jpg]
[www.trekbrasilis.org/classico/ent/episodios/ent019-2.jpg]
[www.trekbrasilis.org/classico/ent/episodios/ent020-3.jpg]
[www.trekbrasilis.org/classico/ent/episodios/ent020-5.jpg]
[www.trekbrasilis.org/classico/ent/episodios/ent022-1.jpg]
[www.trekbrasilis.org/classico/ent/episodios/ent022-9.jpg]
[www.trekbrasilis.org/classico/ent/episodios/ent023-3.jpg]
[www.trekbrasilis.org/classico/ent/episodios/ent024.jpg]
[www.trekbrasilis.org/classico/ent/episodios/ent024-2.jpg]
[www.trekbrasilis.org/classico/ent/episodios/ent024-4.jpg]
[www.trekbrasilis.org/classico/ent/episodios/ent025-3.jpg]
[www.trekbrasilis.org/classico/ent/episodios/ent026.jpg]
[www.trekbrasilis.org/classico/ent/episodios/ent026-1.jpg]
[www.trekbrasilis.org/classico/ent/episodios/ent026-3.jpg]
[www.trekbrasilis.org/classico/ent/episodios/ent028-3.jpg]
[www.trekbrasilis.org/classico/ent/episodios/ent028-4.jpg]
[www.trekbrasilis.org/classico/ent/episodios/ent028-5.jpg]
[www.trekbrasilis.org/classico/ent/episodios/ent028-6.jpg]
[www.trekbrasilis.org/classico/ent/episodios/ent031-5.jpg]
[www.trekbrasilis.org/classico/ent/episodios/ent032.jpg]
[www.trekbrasilis.org/classico/ent/episodios/ent032-2.jpg]
[www.trekbrasilis.org/classico/ent/episodios/ds9033.htm]
[www.trekbrasilis.org/classico/ent/episodios/ds9033.htm]
[www.trekbrasilis.org/classico/ent/episodios/voy030.htm]
[www.trekbrasilis.org/classico/ent/episodios/voy030.htm]
[www.trekbrasilis.org/classico/ent/episodios/ent034-2.jpg]
[www.trekbrasilis.org/classico/ent/episodios/ent035.jpg]
[www.trekbrasilis.org/classico/ent/episodios/ent035-1.jpg]
[www.trekbrasilis.org/classico/ent/episodios/ent035-3.jpg]
[www.trekbrasilis.org/classico/ent/episodios/ent039-2.jpg]
[www.trekbrasilis.org/classico/ent/episodios/ent040-1.jpg]
[www.trekbrasilis.org/classico/ent/episodios/ent042-1.jpg]
[www.trekbrasilis.org/classico/ent/episodios/ent042-2.jpg]
[www.trekbrasilis.org/classico/ent/episodios/ent042-4.jpg]
[www.trekbrasilis.org/classico/ent/episodios/ent045.jpg]
[www.trekbrasilis.org/classico/ent/episodios/ent046-2.jpg]
[www.trekbrasilis.org/classico/ent/episodios/ent048.jpg]
[www.trekbrasilis.org/classico/ent/episodios/ent048-4.jpg]
[www.trekbrasilis.org/classico/ent/episodios/ent051-1.jpg]
[www.trekbrasilis.org/classico/ent/episodios/ent052-4.jpg]
[www.trekbrasilis.org/classico/ent/episodios/ent053-2.jpg]
[www.trekbrasilis.org/classico/ent/episodios/ent055-2.jpg]
[www.trekbrasilis.org/classico/ent/episodios/ent056-2.jpg]
[www.trekbrasilis.org/classico/ent/episodios/ent057.jpg]
[www.trekbrasilis.org/classico/ent/episodios/ent057-4.jpg]
[www.trekbrasilis.org/classico/ent/episodios/ent058-3.jpg]
[www.trekbrasilis.org/classico/ent/episodios/ent058-5.jpg]
[www.trekbrasilis.org/classico/ent/episodios/ent059-4.jpg]
[www.trekbrasilis.org/classico/ent/episodios/ent059-5.jpg]
[www.trekbrasilis.org/classico/ent/episodios/ent060-1.jpg]
[www.trekbrasilis.org/classico/ent/episodios/ent061-4.jpg]
[www.trekbrasilis.org/classico/ent/episodios/ent061-6.jpg]
[www.trekbrasilis.org/classico/ent/episodios/ent062.jpg]
[www.trekbrasilis.org/classico/ent/episodios/ent062-1.jpg]
[www.trekbrasilis.org/classico/ent/episodios/ent064-4.jpg]
[www.trekbrasilis.org/classico/ent/episodios/ent065-1.jpg]
[www.trekbrasilis.org/classico/ent/episodios/ent065-2.jpg]
[www.trekbrasilis.org/classico/ent/episodios/ent068-2.jpg]
[www.trekbrasilis.org/classico/ent/episodios/ent068-3.jpg]
[www.trekbrasilis.org/classico/ent/episodios/ent070-3.jpg]
[www.trekbrasilis.org/classico/ent/episodios/ent071-5.jpg]
[www.trekbrasilis.org/classico/ent/episodios/ent072-1.jpg]
[www.trekbrasilis.org/classico/ent/episodios/ent073-2.jpg]
[www.trekbrasilis.org/classico/ent/episodios/ent073-5.jpg]
[www.trekbrasilis.org/classico/ent/episodios/ent074.jpg]
[www.trekbrasilis.org/classico/ent/episodios/ent074-1.jpg]
[www.trekbrasilis.org/classico/ent/episodios/ent074-7.jpg]
[www.trekbrasilis.org/classico/ent/episodios/ent075-1.jpg]
[www.trekbrasilis.org/classico/ent/episodios/ent075-3.jpg]
[www.trekbrasilis.org/classico/ent/episodios/ent075-5.jpg]
[www.trekbrasilis.org/classico/ent/episodios/ent076.jpg]
[www.trekbrasilis.org/classico/ent/episodios/ent076-2.jpg]
[www.trekbrasilis.org/classico/ent/episodios/ent077.jpg]
[www.trekbrasilis.org/classico/ent/episodios/ent077-2.jpg]
[www.trekbrasilis.org/classico/ent/episodios/ent077-4.jpg]
[www.trekbrasilis.org/classico/ent/episodios/ent077-6.jpg]
[www.trekbrasilis.org/classico/ent/episodios/ent077-8.jpg]
[www.trekbrasilis.org/classico/ent/episodios/ent078.jpg]
[www.trekbrasilis.org/classico/ent/episodios/ent078-1.jpg]
[www.trekbrasilis.org/classico/ent/episodios/ent079-1.jpg]
[www.trekbrasilis.org/classico/ent/episodios/ent079-3.jpg]
[www.trekbrasilis.org/classico/ent/episodios/ent079-4.jpg]
[www.trekbrasilis.org/classico/ent/episodios/ent079-6.jpg]
[www.trekbrasilis.org/classico/ent/producao/diario1-7.jpg]
[www.trekbrasilis.org/classico/ent/producao/diario2-1.jpg]
[www.trekbrasilis.org/classico/ent/producao/diario3-4.jpg]
[www.trekbrasilis.org/classico/ent/producao/diario4-1.jpg]
[www.trekbrasilis.org/classico/ent/producao/diario4-3.jpg]
[www.trekbrasilis.org/classico/ent/producao/diario4-5.jpg]
[www.trekbrasilis.org/classico/ent/producao/blalock1.jpg]
[www.trekbrasilis.org/classico/ent/producao/keating1.jpg]
[www.trekbrasilis.org/classico/ent/producao/park1.jpg]
[www.trekbrasilis.org/classico/ent/producao/montgomery1.jpg]
[www.trekbrasilis.org/classico/ent/especiais/threshold3.jpg]
[www.trekbrasilis.org/classico/ent/especiais/romulanos5.jpg]
[www.trekbrasilis.org/classico/ent/especiais/romulanos8.jpg]
[www.trekbrasilis.org/classico/ent/especiais/entdvd1-10.jpg]
[www.trekbrasilis.org/classico/ent/especiais/entdvd1-5.jpg]
[www.trekbrasilis.org/classico/ent/especiais/entdvd1-2.jpg]
[www.trekbrasilis.org/classico/ent/especiais/entdvd1-1.jpg]
[www.trekbrasilis.org/classico/ent/especiais/entdvd1-9.jpg]
[www.trekbrasilis.org/classico/filmes/coluna/coluna24-1.jpg]
[www.trekbrasilis.org/classico/filmes/coluna/coluna24-3.jpg]
[www.trekbrasilis.org/classico/filmes/coluna/coluna20-1.jpg]
[www.trekbrasilis.org/classico/filmes/coluna/coluna20-4.jpg]
[www.trekbrasilis.org/classico/filmes/coluna/coluna19-3.jpg]
[www.trekbrasilis.org/classico/filmes/coluna/coluna18-4.jpg]
[www.trekbrasilis.org/classico/filmes/coluna/coluna17-3.jpg]
[www.trekbrasilis.org/classico/filmes/coluna/coluna17-4.jpg]
[www.trekbrasilis.org/classico/filmes/coluna/coluna16-1.jpg]
[www.trekbrasilis.org/classico/filmes/coluna/coluna14-4.jpg]
[www.trekbrasilis.org/classico/filmes/coluna/coluna12-5.jpg]
[www.trekbrasilis.org/classico/filmes/coluna/coluna10-7.jpg]
[www.trekbrasilis.org/classico/filmes/coluna/coluna9-6.jpg]
[www.trekbrasilis.org/classico/filmes/coluna/coluna9-2.jpg]
[www.trekbrasilis.org/classico/filmes/coluna/coluna8-3.jpg]
[www.trekbrasilis.org/classico/filmes/coluna/coluna7-4.jpg]
[www.trekbrasilis.org/classico/filmes/coluna/coluna6-2.jpg]
[www.trekbrasilis.org/classico/filmes/coluna/coluna6-3.jpg]
[www.trekbrasilis.org/classico/filmes/coluna/coluna6-4.jpg]
[www.trekbrasilis.org/classico/filmes/coluna/coluna4-7.jpg]
[www.trekbrasilis.org/classico/filmes/coluna/coluna3-2.jpg]
[www.trekbrasilis.org/classico/filmes/episodios/tmp/tmp.jpg]
[www.trekbrasilis.org/classico/filmes/episodios/tmp/sinopse.htm]
[www.trekbrasilis.org/classico/filmes/episodios/tmp/sinopse.jpg]
[www.trekbrasilis.org/classico/filmes/episodios/tmp/sinopse.htm]
[www.trekbrasilis.org/classico/filmes/episodios/twok/aventura.htm]
[www.trekbrasilis.org/classico/filmes/episodios/tsfs/tsfs.jpg]
[www.trekbrasilis.org/classico/filmes/episodios/tsfs/aventura.htm]
[www.trekbrasilis.org/classico/filmes/episodios/tmp/index.html]
[www.trekbrasilis.org/classico/filmes/episodios/tsfs/comentarios.htm]
[www.trekbrasilis.org/classico/filmes/episodios/tsfs/comentarios.jpg]
[www.trekbrasilis.org/classico/filmes/episodios/tsfs/comentarios.htm]
[www.trekbrasilis.org/classico/filmes/episodios/tvh/tvh.jpg]
[www.trekbrasilis.org/classico/filmes/producao/ent-refit1.jpg]
[www.trekbrasilis.org/classico/filmes/producao/ent-refit11.jpg]
[www.trekbrasilis.org/classico/filmes/producao/ent-e1.jpg]
[www.trekbrasilis.org/classico/filmes/producao/ent-e4.jpg]
[www.trekbrasilis.org/classico/filmes/producao/ent-e6.jpg]
[www.trekbrasilis.org/classico/filmes/producao/ent-e7.jpg]
[www.trekbrasilis.org/classico/filmes/producao/generationstit.jpg]
[www.trekbrasilis.org/classico/filmes/producao/generationslado.jpg]
[www.trekbrasilis.org/classico/filmes/producao/generations3.jpg]
[www.trekbrasilis.org/classico/filmes/producao/generations.avi]
[www.trekbrasilis.org/classico/filmes/producao/generations.avi]
[www.trekbrasilis.org/classico/filmes/especiais/khantit.jpg]
[www.trekbrasilis.org/classico/filmes/especiais/khan1.jpg]
[www.trekbrasilis.org/classico/filmes/especiais/khan3.avi]
[www.trekbrasilis.org/classico/filmes/especiais/khan3.avi]
[www.trekbrasilis.org/classico/filmes/especiais/khan8.avi]
[www.trekbrasilis.org/classico/filmes/especiais/khan8.avi]
[www.trekbrasilis.org/classico/filmes/especiais/khan10.avi]
[www.trekbrasilis.org/classico/filmes/especiais/khan10.avi]
[www.trekbrasilis.org/classico/filmes/especiais/st6versot.jpg]
[www.trekbrasilis.org/classico/filmes/especiais/st6legenda.jpg]
[www.trekbrasilis.org/classico/filmes/especiais/st6st8cinema.jpg]
[www.trekbrasilis.org/classico/filmes/especiais/st5capat.jpg]
[www.trekbrasilis.org/classico/filmes/especiais/st4cena2.jpg]
[www.trekbrasilis.org/classico/filmes/especiais/st3capat.jpg]
[www.trekbrasilis.org/classico/filmes/especiais/st3cena3.jpg]
[www.trekbrasilis.org/classico/universo/livros/historia2.jpg]
[www.trekbrasilis.org/classico/universo/livros/historia3.jpg]
[www.trekbrasilis.org/classico/universo/livros/historia12.jpg]
[www.trekbrasilis.org/classico/universo/livros/portal do tempo original.jpg]
[www.trekbrasilis.org/classico/universo/livros/gauntlet.jpg]
[www.trekbrasilis.org/classico/universo/livros/eugenicwars.jpg]
[www.trekbrasilis.org/classico/universo/livros/eugenicwars2.jpg]
[www.trekbrasilis.org/classico/universo/livros/eugenicwars4.jpg]
[www.trekbrasilis.org/classico/universo/livros/eugenicwars5.jpg]
[www.trekbrasilis.org/classico/universo/livros/eugenicwars7.jpg]
[www.trekbrasilis.org/classico/universo/livros/eugenicwars9.jpg]
[www.trekbrasilis.org/classico/universo/livros/federation.jpg]
[www.trekbrasilis.org/classico/universo/livros/sketchbook07.jpg]
[www.trekbrasilis.org/classico/universo/livros/sketchbook02.jpg]
[www.trekbrasilis.org/classico/universo/livros/sketchbook04.jpg]
[www.trekbrasilis.org/classico/universo/livros/sketchbook06.jpg]
[www.trekbrasilis.org/classico/universo/quadrinhos/historia2.jpg]
[www.trekbrasilis.org/classico/universo/quadrinhos/historia4.jpg]
[www.trekbrasilis.org/classico/universo/quadrinhos/historia6.jpg]
[www.trekbrasilis.org/classico/universo/quadrinhos/historia8.jpg]
[www.trekbrasilis.org/classico/misc/SENAC_HQs.pps]
[www.trekbrasilis.org/classico/misc/SENAC_HQs.pps]
[www.trekbrasilis.org/classico/universo/quadrinhos/goldkey1.gif]
[www.trekbrasilis.org/classico/universo/quadrinhos/goldkey4.jpg]
[www.trekbrasilis.org/classico/universo/quadrinhos/goldkey6.gif]
[www.trekbrasilis.org/classico/universo/quadrinhos/goldkey12.gif]
[www.trekbrasilis.org/classico/universo/quadrinhos/goldkey14.jpg]
[www.trekbrasilis.org/classico/universo/quadrinhos/goldkey18.jpg]
[www.trekbrasilis.org/classico/universo/quadrinhos/goldkey19.jpg]
[www.trekbrasilis.org/classico/universo/quadrinhos/goldkey21.jpg]
[www.trekbrasilis.org/classico/universo/quadrinhos/goldkey24.jpg]
[www.trekbrasilis.org/classico/universo/quadrinhos/goldkey26.jpg]
[www.trekbrasilis.org/classico/universo/quadrinhos/goldkey28.jpg]
[www.trekbrasilis.org/classico/universo/quadrinhos/goldkey32.jpg]
[www.trekbrasilis.org/classico/universo/quadrinhos/goldkey34.jpg]
[www.trekbrasilis.org/classico/universo/quadrinhos/ev/logo.jpg]
[www.trekbrasilis.org/classico/universo/quadrinhos/ev/sketches01.jpg]
[www.trekbrasilis.org/classico/universo/quadrinhos/ev/ev01.jpg]
[www.trekbrasilis.org/classico/universo/quadrinhos/ev01.htm]
[www.trekbrasilis.org/classico/universo/quadrinhos/ev/capa02.jpg]
[www.trekbrasilis.org/classico/universo/quadrinhos/ev/ev02.jpg]
[www.trekbrasilis.org/classico/universo/quadrinhos/ev02.htm]
[www.trekbrasilis.org/classico/universo/quadrinhos/ev/capa03.jpg]
[www.trekbrasilis.org/classico/universo/quadrinhos/ev03.htm]
[www.trekbrasilis.org/classico/universo/quadrinhos/ev/capa04.jpg]
[www.trekbrasilis.org/classico/universo/quadrinhos/ev04.htm]
[www.trekbrasilis.org/classico/universo/quadrinhos/ev/capa05.jpg]
[www.trekbrasilis.org/classico/universo/quadrinhos/ev/ev05.jpg]
[www.trekbrasilis.org/classico/universo/quadrinhos/ev05.htm]
[www.trekbrasilis.org/classico/universo/quadrinhos/ev/capa06.jpg]
[www.trekbrasilis.org/classico/universo/quadrinhos/ev06.htm]
[www.trekbrasilis.org/classico/universo/quadrinhos/ev/capa07.jpg]
[www.trekbrasilis.org/classico/universo/quadrinhos/ev/ev07.jpg]
[www.trekbrasilis.org/classico/universo/quadrinhos/ev07.htm]
[www.trekbrasilis.org/classico/universo/quadrinhos/ev/capa08.jpg]
[www.trekbrasilis.org/classico/universo/quadrinhos/ev08.htm]
[www.trekbrasilis.org/classico/universo/quadrinhos/ev/capa09.jpg]
[www.trekbrasilis.org/classico/universo/quadrinhos/ev/ev09.jpg]
[www.trekbrasilis.org/classico/universo/quadrinhos/ev09.htm]
[www.trekbrasilis.org/classico/universo/quadrinhos/ev/capa10.jpg]
[www.trekbrasilis.org/classico/universo/quadrinhos/ev/ev10.jpg]
[www.trekbrasilis.org/classico/universo/quadrinhos/ev10.htm]
[www.trekbrasilis.org/classico/universo/quadrinhos/ev/ev11.jpg]
[www.trekbrasilis.org/classico/universo/quadrinhos/ev11.htm]
[www.trekbrasilis.org/classico/universo/quadrinhos/ev/ev12.jpg]
[www.trekbrasilis.org/classico/universo/quadrinhos/ev12.htm]
[www.trekbrasilis.org/classico/universo/quadrinhos/ev/capa13.jpg]
[www.trekbrasilis.org/classico/universo/quadrinhos/ev/ev13.jpg]
[www.trekbrasilis.org/classico/universo/quadrinhos/ev13.htm]
[www.trekbrasilis.org/classico/universo/quadrinhos/ev/ev14.jpg]
[www.trekbrasilis.org/classico/universo/quadrinhos/ev14.htm]
[www.trekbrasilis.org/classico/universo/quadrinhos/ev/ev15.jpg]
[www.trekbrasilis.org/classico/universo/quadrinhos/ev15.htm]
[www.trekbrasilis.org/classico/universo/quadrinhos/ev/ev16.jpg]
[www.trekbrasilis.org/classico/universo/quadrinhos/ev16.htm]
[www.trekbrasilis.org/classico/universo/quadrinhos/ev/ev17.jpg]
[www.trekbrasilis.org/classico/universo/quadrinhos/ev17.htm]
[www.sitemeter.com/flash/ieupdate.js]
[www.sitemeter.com/d65d.html]
[www.sitemeter.com/7125.html]
[www.sitemeter.com/689a.html]
[www.sitemeter.com/ecf5.html]
[www.sitemeter.com/9eb0.html]
[www.sitemeter.com/c51f.html]
[www.sitemeter.com/0810.html]
[www.sitemeter.com/6bb0.html]
[www.sitemeter.com/0c52.html]
[www.sitemeter.com/e13e.html]
[www.sitemeter.com/aaea.html]
[www.sitemeter.com/5ce3.html]
[www.sitemeter.com/cae0.html]
[www.sitemeter.com/c844.html]
[www.sitemeter.com/5486.html]
[www.sitemeter.com/a848.html]
[www.sitemeter.com/a037.html]
[www.sitemeter.com/29b4.html]
[www.sitemeter.com/1a76.html]
[www.sitemeter.com/1aab.html]
[www.sitemeter.com/126e.html]
[www.sitemeter.com/f0f3.html]
[www.sitemeter.com/3353.html]
[www.sitemeter.com/3bf1.html]
[www.sitemeter.com/7951.html]
[www.sitemeter.com/7db0.html]
[www.sitemeter.com/3d44.html]
[www.sitemeter.com/1695.html]
[www.sitemeter.com/41fb.html]
[www.sitemeter.com/51c8.html]
[www.sitemeter.com/eb16.html]
[www.sitemeter.com/b081.html]
[www.sitemeter.com/2aa3.html]
[www.sitemeter.com/fdca.html]
[www.sitemeter.com/f57d.html]
[www.sitemeter.com/cbb4.html]
[www.sitemeter.com/feab.html]
[www.sitemeter.com/f797.html]
[www.sitemeter.com/6dd4.html]
[www.sitemeter.com/4008.html]
[www.sitemeter.com/cf53.html]
[www.sitemeter.com/2b0d.html]
[www.sitemeter.com/d4fc.html]
[www.sitemeter.com/e1e1.html]
[www.sitemeter.com/5301.html]
[www.sitemeter.com/806c.html]
[www.sitemeter.com/3e69.html]
[www.sitemeter.com/33bc.html]
[www.sitemeter.com/7e96.html]
[www.sitemeter.com/8b4a.html]
[www.sitemeter.com/da0a.html]
[www.sitemeter.com/f944.html]
[www.sitemeter.com/a130.html]
[www.sitemeter.com/4125.html]
[www.sitemeter.com/373a.html]
[www.sitemeter.com/2904.html]
[www.sitemeter.com/a627.html]
[www.sitemeter.com/6962.html]
[www.sitemeter.com/9119.html]
[www.sitemeter.com/083f.html]
[www.sitemeter.com/0192.html]
[www.sitemeter.com/42f5.html]
[www.sitemeter.com/e222.html]
[www.sitemeter.com/ed68.html]
[www.sitemeter.com/0a7a.html]
[www.sitemeter.com/75b8.html]
[www.sitemeter.com/215d.html]
[www.sitemeter.com/0033.html]
[www.sitemeter.com/952b.html]
[www.sitemeter.com/988b.html]
[www.sitemeter.com/0e66.html]
[www.sitemeter.com/b9b1.html]
[www.sitemeter.com/f5f4.html]
[www.sitemeter.com/e98f.html]
[www.sitemeter.com/d3b1.html]
[www.sitemeter.com/1c2d.html]
[www.sitemeter.com/b97d.html]
[www.sitemeter.com/a5a0.html]
[www.sitemeter.com/0f83.html]
[www.sitemeter.com/94c8.html]
[www.sitemeter.com/f157.html]
[www.sitemeter.com/a535.html]
[www.sitemeter.com/e60c.html]
[www.sitemeter.com/071f.html]
[www.sitemeter.com/20ed.html]
[www.sitemeter.com/ba1f.html]
[www.sitemeter.com/eca9.html]
[www.sitemeter.com/83ca.html]
[www.sitemeter.com/9b6d.html]
[www.sitemeter.com/d78e.html]
[www.sitemeter.com/bf37.html]
[www.sitemeter.com/ca29.html]
[www.sitemeter.com/adb2.html]
[www.sitemeter.com/9bc3.html]
[www.sitemeter.com/0d08.html]
[www.sitemeter.com/6b04.html]
[www.sitemeter.com/0514.html]
[www.sitemeter.com/eb54.html]
[www.sitemeter.com/acd8.html]
[www.sitemeter.com/b63b.html]
[www.sitemeter.com/26f5.html]
[www.sitemeter.com/0bc7.html]
[www.sitemeter.com/f535.html]
[www.sitemeter.com/5858.html]
[www.sitemeter.com/b522.html]
[www.sitemeter.com/6d97.html]
[www.sitemeter.com/9dd1.html]
[www.sitemeter.com/d396.html]
[www.sitemeter.com/60b3.html]
[www.sitemeter.com/7ec3.html]
[www.sitemeter.com/47be.html]
[www.sitemeter.com/289c.html]
[www.sitemeter.com/6cef.html]
[www.sitemeter.com/9255.html]
[www.sitemeter.com/2dfa.html]
[www.sitemeter.com/4bf4.html]
[www.sitemeter.com/7f25.html]
[www.sitemeter.com/8920.html]
[www.sitemeter.com/a031.html]
[www.sitemeter.com/655e.html]
[www.sitemeter.com/4f76.html]
[www.sitemeter.com/4588.html]
[www.sitemeter.com/973e.html]
[www.sitemeter.com/fbce.html]
[www.sitemeter.com/a08a.html]
[www.sitemeter.com/3010.html]
[www.sitemeter.com/f31b.html]
[www.sitemeter.com/3bb9.html]
[www.sitemeter.com/7d5f.html]
[www.sitemeter.com/dfda.html]
[www.sitemeter.com/fee7.html]
[www.sitemeter.com/f6cc.html]
[www.sitemeter.com/4fa2.html]
[www.sitemeter.com/114d.html]
[www.sitemeter.com/5744.html]
[www.sitemeter.com/ce30.html]
[www.sitemeter.com/dac2.html]
[www.sitemeter.com/3457.html]
[www.sitemeter.com/247f.html]
[www.sitemeter.com/9959.html]
[www.sitemeter.com/f23d.html]
[www.sitemeter.com/118c.html]
[www.sitemeter.com/b834.html]
[www.sitemeter.com/de75.html]
[www.sitemeter.com/1141.html]
[www.sitemeter.com/e98a.html]
[www.sitemeter.com/52fa.html]
[www.sitemeter.com/1c27.html]
[www.sitemeter.com/76ae.html]
[www.sitemeter.com/f44c.html]
[www.trekbrasilis.org/classico/filmes/coluna/coluna26-1.jpg]
[www.trekbrasilis.org/classico/sn/rumoaoinfinito/1-3.jpg]
[www.trekbrasilis.org/classico/sn/rumoaoinfinito/1-11.jpg]
[www.trekbrasilis.org/classico/sn/rumoaoinfinito/2-1.jpg]
[www.trekbrasilis.org/classico/sn/rumoaoinfinito/2-2.jpg]
[www.trekbrasilis.org/classico/sn/rumoaoinfinito/2-5.jpg]
[www.trekbrasilis.org/classico/sn/rumoaoinfinito/3-5.jpg]
[www.trekbrasilis.org/classico/sn/rumoaoinfinito/3-6.jpg]
[www.trekbrasilis.org/classico/sn/rumoaoinfinito/3-12.jpg]
[www.trekbrasilis.org/classico/sn/rumoaoinfinito/3-8.jpg]
[www.trekbrasilis.org/classico/sn/rumoaoinfinito/4-4.jpg]
[www.trekbrasilis.org/classico/sn/rumoaoinfinito/4-6.jpg]
[www.trekbrasilis.org/classico/sn/rumoaoinfinito/4-8.jpg]
[www.trekbrasilis.org/classico/sn/rumoaoinfinito/4-9.jpg]
[www.trekbrasilis.org/classico/sn/rumoaoinfinito/4-12.jpg]
[www.trekbrasilis.org/classico/sn/rumoaoinfinito/4-13.jpg]
[www.trekbrasilis.org/classico/sn/rumoaoinfinito/4-15.jpg]
[www.trekbrasilis.org/classico/sn/rumoaoinfinito/4-17.jpg]
[www.trekbrasilis.org/classico/sn/rumoaoinfinito/5-2.jpg]
[www.trekbrasilis.org/classico/sn/rumoaoinfinito/5-3.jpg]
[www.trekbrasilis.org/classico/sn/rumoaoinfinito/5-5.jpg]
[www.trekbrasilis.org/classico/sn/rumoaoinfinito/5-8.jpg]
[www.trekbrasilis.org/classico/sn/rumoaoinfinito/5-10.jpg]
[www.trekbrasilis.org/classico/sn/rumoaoinfinito/5-13.jpg]
[www.trekbrasilis.org/classico/sn/rumoaoinfinito/5-16.jpg]
[www.trekbrasilis.org/classico/sn/rumoaoinfinito/5-18.jpg]
[www.trekbrasilis.org/classico/sn/rumoaoinfinito/6-2.jpg]
[www.trekbrasilis.org/classico/sn/rumoaoinfinito/6-4.jpg]
[www.trekbrasilis.org/classico/sn/rumoaoinfinito/6-6.jpg]
[www.trekbrasilis.org/classico/sn/rumoaoinfinito/6-9.jpg]
[www.trekbrasilis.org/classico/sn/rumoaoinfinito/6-10.jpg]
[www.trekbrasilis.org/classico/sn/rumoaoinfinito/6-11.jpg]
[www.trekbrasilis.org/classico/sn/rumoaoinfinito/7-2.jpg]
[www.trekbrasilis.org/classico/sn/rumoaoinfinito/7-5.jpg]
[www.trekbrasilis.org/classico/sn/rumoaoinfinito/7-8.jpg]
[www.trekbrasilis.org/classico/sn/rumoaoinfinito/7-11.jpg]
[www.trekbrasilis.org/classico/sn/rumoaoinfinito/9-1.jpg]
[www.trekbrasilis.org/classico/sn/rumoaoinfinito/9-2.jpg]
[www.trekbrasilis.org/classico/sn/rumoaoinfinito/9-8.jpg]
[www.trekbrasilis.org/classico/sn/rumoaoinfinito/9-9.jpg]
[www.trekbrasilis.org/classico/sn/rumoaoinfinito/9-11.jpg]
[www.trekbrasilis.org/classico/sn/rumoaoinfinito/10-4.jpg]
[www.trekbrasilis.org/classico/sn/rumoaoinfinito/10-6.jpg]
[www.trekbrasilis.org/classico/sn/rumoaoinfinito/10-7.jpg]
[www.trekbrasilis.org/classico/sn/rumoaoinfinito/11-1.jpg]
[www.trekbrasilis.org/classico/sn/rumoaoinfinito/11-12.jpg]
[www.trekbrasilis.org/classico/sn/rumoaoinfinito/lancamento5.jpg]
[www.trekbrasilis.org/classico/sn/cwsd/1902-1.jpg]
[www.trekbrasilis.org/classico/sn/cwsd/1903-2.jpg]
[www.trekbrasilis.org/classico/sn/cwsd/1906-2.jpg]
[www.trekbrasilis.org/classico/entretenimento/fanfics/sobreviventes01.htm]
[www.trekbrasilis.org/classico/entretenimento/fanfics/sobreviventes01.htm]
[www.trekbrasilis.org/classico/entretenimento/satiras/divagacoes05.htm]
[www.trekbrasilis.org/classico/entretenimento/satiras/CENA-04.jpg]
[www.trekbrasilis.org/classico/entretenimento/satiras/divagacoes04.htm]
[www.trekbrasilis.org/classico/entretenimento/satiras/lockwood6t.jpg]
[www.trekbrasilis.org/classico/entretenimento/satiras/lockwood7t.jpg]
[www.trekbrasilis.org/classico/entretenimento/satiras/lockwood8t.jpg]
[www.trekbrasilis.org/classico/entretenimento/satiras/lockwood9t.jpg]
[www.trekbrasilis.org/classico/entretenimento/satiras/lockwood10t.jpg]
[www.trekbrasilis.org/classico/entretenimento/satiras/lockwood11t.jpg]
[www.trekbrasilis.org/classico/entretenimento/satiras/lockwood12t.jpg]
[www.trekbrasilis.org/classico/entretenimento/satiras/lockwood14.jpg]
[www.trekbrasilis.org/classico/entretenimento/satiras/lockwood15t.jpg]
[www.trekbrasilis.org/classico/entretenimento/satiras/lockwood17.jpg]
[www.trekbrasilis.org/classico/entretenimento/satiras/lockwood17t.jpg]
[www.trekbrasilis.org/classico/entretenimento/satiras/lockwood19.jpg]
[www.trekbrasilis.org/classico/entretenimento/satiras/lockwood20t.jpg]
[www.trekbrasilis.org/classico/entretenimento/satiras/lockwood3.jpg]
[www.trekbrasilis.org/classico/entretenimento/satiras/setadir.gif]
[www.trekbrasilis.org/classico/entretenimento/satiras/pehqesq.gif]
[www.trekbrasilis.org/classico/entretenimento/sevtrek/240102sevtrek.jpg]
[www.trekbrasilis.org/classico/entretenimento/sevtrek/160202sevtrek.jpg]
[www.trekbrasilis.org/classico/entretenimento/sevtrek/010302sevtrek.jpg]
[www.trekbrasilis.org/classico/entretenimento/sevtrek/100202sevtrek.jpg]
[www.trekbrasilis.org/classico/entretenimento/sevtrek/090302sevtrek.jpg]
[www.trekbrasilis.org/classico/entretenimento/sevtrek/190502sevtrek.jpg]
[www.trekbrasilis.org/classico/entretenimento/sevtrek/040702sevtrek.jpg]
[www.trekbrasilis.org/classico/entretenimento/sevtrek/040802sevtrek.jpg]
[www.trekbrasilis.org/classico/entretenimento/sevtrek/051102sevtrek.jpg]
[www.trekbrasilis.org/classico/entretenimento/sevtrek/190303sevtrek.jpg]
[www.trekbrasilis.org/classico/entretenimento/sevtrek/310303sevtrek.jpg]
[www.trekbrasilis.org/classico/entretenimento/sevtrek/150403sevtrek.jpg]
[www.trekbrasilis.org/classico/entretenimento/sevtrek/220403sevtrek.jpg]
[www.trekbrasilis.org/classico/entretenimento/sevtrek/270503sevtrek.jpg]
[www.trekbrasilis.org/classico/entretenimento/sevtrek/020603sevtrek.jpg]
[www.trekbrasilis.org/classico/entretenimento/sevtrek/020703sevtrek.jpg]
[www.trekbrasilis.org/classico/entretenimento/sevtrek/140703sevtrek.jpg]
[www.trekbrasilis.org/classico/entretenimento/sevtrek/280703sevtrek.jpg]
[www.trekbrasilis.org/classico/entretenimento/sevtrek/040803sevtrek.jpg]
[www.trekbrasilis.org/classico/entretenimento/sevtrek/200803sevtrek.jpg]
[www.trekbrasilis.org/classico/interacao/temastos.htm]
[www.trekbrasilis.org/classico/interacao/temastos.htm]
[www.trekbrasilis.org/classico/tos/especiais/chekovsulu.jpg]
[www.trekbrasilis.org/classico/tos/especiais/chekovsuluvti.mp3]
[www.trekbrasilis.org/classico/tos/especiais/abertura.jpg]
[www.trekbrasilis.org/classico/tos/especiais/aberturaaic.mp3]
[www.trekbrasilis.org/classico/tos/especiais/mirachapelmccoyvti.mp3]
[www.trekbrasilis.org/classico/tos/especiais/piadinha.jpg]
[www.trekbrasilis.org/classico/tos/especiais/piadinhavti.mp3]
[www.trekbrasilis.org/classico/tos/episodios/tos1001.jpg]
[www.trekbrasilis.org/classico/tos/episodios/tos1003.jpg]
[www.trekbrasilis.org/classico/tos/episodios/tos1005.jpg]
[www.trekbrasilis.org/classico/tos/episodios/tos045-1.jpg]
[www.trekbrasilis.org/classico/tos/episodios/tos045-2.jpg]
[www.trekbrasilis.org/classico/tos/producao/elenco/hunter10.jpg]
[www.trekbrasilis.org/classico/tos/producao/elenco/hunter5.jpg]
[www.trekbrasilis.org/classico/tos/producao/elenco/hunter4.jpg]
[www.trekbrasilis.org/classico/tos/producao/elenco/goodwin3.jpg]
[www.trekbrasilis.org/classico/tos/producao/elenco/nimoy1.jpg]
[www.trekbrasilis.org/classico/tos/producao/elenco/nimoy2.jpg]
[www.trekbrasilis.org/classico/tos/producao/elenco/nimoy3.jpg]
[www.trekbrasilis.org/classico/tos/producao/elenco/barrett4.jpg]
[www.trekbrasilis.org/classico/tos/producao/elenco/barrett8.jpg]
[www.trekbrasilis.org/classico/tos/producao/elenco/barrett6.jpg]
[www.trekbrasilis.org/classico/tos/producao/elenco/oliver4.jpg]
[www.trekbrasilis.org/classico/tos/especiais/origens04.jpg]
[www.trekbrasilis.org/classico/tos/especiais/tosdvd2-1a.jpg]
[www.trekbrasilis.org/classico/tos/especiais/tosdvd2-2.jpg]
[www.trekbrasilis.org/classico/tos/especiais/tosdvd2-6.jpg]
[www.trekbrasilis.org/classico/tos/especiais/tosdvd2-8.jpg]
[www.trekbrasilis.org/classico/tos/especiais/tosdvd2-13.jpg]
[www.trekbrasilis.org/classico/tas/episodios/tas05.jpg]
[www.trekbrasilis.org/classico/tas/episodios/tas05-1.jpg]
[www.trekbrasilis.org/classico/fase2/int.jpg]
[www.trekbrasilis.org/classico/filmes/especiais/estreianemesisanalisetavares.htm]
[www.trekbrasilis.org/classico/filmes/especiais/estreianemesisanalisetavares1.jpg]
[www.trekbrasilis.org/classico/filmes/especiais/estreianemesisanalisetavares2.jpg]
[www.trekbrasilis.org/classico/filmes/especiais/estreianemesisanalisetavares3.jpg]
[www.trekbrasilis.org/classico/filmes/especiais/estreianemesisanalisetavares4.jpg]
[www.trekbrasilis.org/classico/filmes/especiais/estreianemesisanalisetavares5.jpg]
[www.trekbrasilis.org/classico/filmes/especiais/estreianemesisanalisetavares.htm]
[www.trekbrasilis.org/classico/filmes/especiais/estreianemesisanalisecsilveira.htm]
[www.trekbrasilis.org/classico/filmes/especiais/estreianemesisanalisesilveira1.jpg]
[www.trekbrasilis.org/classico/filmes/especiais/estreianemesisanalisesilveira2.jpg]
[www.trekbrasilis.org/classico/filmes/especiais/estreianemesisanalisesilveira4.jpg]
[www.trekbrasilis.org/classico/filmes/especiais/estreianemesisanalisecsilveira.htm]
[www.trekbrasilis.org/classico/filmes/especiais/estreianemesiscritica02.jpg]
[www.trekbrasilis.org/classico/tng/episodios/tng011c/shakespeare.jpg]
[www.trekbrasilis.org/classico/tng/episodios/tng011c/yesterdays.jpg]
[www.trekbrasilis.org/classico/tng/episodios/tng011c/conscience.jpg]
[www.trekbrasilis.org/classico/tng/episodios/tng024c/casablanca.jpg]
[www.trekbrasilis.org/classico/tng/episodios/tng024c/cb_2.jpg]
[www.trekbrasilis.org/classico/tng/episodios/tng024c/cb_3.jpg]
[www.trekbrasilis.org/classico/tng/episodios/tng024c/cb_15.jpg]
[www.trekbrasilis.org/classico/tng/episodios/tng024c/cb_16.jpg]
[www.trekbrasilis.org/classico/tng/episodios/tng024c/cb_17.jpg]
[www.trekbrasilis.org/classico/tng/episodios/tng024c/cb_18.jpg]
[www.trekbrasilis.org/classico/tng/episodios/tng024c/casablanca_3.htm]
[www.trekbrasilis.org/classico/tng/episodios/tng026-2.jpg]
[www.trekbrasilis.org/classico/tng/episodios/tng028c/schwatka.jpg]
[www.trekbrasilis.org/classico/tng/episodios/tng031c/oz.mid]
[www.trekbrasilis.org/classico/tng/episodios/tng079c/ghost.jpg]
[www.trekbrasilis.org/classico/tng/episodios/tng079c/sapatos.jpg]
[www.trekbrasilis.org/classico/tng/episodios/tng082c/misty.mp3]
[www.trekbrasilis.org/classico/tng/episodios/tng086c/king.jpg]
[www.trekbrasilis.org/classico/tng/episodios/tng093c/cyrano.jpg]
[www.trekbrasilis.org/classico/tng/episodios/tng094c/kevin_costner.jpg]
[www.trekbrasilis.org/classico/tng/episodios/tng094c/errol_flynn.jpg]
[www.trekbrasilis.org/classico/tng/episodios/tng102c/guardiao.jpg]
[www.trekbrasilis.org/classico/tng/episodios/tng109c/brand3.mid]
[www.trekbrasilis.org/classico/tng/episodios/tng109c/sinfon13.mid]
[www.trekbrasilis.org/classico/tng/episodios/tng109c/wonder.jpg]
[www.trekbrasilis.org/classico/tng/episodios/tng109c/for_once.mid]
[www.trekbrasilis.org/classico/tng/episodios/tng113c/chopin1.gif]
[www.trekbrasilis.org/classico/tng/episodios/tng113c/noturno1_9.mid]
[www.trekbrasilis.org/classico/tng/episodios/tng113c/preludio4_28.mid]
[www.trekbrasilis.org/classico/tng/episodios/tng113c/preludio15_28.mid]
[www.trekbrasilis.org/classico/tng/episodios/tng113c/estudo1_25.mid]
[www.trekbrasilis.org/classico/tng/episodios/tng113c/estudo11_25.mid]
[www.trekbrasilis.org/classico/tng/episodios/tng113c/mazurca4_17.mid]
[www.trekbrasilis.org/classico/tng/episodios/tng114c/psyche.jpg]
[www.trekbrasilis.org/classico/tng/tos/episodios/tos10.htm]
[www.trekbrasilis.org/classico/tng/tos/episodios/tos10.htm]
[www.trekbrasilis.org/classico/tng/episodios/tng127c/twain_color.jpg]
[www.trekbrasilis.org/classico/tng/episodios/tng130c/dyson2.jpg]
[www.trekbrasilis.org/classico/tng/universo/tecnologia/index.htm]
[www.trekbrasilis.org/classico/tng/universo/tecnologia/index.htm]
[www.trekbrasilis.org/classico/tng/universo/tecnologia/dobra3.gif]
[www.trekbrasilis.org/classico/tng/universo/tecnologia/dobra5.gif]
[www.trekbrasilis.org/classico/tng/universo/tecnologia/dobra9.gif]
[www.trekbrasilis.org/classico/tng/universo/tecnologia/dobra11.gif]
[www.trekbrasilis.org/classico/tng/universo/tecnologia/dobra14.gif]
[www.trekbrasilis.org/classico/tng/universo/tecnologia/dobra16.gif]
[www.trekbrasilis.org/classico/tng/universo/tecnologia/dobra18.gif]
[www.trekbrasilis.org/classico/tng/universo/tecnologia/dobra19.gif]
[www.trekbrasilis.org/classico/ds9/episodios/ds9066-2.jpg]
[www.trekbrasilis.org/classico/ds9/episodios/ds9066-2.jpg]
[www.trekbrasilis.org/classico/ds9/episodios/ds9067.jpg]
[www.trekbrasilis.org/classico/ds9/episodios/ds9067-3.jpg]
[www.trekbrasilis.org/classico/ds9/episodios/ds9143-2.jpg]
[www.trekbrasilis.org/classico/ds9/episodios/ds9143-4.jpg]
[www.trekbrasilis.org/classico/ds9/episodios/ds9143-1.jpg]
[www.trekbrasilis.org/classico/ds9/coluna/coluna10-5.html]
[www.trekbrasilis.org/classico/ds9/coluna/coluna8-3.jpg]
[www.trekbrasilis.org/classico/ds9/coluna/coluna8-14.jpg]
[www.trekbrasilis.org/classico/ds9/episodios/temp1-4.jpg]
[www.trekbrasilis.org/classico/ds9/episodios/ds9026-3.jpg]
[www.trekbrasilis.org/classico/ds9/episodios/ds9028-3.jpg]
[www.trekbrasilis.org/classico/ds9/episodios/ds9056-3.jpg]
[www.trekbrasilis.org/classico/ds9/episodios/ds9058-1.jpg]
[www.trekbrasilis.org/classico/ds9/episodios/ds9058-4.jpg]
[www.trekbrasilis.org/classico/ds9/universo/tecnologia/defiant1.jpg]
[www.trekbrasilis.org/classico/ds9/universo/tecnologia/defiant3.jpg]
[www.trekbrasilis.org/classico/ds9/universo/tecnologia/runabouts8a.jpg]
[www.trekbrasilis.org/classico/ds9/universo/tecnologia/runabouts10a.jpg]
[www.trekbrasilis.org/classico/ds9/universo/tecnologia/runabouts9a.jpg]
[www.trekbrasilis.org/classico/ds9/universo/tecnologia/runabouts12.jpg]
[www.trekbrasilis.org/classico/ds9/universo/tecnologia/runabouts2.jpg]
[www.trekbrasilis.org/classico/ds9/universo/tecnologia/runabouts4.jpg]
[www.trekbrasilis.org/classico/ds9/universo/tecnologia/runabouts6.jpg]
[www.trekbrasilis.org/classico/ds9/universo/biografias/index.htm]
[www.trekbrasilis.org/classico/ds9/universo/biografias/index.htm]
[www.trekbrasilis.org/classico/ds9/universo/biografias/sisko3.jpg]
[www.trekbrasilis.org/classico/ds9/universo/biografias/odo.jpg]
[www.trekbrasilis.org/classico/ds9/universo/biografias/odo2.jpg]
[www.trekbrasilis.org/classico/ds9/especiais/10anos1.jpg]
[www.trekbrasilis.org/classico/ds9/especiais/10anos3.jpg]
[www.trekbrasilis.org/classico/ds9/especiais/10anos5.jpg]
[www.trekbrasilis.org/classico/ds9/especiais/10anos7.jpg]
[www.trekbrasilis.org/classico/voy/universo/especies/kazon_voy.jpg]
[www.trekbrasilis.org/classico/voy/universo/especies/ocampa_voy.jpg]
[www.trekbrasilis.org/classico/voy/universo/especies/vidiian.jpg]
[www.trekbrasilis.org/classico/voy/universo/especies/vidiians3.jpg]
[www.trekbrasilis.org/classico/voy/universo/especies/vidiiandanara.jpg]
[www.trekbrasilis.org/classico/ent/episodios/ent012-1.jpg]
[www.trekbrasilis.org/classico/ent/episodios/ent012-3.jpg]
[www.trekbrasilis.org/classico/ent/episodios/ent012-5.jpg]
[www.trekbrasilis.org/classico/ent/episodios/ent012-9.jpg]
[www.trekbrasilis.org/classico/ent/episodios/ent038-1.jpg]
[www.trekbrasilis.org/classico/ent/episodios/ent038-3.jpg]
[www.trekbrasilis.org/classico/ent/episodios/ent063-2.jpg]
[www.trekbrasilis.org/classico/ent/episodios/ent063-3.jpg]
[www.trekbrasilis.org/classico/filmes/episodios/tmp/efeitos2t.jpg]
[www.trekbrasilis.org/classico/filmes/episodios/tmp/efeitos3t.jpg]
[www.trekbrasilis.org/classico/filmes/episodios/tmp/efeitos4t.jpg]
[www.trekbrasilis.org/classico/filmes/episodios/tmp/efeitos5t.jpg]
[www.trekbrasilis.org/classico/filmes/episodios/tmp/efeitos6t.jpg]
[www.trekbrasilis.org/classico/filmes/episodios/tmp/efeitos7t.jpg]
[www.trekbrasilis.org/classico/filmes/episodios/tmp/efeitos8t.jpg]
[www.trekbrasilis.org/classico/filmes/episodios/tmp/efeitos9t.jpg]
[www.trekbrasilis.org/classico/filmes/episodios/tmp/efeitos10t.jpg]
[www.trekbrasilis.org/classico/filmes/episodios/tmp/efeitos11t.jpg]
[www.trekbrasilis.org/classico/filmes/episodios/tmp/efeitos12t.jpg]
[www.trekbrasilis.org/classico/filmes/episodios/tmp/efeitos13t.jpg]
[www.trekbrasilis.org/classico/filmes/episodios/tmp/efeitos15t.jpg]
[www.trekbrasilis.org/classico/filmes/episodios/tmp/efeitos16t.jpg]
[www.trekbrasilis.org/classico/filmes/episodios/tmp/efeitos17t.jpg]
[www.trekbrasilis.org/classico/filmes/episodios/tmp/efeitos18t.jpg]
[www.trekbrasilis.org/classico/filmes/episodios/tmp/efeitos19t.jpg]
[www.trekbrasilis.org/classico/filmes/episodios/tmp/efeitos20t.jpg]
[www.trekbrasilis.org/classico/filmes/episodios/tmp/efeitos21t.jpg]
[www.trekbrasilis.org/classico/filmes/episodios/tmp/efeitos22t.jpg]
[www.trekbrasilis.org/classico/filmes/episodios/tmp/efeitos23t.jpg]
[www.trekbrasilis.org/classico/filmes/episodios/tmp/efeitos24t.jpg]
[www.trekbrasilis.org/classico/filmes/episodios/tmp/efeitos26t.jpg]
[www.trekbrasilis.org/classico/filmes/episodios/tmp/efeitos25t.jpg]
[www.trekbrasilis.org/classico/filmes/episodios/tmp/efeitos27t.jpg]
[www.trekbrasilis.org/classico/filmes/episodios/tmp/efeitos28t.jpg]
[www.trekbrasilis.org/classico/filmes/episodios/tmp/efeitos29t.jpg]
[www.trekbrasilis.org/classico/filmes/episodios/tmp/efeitos30t.jpg]
[www.trekbrasilis.org/classico/filmes/episodios/tmp/efeitos31t.jpg]
[www.trekbrasilis.org/classico/filmes/episodios/tmp/efeitos32t.jpg]
[www.trekbrasilis.org/classico/filmes/episodios/tmp/efeitos33t.jpg]
[www.trekbrasilis.org/classico/filmes/episodios/tmp/efeitos34t.jpg]
[www.trekbrasilis.org/classico/filmes/episodios/tmp/aventura.jpg]
[www.trekbrasilis.org/classico/filmes/episodios/tmp/aventura3.jpg]
[www.trekbrasilis.org/classico/filmes/episodios/tmp/aventura5.jpg]
[www.trekbrasilis.org/classico/filmes/episodios/twok/sinopse3.jpg]
[www.trekbrasilis.org/classico/filmes/episodios/twok/sinopse4.jpg]
[www.trekbrasilis.org/classico/filmes/episodios/twok/sinopse7.jpg]
[www.trekbrasilis.org/classico/filmes/episodios/twok/sinopse8.jpg]
[www.trekbrasilis.org/classico/filmes/episodios/twok/trivia.jpg]
[www.trekbrasilis.org/classico/filmes/episodios/twok/melhor10.jpg]
[www.trekbrasilis.org/classico/filmes/episodios/twok/dvd3.jpg]
[www.trekbrasilis.org/classico/filmes/episodios/twok/dvd5.jpg]
[www.trekbrasilis.org/classico/filmes/episodios/twok/dvd7.jpg]
[www.trekbrasilis.org/classico/filmes/episodios/twok/efeitos7.jpg]
[www.trekbrasilis.org/classico/filmes/episodios/twok/dvd9.jpg]
[www.trekbrasilis.org/classico/filmes/episodios/twok/dvd11.jpg]
[www.trekbrasilis.org/classico/filmes/episodios/twok/dvd13.jpg]
[www.trekbrasilis.org/classico/filmes/episodios/twok/dvd15.jpg]
[www.trekbrasilis.org/classico/filmes/episodios/twok/dvd17.jpg]
[www.trekbrasilis.org/classico/filmes/episodios/twok/trilha2.jpg]
[www.trekbrasilis.org/classico/filmes/episodios/twok/efeitos6.jpg]
[www.trekbrasilis.org/classico/filmes/episodios/twok/efeitos3.jpg]
[www.trekbrasilis.org/classico/filmes/episodios/twok/efeitos9.jpg]
[www.trekbrasilis.org/classico/filmes/episodios/twok/efeitos12.jpg]
[www.trekbrasilis.org/classico/filmes/episodios/twok/melhor5.jpg]
[www.trekbrasilis.org/classico/filmes/episodios/twok/melhor11.jpg]
[www.trekbrasilis.org/classico/filmes/episodios/twok/melhor8.jpg]
[www.trekbrasilis.org/classico/filmes/episodios/twok/melhor6.jpg]
[www.trekbrasilis.org/classico/filmes/episodios/twok/melhor3.jpg]
[www.trekbrasilis.org/classico/filmes/episodios/twok/index.html]
[www.trekbrasilis.org/classico/filmes/episodios/twok/index.html]
[www.trekbrasilis.org/classico/filmes/episodios/tsfs/citacoes.jpg]
[www.trekbrasilis.org/classico/filmes/episodios/tsfs/trilha.jpg]
[www.trekbrasilis.org/classico/filmes/episodios/tsfs/dvd.jpg]
[www.trekbrasilis.org/classico/filmes/episodios/tsfs/dvd2.jpg]
[www.trekbrasilis.org/classico/filmes/episodios/tsfs/dvd6.jpg]
[www.trekbrasilis.org/classico/filmes/episodios/tsfs/dvd8.jpg]
[www.trekbrasilis.org/classico/filmes/episodios/tsfs/dvd11.jpg]
[www.trekbrasilis.org/classico/filmes/episodios/tsfs/efeitos.jpg]
[www.trekbrasilis.org/classico/filmes/episodios/tsfs/efeitos3.jpg]
[www.trekbrasilis.org/classico/filmes/episodios/tsfs/efeitos7.jpg]
[www.trekbrasilis.org/classico/filmes/episodios/tsfs/efeitos10.jpg]
[www.trekbrasilis.org/classico/filmes/episodios/tsfs/efeitos6.jpg]
[www.trekbrasilis.org/classico/filmes/episodios/tsfs/efeitos15.jpg]
[www.trekbrasilis.org/classico/filmes/episodios/tsfs/efeitos16.jpg]
[www.trekbrasilis.org/classico/filmes/episodios/tsfs/sinopse1.jpg]
[www.trekbrasilis.org/classico/filmes/episodios/tsfs/sinopse4.jpg]
[www.trekbrasilis.org/classico/filmes/episodios/tsfs/sinopse5.jpg]
[www.trekbrasilis.org/classico/filmes/episodios/tsfs/sinopse9.jpg]
[www.trekbrasilis.org/classico/filmes/episodios/tvh/sinopse.jpg]
[www.trekbrasilis.org/classico/filmes/episodios/tvh/sinopse7.jpg]
[www.trekbrasilis.org/classico/filmes/episodios/tvh/sinopse13.jpg]
[www.trekbrasilis.org/classico/filmes/episodios/tvh/sinopse19.jpg]
[www.trekbrasilis.org/classico/filmes/episodios/tvh/sinopse6.jpg]
[www.trekbrasilis.org/classico/filmes/episodios/tvh/sinopse16.jpg]
[www.trekbrasilis.org/classico/filmes/episodios/tvh/sinopse18.jpg]
[www.trekbrasilis.org/classico/filmes/episodios/tvh/efeitos.jpg]
[www.trekbrasilis.org/classico/filmes/episodios/tvh/efeitos4.jpg]
[www.trekbrasilis.org/classico/filmes/episodios/tvh/efeitos3.jpg]
[www.trekbrasilis.org/classico/filmes/episodios/tvh/dvd.jpg]
[www.trekbrasilis.org/classico/filmes/episodios/tvh/dvd3.jpg]
[www.trekbrasilis.org/classico/filmes/episodios/tvh/dvd5.jpg]
[www.trekbrasilis.org/classico/filmes/episodios/tvh/dvd6.jpg]
[www.trekbrasilis.org/classico/filmes/episodios/tvh/dvd14.jpg]
[www.trekbrasilis.org/classico/filmes/episodios/tvh/dvd9.jpg]
[www.trekbrasilis.org/classico/filmes/episodios/tvh/dvd11.jpg]
[www.trekbrasilis.org/classico/filmes/episodios/tvh/dvd12.jpg]
[www.trekbrasilis.org/classico/filmes/episodios/tvh/amigos.jpg]
[www.trekbrasilis.org/classico/filmes/episodios/tvh/amigos1.jpg]
[www.trekbrasilis.org/classico/filmes/episodios/tvh/amigos2.jpg]
[www.trekbrasilis.org/classico/filmes/producao/generations4.jpg]
[www.trekbrasilis.org/classico/universo/quadrinhos/ev/smith2.jpg]
[www.trekbrasilis.org/classico/sn/rumoaoinfinito/1-5.jpg]
[www.trekbrasilis.org/classico/sn/rumoaoinfinito/1-7.jpg]
[www.trekbrasilis.org/classico/sn/rumoaoinfinito/1-8.jpg]
[www.trekbrasilis.org/classico/sn/rumoaoinfinito/7-9.jpg]
[www.trekbrasilis.org/classico/sn/rumoaoinfinito/8-6.jpg]
[www.trekbrasilis.org/classico/sn/rumoaoinfinito/8-10.jpg]
[www.trekbrasilis.org/classico/sn/rumoaoinfinito/8-11.jpg]
[www.trekbrasilis.org/classico/sn/rumoaoinfinito/8-13.jpg]
[www.trekbrasilis.org/classico/sn/rumoaoinfinito/8-14.jpg]
[www.trekbrasilis.org/classico/sn/rumoaoinfinito/8-19.jpg]
[www.trekbrasilis.org/classico/sn/rumoaoinfinito/8-20.jpg]
[www.trekbrasilis.org/classico/sn/rumoaoinfinito/8-21.jpg]
[www.trekbrasilis.org/classico/sn/rumoaoinfinito/8-22.jpg]
[www.trekbrasilis.org/classico/entretenimento/satiras/divagacoes06.htm]
[www.trekbrasilis.org/classico/entretenimento/satiras/CENA-05.jpg]
[www.trekbrasilis.org/classico/entretenimento/satiras/divagacoes05.htm]
[www.trekbrasilis.org/classico/entretenimento/satiras/lockwood15.jpg]
[www.trekbrasilis.org/classico/entretenimento/sevtrek/160602sevtrek.jpg]
[www.trekbrasilis.org/classico/tos/especiais/tirenosdaquiaic.mp3]
[www.trekbrasilis.org/classico/tos/especiais/dialogo.jpg]
[www.trekbrasilis.org/classico/tos/episodios/tos1801.jpg]
[www.trekbrasilis.org/classico/filmes/especiais/estreianemesisanalisecastanheira2.jpg]
[www.trekbrasilis.org/classico/filmes/especiais/estreianemesisanalisecastanheira4.jpg]
[www.trekbrasilis.org/classico/filmes/especiais/estreianemesisanalisecastanheira6.jpg]
[www.trekbrasilis.org/classico/filmes/especiais/estreianemesisanalisepenteriche2.jpg]
[www.trekbrasilis.org/classico/filmes/especiais/estreianemesisanalisepenteriche5.jpg]
[www.trekbrasilis.org/classico/filmes/especiais/estreianemesisanalisepenteriche3.jpg]
[www.trekbrasilis.org/classico/filmes/especiais/estreianemesisanalisepenteriche4.jpg]
[www.trekbrasilis.org/classico/filmes/especiais/estreianemesisanalisecsantos3.jpg]
[www.trekbrasilis.org/classico/filmes/especiais/entreianemesisesperando7.jpg]
[www.trekbrasilis.org/classico/tng/episodios/tng085c/sabrina54.jpg]
[www.trekbrasilis.org/classico/tng/episodios/tng085c/mel_torme.jpg]
[www.trekbrasilis.org/classico/tng/episodios/tng085c/torme.mp3]
[www.trekbrasilis.org/classico/tng/episodios/tng003c/naked3.jpg]
[www.trekbrasilis.org/classico/tng/episodios/tng011c/riker_q.jpg]
[www.trekbrasilis.org/classico/tng/episodios/tng013c/dimaggio8.jpg]
[www.trekbrasilis.org/classico/tng/episodios/tng013c/dimaggio9.jpg]
[www.trekbrasilis.org/classico/tng/episodios/tng013c/dimaggio11.jpg]
[www.trekbrasilis.org/classico/tng/episodios/tng024c/cb_7.jpg]
[www.trekbrasilis.org/classico/tng/episodios/tng024c/cb_10.jpg]
[www.trekbrasilis.org/classico/tng/episodios/tng028c/mapa.gif]
[www.trekbrasilis.org/classico/tng/episodios/tng028c/camping.jpg]
[www.trekbrasilis.org/classico/tng/episodios/tng102c/11_flood.jpg]
[www.trekbrasilis.org/classico/tng/episodios/tng109c/toccata1.mid]
[www.trekbrasilis.org/classico/tng/episodios/tng109c/isnt_she_lovely.mid]
[www.trekbrasilis.org/classico/tng/universo/tecnologia/transporte2.jpg]
[www.trekbrasilis.org/classico/tng/universo/tecnologia/dobra7.gif]
[www.trekbrasilis.org/classico/ds9/coluna/coluna10-6.jpg]
[www.trekbrasilis.org/classico/ds9/especiais/paraiso3.htm]
[www.trekbrasilis.org/classico/ds9/especiais/paraiso06.jpg]
[www.trekbrasilis.org/classico/ds9/especiais/paraiso07.jpg]
[www.trekbrasilis.org/classico/ds9/especiais/paraiso08.jpg]
[www.trekbrasilis.org/classico/ds9/especiais/paraiso09.jpg]
[www.trekbrasilis.org/classico/ds9/especiais/paraiso11.jpg]
[www.trekbrasilis.org/classico/ds9/especiais/paraiso3.htm]
[www.trekbrasilis.org/classico/ds9/especiais/paraiso4.htm]
[www.trekbrasilis.org/classico/filmes/episodios/tsfs/dvd4.jpg]
[www.trekbrasilis.org/classico/universo/quadrinhos/ev/smith6.jpg]
[www.trekbrasilis.org/classico/universo/quadrinhos/ev/ev06.jpg]
[www.trekbrasilis.org/classico/universo/quadrinhos/ev/capa11.jpg]
[www.trekbrasilis.org/classico/universo/quadrinhos/ev/capa14.jpg]
[www.trekbrasilis.org/classico/universo/quadrinhos/ev/capa16.jpg]
[www.trekbrasilis.org/classico/entretenimento/satiras/divagacoes07.htm]
[www.trekbrasilis.org/classico/entretenimento/satiras/CENA-06.jpg]
[www.trekbrasilis.org/classico/entretenimento/satiras/divagacoes06.htm]
[www.trekbrasilis.org/classico/filmes/especiais/estreianemesisanalisesilveira3.jpg]
[www.trekbrasilis.org/classico/tng/universo/tecnologia/holodeck2.jpg]
[www.trekbrasilis.org/classico/ds9/coluna/coluna10-4.jpg]
[www.trekbrasilis.org/classico/ds9/especiais/paraiso14.jpg]
[www.trekbrasilis.org/classico/ds9/especiais/paraiso4.htm]
[www.trekbrasilis.org/classico/universo/quadrinhos/ev/capa01.jpg]
[www.trekbrasilis.org/classico/universo/quadrinhos/ev/ev08.jpg]
[www.trekbrasilis.org/classico/universo/quadrinhos/ev/capa12.jpg]
[www.trekbrasilis.org/classico/universo/quadrinhos/ev/capa17.jpg]
[www.trekbrasilis.org/classico/entretenimento/satiras/CENA-07.jpg]
[www.trekbrasilis.org/classico/entretenimento/satiras/divagacoes07.htm]
[www.trekbrasilis.org/classico/tng/episodios/tng024c/casablanca_4.htm]
[www.trekbrasilis.org/classico/tng/episodios/tng024c/cb_19.jpg]
[www.trekbrasilis.org/classico/tng/episodios/tng024c/cb_20.jpg]
[www.trekbrasilis.org/classico/tng/episodios/tng024c/cb_21.jpg]
[www.trekbrasilis.org/classico/tng/episodios/tng024c/casablanca_4.htm]
[www.trekbrasilis.org/classico/ds9/especiais/paraiso12.jpg]
[www.trekbrasilis.org/classico/entretenimento/satiras/divagacoes08.htm]
[www.trekbrasilis.org/classico/entretenimento/satiras/divagacoes09.htm]
[www.trekbrasilis.org/classico/entretenimento/satiras/CENA-08.jpg]
[www.trekbrasilis.org/classico/entretenimento/satiras/divagacoes08.htm]
[www.trekbrasilis.org/classico/tng/episodios/tng024c/cb_22.jpg]
[www.trekbrasilis.org/classico/tng/episodios/tng024c/casablanca_5.htm]
[www.trekbrasilis.org/classico/tng/episodios/tng024c/cb_23.jpg]
[www.trekbrasilis.org/classico/tng/episodios/tng024c/cb_24.jpg]
[www.trekbrasilis.org/classico/tng/episodios/tng024c/cb_25.jpg]
[www.trekbrasilis.org/classico/tng/episodios/tng024c/cb_26.jpg]
[www.trekbrasilis.org/classico/tng/episodios/tng024c/cb_27.jpg]
[www.trekbrasilis.org/classico/tng/episodios/tng024c/casablanca_5.htm]
[www.trekbrasilis.org/classico/ds9/especiais/paraiso13.jpg]
[www.trekbrasilis.org/classico/entretenimento/satiras/divagacoes09.htm]
[www.trekbrasilis.org/classico/tng/episodios/tng024c/cb_28.jpg]
[www.trekbrasilis.org/classico/tng/episodios/tng024c/casablanca_6.htm]
[www.trekbrasilis.org/classico/tng/episodios/tng024c/cb_29.jpg]
[www.trekbrasilis.org/classico/tng/episodios/tng024c/cb_30.jpg]
[www.trekbrasilis.org/classico/tng/episodios/tng024c/cb_31.jpg]
[www.trekbrasilis.org/classico/tng/episodios/tng024c/cb_32.jpg]
[www.trekbrasilis.org/classico/tng/episodios/tng024c/cb_33.jpg]
[www.trekbrasilis.org/classico/tng/episodios/tng024c/casablanca_7.htm]
[www.trekbrasilis.org/classico/tng/episodios/tng024c/casablanca_6.htm]
[www.trekbrasilis.org/classico/entretenimento/satiras/divagacoes10.htm]
[www.trekbrasilis.org/classico/entretenimento/satiras/divagacoes11.htm]
[www.trekbrasilis.org/classico/entretenimento/satiras/CENA-10.jpg]
[www.trekbrasilis.org/classico/entretenimento/satiras/divagacoes10.htm]
[www.trekbrasilis.org/classico/entretenimento/satiras/CENA-09.jpg]
[www.trekbrasilis.org/classico/tng/episodios/tng024c/cb_37.jpg]
[www.trekbrasilis.org/classico/tng/episodios/tng024c/cb_38.jpg]
[www.trekbrasilis.org/classico/tng/episodios/tng024c/casablanca_8.htm]
[www.trekbrasilis.org/classico/tng/episodios/tng024c/casablanca_7.htm]
[www.trekbrasilis.org/classico/entretenimento/satiras/divagacoes12.htm]
[www.trekbrasilis.org/classico/entretenimento/satiras/CENA-11.jpg]
[www.trekbrasilis.org/classico/entretenimento/satiras/divagacoes11.htm]
[www.trekbrasilis.org/classico/tng/episodios/tng024c/cb_40.jpg]
[www.trekbrasilis.org/classico/tng/episodios/tng024c/cb_41.jpg]
[www.trekbrasilis.org/classico/tng/episodios/tng024c/cb_42.jpg]
[www.trekbrasilis.org/classico/tng/episodios/tng024c/casablanca_9.htm]
[www.trekbrasilis.org/classico/tng/episodios/tng024c/casablanca_8.htm]
[www.trekbrasilis.org/classico/entretenimento/satiras/divagacoes13.htm]
[www.trekbrasilis.org/classico/entretenimento/satiras/divagacoes12.htm]
[www.trekbrasilis.org/classico/tng/episodios/tng024c/cb_39.jpg]
[www.trekbrasilis.org/classico/tng/episodios/tng024c/cb_44.jpg]
[www.trekbrasilis.org/classico/tng/episodios/tng024c/cb_45.jpg]
[www.trekbrasilis.org/classico/tng/episodios/tng024c/cb_46.jpg]
[www.trekbrasilis.org/classico/tng/episodios/tng024c/cb_47.jpg]
[www.trekbrasilis.org/classico/tng/episodios/tng024c/cb_48.jpg]
[www.trekbrasilis.org/classico/tng/episodios/tng024c/cb_49.jpg]
[www.trekbrasilis.org/classico/tng/episodios/tng024c/casablanca_10.htm]
[www.trekbrasilis.org/classico/tng/episodios/tng024c/casablanca_9.htm]
[www.trekbrasilis.org/classico/entretenimento/satiras/divagacoes14.htm]
[www.trekbrasilis.org/classico/entretenimento/satiras/CENA-13.jpg]
[www.trekbrasilis.org/classico/entretenimento/satiras/divagacoes13.htm]
[www.trekbrasilis.org/classico/tng/episodios/tng024c/cb_35.jpg]
[www.trekbrasilis.org/classico/tng/episodios/tng024c/cb_36.jpg]
[www.trekbrasilis.org/classico/tng/episodios/tng024c/cb_51.jpg]
[www.trekbrasilis.org/classico/tng/episodios/tng024c/casablanca_10.htm]
[www.trekbrasilis.org/classico/entretenimento/satiras/divagacoes15.htm]
[www.trekbrasilis.org/classico/entretenimento/satiras/CENA-14.jpg]
[www.trekbrasilis.org/classico/entretenimento/satiras/divagacoes14.htm]
[www.trekbrasilis.org/classico/tng/episodios/tng024c/cb_43.jpg]
[www.trekbrasilis.org/classico/entretenimento/satiras/divagacoes16.htm]
[www.trekbrasilis.org/classico/entretenimento/satiras/CENA-15.jpg]
[www.trekbrasilis.org/classico/entretenimento/satiras/divagacoes15.htm]
[www.trekbrasilis.org/classico/entretenimento/satiras/CENA-12.jpg]
[www.trekbrasilis.org/classico/entretenimento/satiras/divagacoes17.htm]
[www.trekbrasilis.org/classico/entretenimento/satiras/CENA-16.jpg]
[www.trekbrasilis.org/classico/entretenimento/satiras/divagacoes16.htm]
[www.trekbrasilis.org/classico/tng/episodios/tng024c/cb_50.jpg]
[www.trekbrasilis.org/classico/entretenimento/satiras/CENA-17.jpg]
[www.trekbrasilis.org/classico/entretenimento/satiras/divagacoes17.htm]
[www.trekbrasilis.org/classico/entretenimento/satiras/divagacoes18.htm]
[www.trekbrasilis.org/classico/entretenimento/satiras/divagacoes19.htm]
[www.trekbrasilis.org/classico/entretenimento/satiras/CENA-18.jpg]
[www.trekbrasilis.org/classico/entretenimento/satiras/divagacoes18.htm]
[www.trekbrasilis.org/classico/entretenimento/satiras/divagacoes20.htm]
[www.trekbrasilis.org/classico/entretenimento/satiras/CENA-19.jpg]
[www.trekbrasilis.org/classico/entretenimento/satiras/divagacoes19.htm]
[www.trekbrasilis.org/classico/entretenimento/satiras/CENA-20.jpg]
[www.trekbrasilis.org/classico/entretenimento/satiras/divagacoes20.htm]
[www.trekbrasilis.org/classico/entretenimento/satiras/divagacoes21.htm]
[www.trekbrasilis.org/classico/entretenimento/satiras/divagacoes22.htm]
[www.trekbrasilis.org/classico/entretenimento/satiras/CENA-21.jpg]
[www.trekbrasilis.org/classico/entretenimento/satiras/divagacoes21.htm]
[www.trekbrasilis.org/classico/entretenimento/satiras/divagacoes23.htm]
[www.trekbrasilis.org/classico/entretenimento/satiras/CENA-22.jpg]
[www.trekbrasilis.org/classico/entretenimento/satiras/divagacoes22.htm]
[www.trekbrasilis.org/classico/entretenimento/satiras/divagacoes24.htm]
[www.trekbrasilis.org/classico/entretenimento/satiras/CENA-23.jpg]
[www.trekbrasilis.org/classico/entretenimento/satiras/divagacoes23.htm]
[www.trekbrasilis.org/classico/entretenimento/satiras/divagacoes25.htm]
[www.trekbrasilis.org/classico/entretenimento/satiras/CENA-24.jpg]
[www.trekbrasilis.org/classico/entretenimento/satiras/divagacoes24.htm]
[www.trekbrasilis.org/classico/entretenimento/satiras/divagacoes25.htm]
[www.trekbrasilis.org/classico/entretenimento/satiras/divagacoes26.htm]
[www.trekbrasilis.org/classico/entretenimento/satiras/divagacoes27.htm]
[www.trekbrasilis.org/classico/entretenimento/satiras/CENA-26.jpg]
[www.trekbrasilis.org/classico/entretenimento/satiras/divagacoes26.htm]
[www.trekbrasilis.org/classico/entretenimento/satiras/CENA-25.jpg]
[www.trekbrasilis.org/classico/entretenimento/satiras/CENA-27.jpg]
[www.trekbrasilis.org/classico/entretenimento/satiras/divagacoes27.htm]
[www.trekbrasilis.org/classico/entretenimento/satiras/divagacoes28.htm]
[www.trekbrasilis.org/classico/entretenimento/satiras/divagacoes29.htm]
[www.trekbrasilis.org/classico/entretenimento/satiras/CENA-28.jpg]
[www.trekbrasilis.org/classico/entretenimento/satiras/divagacoes28.htm]
[www.trekbrasilis.org/classico/entretenimento/satiras/divagacoes30.htm]
[www.trekbrasilis.org/classico/entretenimento/satiras/CENA-29.jpg]
[www.trekbrasilis.org/classico/entretenimento/satiras/divagacoes29.htm]
[www.trekbrasilis.org/classico/entretenimento/satiras/CENA-30.jpg]
[www.trekbrasilis.org/classico/entretenimento/satiras/divagacoes30.htm]
